0.029906727,0.19669063,0.10917091,-0.04632483,0.31361723,-0.64830446,0.06951029
0.06365146,0.18132462,0.10036426,-0.06926659,0.36027452,-0.639967,0.073704526
0.105114855,0.16719359,0.09199786,-0.09699385,0.40632886,-0.62304705,0.07824628
0.15528798,0.14993726,0.084641926,-0.12197755,0.44934466,-0.5984744,0.07845293
0.20219666,0.12685663,0.07864586,-0.14212453,0.48780712,-0.5669234,0.075909
0.24787873,0.10997026,0.07471203,-0.16121222,0.5179186,-0.52851486,0.07102289
0.2915173,0.09134482,0.06946343,-0.1803793,0.54345876,-0.48100936,0.054721296
0.32980198,0.068524644,0.0646487,-0.20203048,0.55949914,-0.42294845,0.036912844
0.3627371,0.045645624,0.059716858,-0.22360359,0.57045484,-0.35647467,0.030119859
0.38993213,0.026382752,0.055044886,-0.24233246,0.5679149,-0.2765071,0.038035866
0.41078892,0.0150748715,0.049014173,-0.2588973,0.5479617,-0.19195715,0.04833883
0.42505968,0.0057866797,0.039842382,-0.26839858,0.5203816,-0.11348293,0.066247225
0.43281788,-0.0030889884,0.030922338,-0.27643955,0.48460883,-0.047576077,0.090086326
0.4340978,-0.0071698874,0.022040214,-0.27918804,0.44190356,0.013644632,0.114622355
0.42901504,-0.008571833,0.015962541,-0.27827775,0.39255288,0.06353041,0.13710254
0.41812298,-0.007972285,0.016574189,-0.27277797,0.33710298,0.111293316,0.1641503
0.4032473,-0.00398843,0.01729095,-0.26218885,0.2729638,0.16725445,0.19373772
0.38259903,0.00010471791,0.015502609,-0.24500045,0.20783594,0.22573802,0.22822076
0.35735843,0.0033319294,0.012037769,-0.22314432,0.14881426,0.28195405,0.26481682
0.33132443,0.0034950823,0.007830143,-0.1969083,0.0940291,0.3305484,0.2982286
0.29866347,0.0012846589,0.0037980229,-0.16518968,0.054107767,0.3686044,0.3287853
0.25791326,-0.003111817,-0.0010853782,-0.12835726,0.030579858,0.39416042,0.349763
0.21511579,-0.0073136464,-0.006166503,-0.09114133,0.00097527355,0.40666053,0.36535183
0.17122728,-0.013227444,-0.01202473,-0.049982738,-0.024985962,0.40618187,0.37597066
0.12531495,-0.015758917,-0.01996874,-0.010419117,-0.052594177,0.38955498,0.37499085
0.0819575,-0.018125057,-0.027571999,0.022599544,-0.08575564,0.3615577,0.36419347
0.04428462,-0.022389285,-0.035775334,0.053282607,-0.119162686,0.32289404,0.3461272
0.010260589,-0.029344931,-0.045486122,0.077712595,-0.14448386,0.27889305,0.31531018
-0.015769958,-0.041833766,-0.05676098,0.09740764,-0.16807422,0.22799605,0.26014018
-0.037308834,-0.058225222,-0.069462255,0.115154654,-0.19025147,0.17750418,0.19886509
-0.060817696,-0.08001641,-0.083127886,0.1325335,-0.20748165,0.12335853,0.13805476
-0.097689606,-0.10778283,-0.098413855,0.15016857,-0.21761802,0.06717418,0.08578022
-0.1400074,-0.13665785,-0.11468981,0.1617889,-0.22415867,0.026653603,0.04098533
-0.17893395,-0.16432315,-0.13139434,0.16675507,-0.22916043,-0.01430285,-0.004818797
-0.21279356,-0.19079036,-0.14874232,0.16695073,-0.23004866,-0.059254028,-0.053176403
-0.24326536,-0.21204537,-0.16977385,0.16409883,-0.23064247,-0.10066862,-0.09457046
-0.2758569,-0.22611593,-0.18899792,0.15347183,-0.22800338,-0.1422211,-0.13785633
-0.30178174,-0.23538463,-0.20588702,0.13614577,-0.2214022,-0.18085161,-0.17828986
-0.32128045,-0.23929326,-0.21981579,0.11415622,-0.21371865,-0.21782917,-0.21564162
-0.32967976,-0.23744734,-0.22956258,0.094301105,-0.2052949,-0.2589484,-0.24355593
-0.3292195,-0.23082037,-0.23494455,0.07471724,-0.19686145,-0.29386538,-0.2611093
-0.31806287,-0.21816768,-0.2357218,0.055546984,-0.18819562,-0.31786704,-0.2681916
-0.29832503,-0.20351578,-0.23735926,0.036988426,-0.17973915,-0.33154696,-0.2666896
-0.2690672,-0.18667242,-0.23664302,0.020166282,-0.17007226,-0.33560604,-0.25929478
-0.23199725,-0.16913679,-0.23578823,0.0036837822,-0.15632415,-0.33007145,-0.2444134
-0.19433936,-0.15175758,-0.2351011,-0.012200981,-0.13704297,-0.31594422,-0.2250982
-0.15705189,-0.13577849,-0.23141932,-0.022859659,-0.1145254,-0.29497215,-0.20404273
-0.12481841,-0.12285805,-0.22246379,-0.037945025,-0.0952399,-0.2687379,-0.17717725
-0.09997194,-0.11399396,-0.2085008,-0.051616944,-0.07062694,-0.24043995,-0.15099937
-0.078755565,-0.10892605,-0.19487482,-0.05803675,-0.040452085,-0.21151468,-0.13541496
-0.061772652,-0.10653751,-0.18276653,-0.057504628,-0.005825989,-0.18202186,-0.12971117
-0.049191006,-0.10588089,-0.16938585,-0.05033058,0.023750372,-0.14953002,-0.13015379
-0.04217039,-0.10814449,-0.15420035,-0.03071871,0.048652634,-0.119420044,-0.1364215
-0.039646663,-0.1107184,-0.13715704,-0.0017359275,0.073100135,-0.09309938,-0.14919293
-0.038868286,-0.10925072,-0.11801134,0.03048494,0.09136199,-0.0664931,-0.17745134
-0.041146047,-0.10915253,-0.09655294,0.06417619,0.10804195,-0.039291643,-0.21389231
-0.04635945,-0.10369831,-0.07104699,0.09853555,0.12701024,-0.020827174,-0.25410277
-0.054650046,-0.09040171,-0.04554653,0.13907617,0.14506572,0.0014698133,-0.29414696
-0.05610598,-0.070228636,-0.018643871,0.17772053,0.15844434,0.027972912,-0.3284268
-0.0628073,-0.046526648,0.009096637,0.21260017,0.1717873,0.06375346,-0.35775456
-0.07142318,-0.020261709,0.032166377,0.2425312,0.18397021,0.09784976,-0.38776514
-0.078762345,0.010734633,0.047578774,0.26767746,0.1857598,0.13758916,-0.4211119
-0.09399689,0.04594949,0.05278134,0.28764248,0.18274045,0.16071537,-0.45124522
-0.1097661,0.085056886,0.068482265,0.30142802,0.17255314,0.1752052,-0.47509202
-0.12822708,0.12163471,0.08847933,0.30998608,0.15394998,0.1816651,-0.49744007
-0.1474565,0.14968486,0.11194682,0.31314138,0.13302907,0.18147805,-0.52158606
-0.16354743,0.17599328,0.13715464,0.3132887,0.10698774,0.17742649,-0.5405406
-0.1759223,0.20433755,0.15522778,0.30779254,0.07732682,0.17082253,-0.5548682
-0.18394735,0.23131444,0.16794029,0.30380845,0.043052305,0.16207978,-0.56199026
-0.18619591,0.26039225,0.18124276,0.29812706,0.007840954,0.15310141,-0.56133735
-0.1826694,0.2822522,0.19283772,0.2912713,-0.025131643,0.14712796,-0.5480305
-0.17255548,0.2966268,0.20008652,0.28699946,-0.05264076,0.144124,-0.5206834
-0.15831417,0.30481142,0.20917556,0.28523698,-0.088847004,0.14440826,-0.4861137
-0.13781658,0.30836546,0.22138426,0.27724248,-0.120313935,0.14925873,-0.44584933
-0.11052417,0.30961937,0.23526064,0.26588255,-0.15118328,0.16027021,-0.39812186
-0.08039627,0.30786788,0.25301117,0.25798318,-0.19128123,0.17609197,-0.34594783
-0.04798291,0.30463088,0.27080235,0.25147244,-0.24979833,0.19986773,-0.2882578
-0.016610444,0.30256426,0.28798625,0.25324547,-0.29600856,0.23442769,-0.23587099
0.013855539,0.30296034,0.30099118,0.25776303,-0.33722755,0.27419984,-0.18830574
0.041549988,0.30731505,0.31163695,0.2581078,-0.37264872,0.3169219,-0.14115058
0.06413008,0.3171546,0.31619465,0.2584973,-0.4032692,0.3674786,-0.091195196
0.07725374,0.33197796,0.31638342,0.26254207,-0.4171683,0.42116618,-0.04025112
0.08940359,0.3525017,0.31146812,0.27047274,-0.42053154,0.46996328,0.012016773
0.09766354,0.37442356,0.30056664,0.26994008,-0.417168,0.51035243,0.070652165
0.09734875,0.39334965,0.28400266,0.2731346,-0.4049376,0.5393159,0.09945045
0.08727744,0.41442543,0.26080287,0.27423552,-0.3889376,0.5543817,0.13559498
0.069045946,0.43242812,0.23033866,0.26280472,-0.37047783,0.55588293,0.16895734
0.046703823,0.4482268,0.19140011,0.24608363,-0.3557184,0.54163754,0.20006908
0.022698887,0.45933342,0.15146838,0.22815835,-0.3398967,0.513369,0.22544575
-0.00643339,0.46509117,0.118622705,0.208369,-0.32266274,0.47710586,0.24406184
-0.039224885,0.4621371,0.09042659,0.18245423,-0.30697986,0.4329549,0.25714004
-0.07090265,0.4551438,0.064873986,0.15094279,-0.29744717,0.3900025,0.27002472
-0.097303815,0.44134533,0.031080835,0.11524722,-0.2934561,0.34366485,0.27999046
-0.121437125,0.4195854,0.00604441,0.07596156,-0.29399046,0.30184075,0.288873
-0.14251867,0.3935392,-0.014947668,0.034835424,-0.29748648,0.26663065,0.29747725
-0.15630338,0.36506993,-0.029033624,-0.0039553866,-0.30548728,0.23978281,0.3055021
-0.16398838,0.33480817,-0.035844274,-0.044240918,-0.3182122,0.22127214,0.3217417
-0.1606513,0.3039922,-0.033923917,-0.09286113,-0.3371806,0.2118563,0.35298157
-0.14763394,0.27900577,-0.02270922,-0.13958102,-0.3592669,0.21164113,0.39012614
-0.12685901,0.25858694,-0.0037755147,-0.18690383,-0.3835998,0.22885704,0.4314727
-0.098996855,0.24409734,0.02551844,-0.2338224,-0.41612908,0.26748854,0.46580836
-0.06613553,0.2279868,0.049823705,-0.29412633,-0.4563814,0.32215047,0.4990643
-0.032717988,0.20846029,0.09388308,-0.35428923,-0.49507692,0.3935743,0.526835
0.0028742254,0.1847245,0.14581454,-0.41635358,-0.5296931,0.4751507,0.55613494
0.041637473,0.15681206,0.19350004,-0.47564965,-0.5545088,0.56731546,0.58334684
0.08036808,0.13000946,0.23864555,-0.5319278,-0.5718616,0.66446376,0.6079663
0.11944129,0.09880845,0.28440225,-0.5905319,-0.58253205,0.76387835,0.62907505
0.16232833,0.06625512,0.34154168,-0.6491884,-0.58645266,0.8594526,0.64672303
0.20748103,0.032536387,0.40603316,-0.7045967,-0.5824834,0.94460124,0.6590296
0.24975741,0.0005968064,0.4681868,-0.7578313,-0.571755,1.0145881,0.6674895
0.29461163,-0.036741856,0.52240586,-0.80541366,-0.55850416,1.0648566,0.67215955
0.34608313,-0.07407255,0.5687605,-0.84759265,-0.5424347,1.0951747,0.6729584
0.39878574,-0.10579981,0.6055914,-0.88306427,-0.52149826,1.1045225,0.66852176
0.44830936,-0.13151143,0.6321144,-0.90975213,-0.49793568,1.0896149,0.6555916
0.49468133,-0.15389536,0.64558715,-0.9274379,-0.4689872,1.0491693,0.6369628
0.53598845,-0.17172937,0.64418507,-0.9351001,-0.4380236,0.98382926,0.6103412
0.5700224,-0.18724295,0.62706137,-0.9290658,-0.40020418,0.89888346,0.5693314
0.5973535,-0.19996391,0.58859277,-0.90781134,-0.35350308,0.79985595,0.5222628
0.61499,-0.21026342,0.529913,-0.8696694,-0.29104158,0.68912345,0.45834586
0.620776,-0.22148184,0.45401007,-0.81612676,-0.22238705,0.5712532,0.38734367
0.61320126,-0.2284431,0.35908568,-0.74900466,-0.15416873,0.46912202,0.30633718
0.59254074,-0.22831233,0.24611427,-0.6654373,-0.08601733,0.3664111,0.22205113
0.55719346,-0.2234135,0.12898177,-0.56659687,-0.023416676,0.26746285,0.15423012
0.50195855,-0.21729192,0.02716431,-0.4529821,0.027399398,0.15758054,0.08991105
0.42866918,-0.21767987,-0.054680765,-0.33026773,0.059167907,0.04022099,0.036998913
0.33858266,-0.22653104,-0.15047954,-0.20717451,0.10982907,-0.05988971,-0.01619865
0.23714653,-0.23763838,-0.2606907,-0.083322644,0.17456771,-0.15027815,-0.07548529
0.14106065,-0.25544572,-0.3850549,0.037360575,0.24361327,-0.25680262,-0.13715635
0.06059929,-0.279306,-0.51700914,0.12624471,0.3206082,-0.38721564,-0.20781794
-0.038561463,-0.29968262,-0.649375,0.23051643,0.40059116,-0.51286864,-0.28762975
-0.12859505,-0.32404792,-0.771756,0.34049153,0.47506714,-0.623972,-0.36656138
-0.22695997,-0.34337997,-0.8769692,0.4530086,0.5470522,-0.7230669,-0.44161943
-0.33168888,-0.3557052,-0.971388,0.5694806,0.6102031,-0.812096,-0.5140954
-0.4519218,-0.36007196,-1.0469942,0.6700037,0.65935695,-0.88962036,-0.57325685
-0.5761203,-0.3572076,-1.1044394,0.75346035,0.695987,-0.95360327,-0.61748064
-0.68668836,-0.34838074,-1.1363572,0.82708806,0.7271989,-0.9992678,-0.648335
-0.77671194,-0.3316251,-1.1455811,0.88233703,0.7469549,-1.0302144,-0.66468
-0.8437825,-0.3071102,-1.1331089,0.9187076,0.7561159,-1.0461481,-0.6702527
-0.88743556,-0.27687728,-1.1020141,0.9335822,0.7498449,-1.0487536,-0.6747787
-0.9060175,-0.23895591,-1.053291,0.93271,0.7306443,-1.039034,-0.66348636
-0.90112984,-0.20098808,-0.9876982,0.9140428,0.70108855,-1.0143983,-0.63625467
-0.87033415,-0.1584666,-0.903264,0.88109547,0.66480374,-0.9777198,-0.59297466
-0.8156162,-0.11466559,-0.80779034,0.83127916,0.62265396,-0.9311959,-0.536191
-0.7410377,-0.07308002,-0.70134807,0.76855177,0.57632244,-0.8721298,-0.46708646
-0.6494623,-0.039301828,-0.5853634,0.70242125,0.52475953,-0.8059261,-0.3873919
-0.5485759,-0.004340358,-0.46759993,0.6295659,0.47496197,-0.7362957,-0.30194974
-0.44338676,0.025757186,-0.35567975,0.55377793,0.42639965,-0.6622461,-0.21750346
-0.34492046,0.056323662,-0.2494705,0.46461898,0.3892193,-0.58637,-0.14008725
-0.25416526,0.08879499,-0.15463033,0.371648,0.35948434,-0.5097288,-0.08393109
-0.17067435,0.11056213,-0.08339739,0.27859607,0.3363033,-0.43010297,-0.041352987
-0.10076586,0.13142149,-0.03842807,0.18678875,0.31389353,-0.36275023,0.0068164915
-0.050140955,0.14972998,-0.0021514967,0.12398979,0.29294968,-0.30572432,0.058886223
-0.005845435,0.15847157,0.024332635,0.07749455,0.27712873,-0.25527966,0.10200113
0.036178067,0.16677415,0.053981774,0.030158928,0.26764354,-0.22007337,0.14691153
0.07836075,0.17034538,0.084233075,-0.027376506,0.26464078,-0.1965318,0.19071695
0.11135175,0.1658914,0.099652715,-0.07518512,0.27041087,-0.18346867,0.22049707
0.13507915,0.15903555,0.10417913,-0.113553405,0.2811372,-0.18047538,0.23645005
0.14610325,0.14801918,0.0973951,-0.14192906,0.2909807,-0.18687642,0.23840451
0.14545032,0.13279524,0.07989468,-0.1602073,0.3038861,-0.20078236,0.2293829
0.13727838,0.11379661,0.056905523,-0.16902384,0.32232112,-0.21879593,0.21206713
0.12630546,0.08875428,0.031016313,-0.16912563,0.33771953,-0.24242884,0.18740715
0.11405203,0.058868617,0.004702851,-0.16724277,0.34965512,-0.27521062,0.15724757
0.10383716,0.028003648,-0.018470354,-0.15821423,0.36084226,-0.31594822,0.12837607
0.09409605,-0.0001726523,-0.04713285,-0.1416506,0.36898968,-0.36637175,0.09983784
0.08696239,-0.020083793,-0.071565896,-0.11471528,0.37515178,-0.41885057,0.06757648
0.082791075,-0.03777276,-0.09384897,-0.092421144,0.3781521,-0.46596062,0.041497134
0.08254305,-0.049083233,-0.11336525,-0.071583495,0.37691587,-0.5107292,0.0041579977
0.0872361,-0.061293714,-0.13226861,-0.045736898,0.371587,-0.54604495,-0.026688933
0.09658859,-0.07103479,-0.14742552,-0.01524286,0.3632858,-0.57194406,-0.03472598
0.1103451,-0.08166055,-0.16101913,0.017498262,0.35248044,-0.5874973,-0.0397543
0.12737133,-0.094363496,-0.17086583,0.046443682,0.3358047,-0.59366834,-0.042497173
0.145219,-0.10856464,-0.17641628,0.080058485,0.3205155,-0.59129536,-0.044940084
0.16395704,-0.12095931,-0.17854112,0.114916965,0.306742,-0.5795172,-0.049476445
0.18211973,-0.12870197,-0.17784554,0.16143201,0.29105848,-0.5577628,-0.056015357
0.19829878,-0.12811069,-0.17499131,0.20664108,0.27782074,-0.52900964,-0.065341026
0.20970708,-0.12449196,-0.17124599,0.254187,0.26701832,-0.4959795,-0.07513249
0.21614918,-0.11856745,-0.16900802,0.29663223,0.26057854,-0.459396,-0.0895409
0.21554655,-0.11312907,-0.16713965,0.33558357,0.25821078,-0.4240719,-0.100948334
0.20969903,-0.10537444,-0.16306078,0.36939734,0.25963953,-0.38935566,-0.11272043
0.20021412,-0.097004235,-0.1568263,0.40052608,0.26294842,-0.35123885,-0.124524415
0.18416649,-0.09244942,-0.15436156,0.4315976,0.27125406,-0.31515566,-0.13446227
0.16002935,-0.09827483,-0.15376683,0.4598812,0.283569,-0.2832235,-0.1489878
0.13103884,-0.11345384,-0.15544961,0.48067617,0.29364222,-0.25653046,-0.17228469
0.09943327,-0.13583371,-0.15908512,0.49581042,0.30219048,-0.23616898,-0.20643678
0.059055965,-0.16245174,-0.16645327,0.50438243,0.3049124,-0.22332785,-0.24211445
0.018839039,-0.18846238,-0.17279598,0.50983614,0.3037028,-0.2149384,-0.27619347
-0.013955124,-0.21609716,-0.17923042,0.5087199,0.29250622,-0.20571825,-0.30595574
-0.05232016,-0.24393526,-0.18578926,0.50217503,0.27549422,-0.20116484,-0.3258941
-0.08907979,-0.26649112,-0.18967035,0.49083528,0.256512,-0.2008493,-0.33393472
-0.1283978,-0.2787736,-0.18985704,0.47307587,0.23583975,-0.20550394,-0.33688447
-0.1680536,-0.28512272,-0.18597478,0.44887516,0.21502426,-0.21307987,-0.33380046
-0.2056711,-0.28294003,-0.17857382,0.41836816,0.19083783,-0.21853197,-0.33092228
-0.23596206,-0.27099,-0.16567504,0.38331628,0.15940593,-0.22582,-0.33141473
-0.26093104,-0.2497072,-0.14728245,0.34123114,0.12985608,-0.23268479,-0.32793504
-0.27744976,-0.22076946,-0.12573971,0.29612777,0.10088528,-0.24172497,-0.31374735
-0.2859028,-0.18492621,-0.10455324,0.24942899,0.07154352,-0.25181645,-0.29408225
-0.28572467,-0.1469775,-0.07864207,0.20351297,0.044328075,-0.26248008,-0.27116752
-0.27607095,-0.10929635,-0.051526308,0.16353515,0.019819938,-0.272759,-0.24972185
-0.25628456,-0.07266203,-0.022443593,0.13426973,0.0018526986,-0.28222376,-0.22948262
-0.23375612,-0.046096448,0.0018803403,0.10788794,-0.0137789175,-0.28963655,-0.21032974
-0.21054801,-0.024268258,0.02297705,0.08895789,-0.034426652,-0.2973899,-0.19045037
-0.18669888,-0.007271342,0.047889013,0.070756406,-0.054079227,-0.29743665,-0.16164702
-0.17034408,0.0018247068,0.07303531,0.05043882,-0.06896355,-0.2925682,-0.13604502
-0.15881279,0.0015757233,0.08773536,0.036404327,-0.075120576,-0.28999084,-0.12242228
-0.14885986,-0.004622884,0.0935566,0.0272845,-0.07566243,-0.2918797,-0.11455499
-0.14318085,-0.014544416,0.10020241,0.02049626,-0.07518753,-0.29617453,-0.10901952
-0.14118099,-0.025181167,0.10411947,0.017787732,-0.07072065,-0.3037597,-0.104077
-0.14248762,-0.038026363,0.10314366,0.018694185,-0.060044266,-0.31119406,-0.10253419
-0.14627641,-0.055460997,0.09988241,0.017451484,-0.042957358,-0.31656414,-0.10248165
-0.150572,-0.07354344,0.09498136,0.014415841,-0.021959856,-0.317829,-0.10629669
-0.15360337,-0.088839665,0.08870299,0.012006728,0.0012583211,-0.3131557,-0.1096967
-0.15451404,-0.10252276,0.08019937,0.0031189937,0.021374516,-0.30180785,-0.11151819
-0.15303427,-0.11236787,0.07227966,-0.004536583,0.039347157,-0.28292322,-0.10800181
-0.14484778,-0.116715014,0.06868479,-0.014397882,0.05158358,-0.253212,-0.09974402
-0.1293309,-0.118142106,0.0692089,-0.03476253,0.051714696,-0.2023575,-0.08710827
-0.105542086,-0.116350405,0.07364819,-0.062201936,0.057473123,-0.13794708,-0.07588637
-0.07816077,-0.11230211,0.084779896,-0.088946015,0.06519042,-0.080649905,-0.058712363
-0.046210118,-0.104812354,0.09677468,-0.117338076,0.06638898,-0.024090536,-0.03000895
-0.012287982,-0.08800678,0.10505031,-0.14606565,0.06487542,0.024761926,0.0066490322
0.03214004,-0.06542976,0.11649257,-0.18010148,0.06467679,0.064895324,0.05065056
0.082271546,-0.039515812,0.13604721,-0.23048426,0.059246995,0.12557003,0.1038716
0.1301585,-0.008602522,0.16138852,-0.28798842,0.05205727,0.2071822,0.16488573
0.18488845,0.023922265,0.1847187,-0.34879982,0.043919407,0.29847044,0.21918094
0.23904896,0.0529743,0.20724453,-0.40387744,0.03632244,0.3868607,0.271336
0.29080927,0.08887911,0.22142479,-0.4516884,0.023388863,0.46827883,0.3145492
0.33604336,0.13802516,0.23034994,-0.49028072,0.0025172085,0.5392158,0.3608841
0.3729265,0.19422843,0.23429427,-0.51869434,-0.015639313,0.5970134,0.40054023
0.40129045,0.25420552,0.23591903,-0.53540355,-0.031799294,0.64013255,0.42753264
0.4190831,0.32003212,0.23504011,-0.542116,-0.053013198,0.6677786,0.44227222
0.4269594,0.38286436,0.23116602,-0.5368467,-0.0772792,0.67999196,0.45190609
0.42600802,0.44372964,0.22546855,-0.51953155,-0.0989011,0.67735076,0.4544803
0.41799453,0.49739802,0.21899785,-0.49001867,-0.11887533,0.6619483,0.45258605
0.4029185,0.54588985,0.2100279,-0.4507603,-0.13754505,0.6355758,0.44409218
0.38194785,0.5896442,0.19894691,-0.40484762,-0.15582752,0.60018516,0.4296735
0.35616,0.6293423,0.18650952,-0.3542356,-0.17345113,0.5567447,0.40988284
0.32808337,0.6623088,0.17288402,-0.2967983,-0.1836628,0.5065978,0.38411236
0.30138105,0.6828921,0.16005749,-0.2350112,-0.18659016,0.44964325,0.3546384
0.27202636,0.6922165,0.14741638,-0.17591399,-0.18241894,0.38792473,0.3191692
0.2414796,0.6897253,0.13353814,-0.12087944,-0.16927683,0.32362658,0.2828578
0.20648298,0.6746286,0.12507625,-0.07455845,-0.14820874,0.2591432,0.24020451
0.17033732,0.6465943,0.11551373,-0.034508936,-0.12577027,0.19510943,0.19065166
0.13641521,0.60638547,0.10932974,-0.00797689,-0.10426485,0.13587418,0.1401512
0.102148935,0.552325,0.10443903,0.014071727,-0.080225356,0.08604039,0.09138644
0.06210344,0.48647344,0.102304846,0.03511127,-0.05023945,0.054451603,0.043027364
0.019303735,0.40978193,0.102963135,0.0573847,-0.026780106,0.03556049,-0.007855102
-0.025267951,0.3298415,0.10513641,0.07889871,-0.0013446286,0.021768011,-0.06796226
-0.07554685,0.2465025,0.115525134,0.09275578,0.029907487,0.014838155,-0.11147191
-0.121874966,0.16850652,0.13068447,0.09318954,0.05311,0.012071408,-0.14403367
-0.16370726,0.09282225,0.14488953,0.09640078,0.065473214,0.01098267,-0.18108699
-0.2028561,0.036416367,0.15635459,0.10309568,0.07707374,0.008466411,-0.22837228
-0.23742947,-0.0083135255,0.16485304,0.10704911,0.09250025,0.0074948817,-0.28326586
-0.26398394,-0.056508936,0.1701732,0.106162876,0.11018764,0.008334283,-0.31606853
-0.28199485,-0.10096935,0.17129044,0.104720175,0.12066648,0.013710603,-0.3444634
-0.29340777,-0.14049917,0.16790617,0.10011661,0.12349439,0.02369377,-0.3627579
-0.29697868,-0.16739045,0.1596346,0.09317063,0.118071765,0.04112952,-0.370023
-0.29081756,-0.18474682,0.14907798,0.08188033,0.103627786,0.0688321,-0.36845836
-0.275844,-0.18714717,0.13885926,0.06795964,0.08014375,0.10396299,-0.3433138
-0.25283957,-0.17628174,0.12738967,0.050167307,0.04674994,0.14712803,-0.32184032
-0.21938118,-0.1556716,0.11335507,0.030112352,0.005846627,0.19791445,-0.28823486
-0.18543977,-0.12942268,0.09670931,0.007844,-0.027791172,0.26012802,-0.24175146
-0.15378913,-0.09728459,0.084395245,-0.020134568,-0.0752816,0.32497445,-0.1847867
-0.119359784,-0.05720636,0.07414774,-0.04772024,-0.135923,0.3925325,-0.124302596
-0.086308785,-0.015335217,0.06954154,-0.064571545,-0.21783987,0.46914586,-0.07137965
-0.053156115,0.029953219,0.06601534,-0.07636583,-0.30494162,0.54588544,-0.022695579
-0.019343913,0.07677619,0.06273497,-0.08792679,-0.38981456,0.6196072,0.027293105
0.029820167,0.12788144,0.059413146,-0.09820551,-0.4685848,0.6912611,0.074714854
0.0853755,0.16718413,0.056783773,-0.1088517,-0.5362986,0.7579774,0.12428538
0.15788707,0.20158212,0.0547378,-0.11759813,-0.590078,0.81360537,0.16918674
0.24571338,0.23114087,0.051114306,-0.12664476,-0.62701994,0.855668,0.20294774
0.3325539,0.24914683,0.043663826,-0.13752317,-0.6477791,0.88213295,0.2469432
0.40526065,0.25480604,0.034242336,-0.14637232,-0.65183705,0.89257467,0.29373476
0.46600184,0.24735503,0.020412058,-0.1346359,-0.6390408,0.8883284,0.33507162
0.51918906,0.22803245,0.0046194196,-0.11499044,-0.60732424,0.8658065,0.36139247
0.5606049,0.19630449,-0.018858723,-0.09593928,-0.5600313,0.8258115,0.37594268
0.58952296,0.15556864,-0.04444714,-0.074135154,-0.49789813,0.7698492,0.3767233
0.6015266,0.107078776,-0.07611656,-0.04646096,-0.4246182,0.6950794,0.36831215
0.5939518,0.064101025,-0.10053961,-0.01427922,-0.34545162,0.6094465,0.35216287
0.5718058,0.019071706,-0.12969685,0.01865673,-0.2607045,0.5148296,0.3282408
0.53630644,-0.023612194,-0.15460342,0.051728647,-0.17340007,0.41588563,0.29206926
0.4888629,-0.057957117,-0.1761933,0.0848127,-0.092340745,0.32346308,0.25110772
0.4306797,-0.070929915,-0.19256014,0.115553096,-0.03084153,0.23896316,0.20340478
0.36457995,-0.091009416,-0.20481578,0.1398556,0.01621563,0.1655404,0.15430254
0.29209718,-0.11611056,-0.21038961,0.15894409,0.05921513,0.09890927,0.10480994
0.2235046,-0.14261584,-0.20891714,0.1673343,0.09884801,0.050474264,0.06360786
0.16047883,-0.16893274,-0.20141393,0.16782813,0.12337409,-0.0041149706,0.017505854
0.10352391,-0.19392966,-0.18702286,0.16203848,0.13789776,-0.055813655,-0.03422746
0.0611431,-0.21873578,-0.16643745,0.15150881,0.14834978,-0.10606425,-0.087991774
0.02321428,-0.24048555,-0.14074177,0.13985306,0.1553137,-0.14899853,-0.12731718
-0.005844526,-0.25837982,-0.11219457,0.12547684,0.155767,-0.18048713,-0.15718576
-0.033878736,-0.27290088,-0.08535406,0.10576126,0.14735714,-0.20191973,-0.18135387
-0.06540073,-0.2805972,-0.05749017,0.08720298,0.13128302,-0.21587285,-0.20288816
-0.09493206,-0.28196388,-0.027260423,0.06624617,0.1090672,-0.22382605,-0.21709248
-0.12422379,-0.27846506,-7.5273216e-05,0.046046138,0.08500754,-0.2247737,-0.22581515
-0.1500996,-0.27038717,0.025835127,0.027584422,0.05698382,-0.22096562,-0.22919336
-0.1711415,-0.25827634,0.05098339,0.009832557,0.030671343,-0.21288183,-0.22559017
-0.18977049,-0.24157344,0.071967736,-0.005388895,0.007345028,-0.20082223,-0.21703479
-0.2036463,-0.21881385,0.08636662,-0.019417739,-0.01159095,-0.18634427,-0.20687535
-0.21130452,-0.19235738,0.10285112,-0.029784385,-0.022149429,-0.16936928,-0.19309965
-0.21189222,-0.16414045,0.12250132,-0.038504522,-0.027403459,-0.15096128,-0.17541099
-0.20729727,-0.13608134,0.14433566,-0.048967686,-0.026962124,-0.13122773,-0.15114212
-0.19865203,-0.11015117,0.1618246,-0.059640903,-0.019574396,-0.11137094,-0.12827013
-0.1848998,-0.08318628,0.17975686,-0.07067841,-0.007975109,-0.09209152,-0.105892316
-0.16379967,-0.06057642,0.19798228,-0.08479394,0.00630375,-0.07192773,-0.081581056
-0.13796064,-0.043130413,0.21766731,-0.10060723,0.01472348,-0.05184713,-0.045779496
-0.10739354,-0.025737584,0.23333248,-0.11749911,0.012660153,-0.03190939,-0.0031853616
-0.06906835,-0.0047551394,0.24458799,-0.13786238,0.0052314177,-0.016138524,0.036779292
-0.029393993,0.012375139,0.25661993,-0.16596796,-0.004835114,0.005321197,0.07838501
0.0032483563,0.027768686,0.26909283,-0.1996603,-0.009463593,0.030820835,0.12088481
0.035052534,0.04170409,0.28266817,-0.23773171,-0.011213198,0.05729792,0.17108096
0.080206,0.055642053,0.30073398,-0.27966493,-0.012653418,0.09583284,0.2352342
0.13505548,0.06849559,0.3233422,-0.32785872,-0.013206385,0.13992998,0.31194866
0.21023071,0.077700436,0.34581333,-0.3774471,-0.011970378,0.18984121,0.39089358
0.2872445,0.08401249,0.3706443,-0.42941087,-0.008746631,0.24187455,0.47102374
0.3750184,0.0860969,0.3966736,-0.4831154,-0.0036841258,0.29676363,0.55203366
0.46172443,0.092185706,0.42153054,-0.53700924,-0.0021956787,0.34990424,0.62288547
0.5463328,0.09918161,0.44253242,-0.5879839,-0.00078089535,0.3999786,0.6912168
0.62880707,0.10672963,0.45850098,-0.6339411,0.0025915653,0.44218448,0.75159836
0.70785034,0.115633264,0.4694138,-0.67304236,0.007612787,0.48550445,0.8008301
0.77905643,0.12476447,0.47517985,-0.70786405,0.015542291,0.5236221,0.8408859
0.8407334,0.13619885,0.4747377,-0.7371748,0.025821283,0.55392003,0.87334776
0.8930783,0.1541326,0.47146183,-0.76159084,0.037541624,0.5751733,0.89273214
0.9363578,0.17605062,0.46380526,-0.78048956,0.050588526,0.5887002,0.89786327
0.96841097,0.20126717,0.4497131,-0.79330695,0.06688794,0.59483624,0.89196324
0.9890572,0.2294697,0.4295568,-0.80210596,0.08004853,0.59536535,0.8777592
0.9978015,0.25977945,0.40317845,-0.8068098,0.089257106,0.590743,0.8540815
0.9976218,0.29472792,0.37226036,-0.8063589,0.099448495,0.580322,0.8210243
0.9852637,0.3318392,0.3340372,-0.80067927,0.11093555,0.56342816,0.78104424
0.9587605,0.36792523,0.29532066,-0.78828967,0.12400332,0.53977686,0.7335757
0.9174182,0.40292454,0.25804698,-0.7708234,0.13753067,0.50831884,0.67965317
0.8617283,0.4375602,0.22286975,-0.744917,0.14494893,0.46557528,0.61552894
0.7919285,0.47090298,0.18389237,-0.71055424,0.15215793,0.41142207,0.55337703
0.706189,0.49956876,0.13541219,-0.6642478,0.15955469,0.35017148,0.49316427
0.61221075,0.5189687,0.09183161,-0.6059029,0.1682754,0.27724707,0.42726037
0.50682807,0.5374009,0.060324315,-0.53309494,0.1775757,0.1991168,0.35724783
0.39405343,0.5492325,0.028280064,-0.4460164,0.18411213,0.11797717,0.28646982
0.26899835,0.5564711,-0.0049856305,-0.35405362,0.1892393,0.04916872,0.20810683
0.14851189,0.5491385,-0.046980634,-0.26112396,0.18441501,-0.007899605,0.12556252
0.031861972,0.53101504,-0.08912042,-0.17225176,0.17419377,-0.08920821,0.04964978
-0.052334987,0.50192326,-0.12855133,-0.08977158,0.15931308,-0.18267345,-0.016976565
-0.16918012,0.46359295,-0.17621467,-0.0034110714,0.13871023,-0.29264936,-0.06861444
-0.29390758,0.41518283,-0.23230642,0.048824098,0.11226922,-0.41673335,-0.0948827
-0.42538008,0.36199248,-0.29539263,0.12524341,0.08827865,-0.5470331,-0.12674275
-0.5538608,0.30338657,-0.37261754,0.2580712,0.0740613,-0.6727636,-0.16536102
-0.67204005,0.2466198,-0.45800704,0.38465655,0.061437033,-0.7865367,-0.1982773
-0.77935994,0.1846358,-0.53534865,0.5153298,0.04529467,-0.88497734,-0.22730592
-0.8752111,0.12032537,-0.60840213,0.64024913,0.02760373,-0.96410656,-0.24854079
-0.95816493,0.057266146,-0.679855,0.75873315,0.0056858733,-1.0279418,-0.263145
-1.0276198,-0.0042580143,-0.74965495,0.8718791,-0.016232856,-1.0734317,-0.26843467
-1.0828443,-0.0543517,-0.8131907,0.97645444,-0.03628259,-1.1020162,-0.26558468
-1.1234586,-0.09133312,-0.8632888,1.0680698,-0.053201206,-1.116426,-0.2569607
-1.1499374,-0.11764087,-0.9066379,1.1439444,-0.06732831,-1.1144007,-0.24771672
-1.1632211,-0.13857672,-0.9419414,1.2014834,-0.0755536,-1.097785,-0.24027723
-1.1643026,-0.15223902,-0.96714795,1.2424122,-0.078919195,-1.0671239,-0.23491314
-1.1564193,-0.15766816,-0.9803983,1.2678732,-0.079336695,-1.0241385,-0.23362684
-1.1403389,-0.15354669,-0.987188,1.2779366,-0.07571415,-0.9711139,-0.2344158
-1.117981,-0.14130841,-0.9918059,1.273779,-0.06862279,-0.91025734,-0.24010998
-1.0922613,-0.12060362,-0.9900074,1.2559097,-0.058602996,-0.8436989,-0.24622133
-1.0670396,-0.09098739,-0.97572005,1.226078,-0.04636813,-0.7756711,-0.2642056
-1.0426316,-0.053968962,-0.95543396,1.189774,-0.026555128,-0.7067017,-0.28957987
-1.0212853,-0.02286847,-0.9311987,1.1505295,-0.011839889,-0.6381122,-0.31354833
-1.0064925,0.011052921,-0.9073558,1.1099976,-0.003347151,-0.5739689,-0.33948174
-0.9962821,0.042465784,-0.8843383,1.072505,0.00037560612,-0.5135033,-0.3535123
-0.9915211,0.07366684,-0.8625767,1.0412159,0.0009876564,-0.4551615,-0.37168935
-0.99078727,0.09971975,-0.8419167,1.0137676,-0.00014092773,-0.4032442,-0.39044887
-0.99416745,0.11916314,-0.8217801,0.9928356,-0.0044710115,-0.35589275,-0.411544
-0.99828625,0.13799213,-0.8012044,0.97410554,-0.01223176,-0.31204066,-0.43467596
-0.9974021,0.15456271,-0.77933085,0.95336896,-0.022098675,-0.27236053,-0.45758972
-0.9929811,0.1673925,-0.75674,0.93231976,-0.035775594,-0.23548359,-0.4788694
-0.982916,0.17639758,-0.72971046,0.90933007,-0.053920798,-0.20254019,-0.49629614
-0.96263194,0.1840373,-0.69499815,0.88209075,-0.07475219,-0.16956481,-0.5082327
-0.92663574,0.19015409,-0.6511618,0.84830225,-0.09580777,-0.13805148,-0.51290643
-0.873037,0.19502933,-0.59671485,0.8055194,-0.11545881,-0.10480904,-0.5088656
-0.801027,0.20431243,-0.5311621,0.7515113,-0.13160646,-0.06972392,-0.49495175
-0.70974815,0.21362604,-0.45292616,0.68446034,-0.1571688,-0.03520979,-0.470587
-0.6015129,0.22376148,-0.3620297,0.60280305,-0.18372902,-0.0035615377,-0.4347777
-0.4719263,0.23585789,-0.25970638,0.5048436,-0.21690166,0.038196225,-0.38498327
-0.3292838,0.24935548,-0.15755326,0.39204228,-0.25626305,0.09130116,-0.33055577
-0.19776788,0.26006317,-0.0545547,0.26495287,-0.2971518,0.14580214,-0.2538323
-0.09738476,0.26934135,0.03532741,0.13873184,-0.3396906,0.19002867,-0.16628343
0.018971179,0.27920216,0.14004399,0.015566485,-0.37835583,0.24484953,-0.08100672
0.16920319,0.2881388,0.23709063,-0.0990082,-0.41022158,0.31466383,-0.0015578493
0.33308056,0.29733902,0.3384142,-0.20486313,-0.4346238,0.38895202,0.042034104
0.49933586,0.30951285,0.45426363,-0.3333453,-0.45324817,0.48500612,0.08534677
0.6514367,0.3173594,0.5800108,-0.47096473,-0.4675837,0.5780097,0.14757995
0.78946626,0.31505257,0.7036816,-0.63272107,-0.47999993,0.66409326,0.1984349
0.90848315,0.30365437,0.81693816,-0.7859318,-0.48305193,0.73796177,0.2407489
1.0036631,0.2820331,0.92343676,-0.91441286,-0.47712246,0.79556483,0.28204012
1.072691,0.25999492,1.0134876,-1.024869,-0.45931587,0.836318,0.31285292
1.118284,0.22739165,1.0806365,-1.1154307,-0.43173406,0.8608447,0.32796806
1.1406714,0.19001357,1.127929,-1.1774503,-0.4033705,0.86965585,0.3191486
1.1384649,0.14591892,1.1539894,-1.2040733,-0.3721333,0.8605146,0.294259
1.1163161,0.09849179,1.1561891,-1.2037896,-0.3360672,0.83499205,0.2573669
1.0759779,0.06276055,1.1346885,-1.1784946,-0.2912002,0.7948097,0.2089998
1.0180122,0.025508553,1.0907009,-1.13034,-0.23950419,0.7387359,0.15811218
0.9452322,-0.01797286,1.0252982,-1.0597812,-0.18273264,0.6708184,0.101941854
0.85868084,-0.080426104,0.94190913,-0.9697551,-0.119216375,0.603162,0.040336408
0.76307416,-0.16220646,0.84124684,-0.86294055,-0.0552335,0.5287954,-0.022273123
0.65932864,-0.2584129,0.7273052,-0.7398301,0.01119002,0.44746548,-0.081955224
0.54952896,-0.34470206,0.60143805,-0.6047568,0.08185515,0.36317563,-0.1268999
0.43136615,-0.43379825,0.46935117,-0.45790297,0.1340009,0.2771758,-0.17628151
0.3067903,-0.52477765,0.3354397,-0.31776989,0.19320759,0.1924935,-0.2343035
0.17510238,-0.6156751,0.20223698,-0.1815824,0.2588083,0.11825719,-0.28796127
0.05471211,-0.69631654,0.08641549,-0.043647658,0.3200446,0.06832984,-0.3512634
-0.052277513,-0.769522,0.0052982867,0.07014413,0.38231656,0.028193543,-0.41701475
-0.12152467,-0.83864295,-0.047179967,0.1552562,0.44073066,-0.031145416,-0.4887798
-0.18691638,-0.90488505,-0.11685732,0.2615119,0.51073855,-0.099137686,-0.5563934
-0.26136455,-0.9648284,-0.20954815,0.3812905,0.57909095,-0.17889005,-0.6119516
-0.3352904,-1.0104406,-0.31658262,0.4941287,0.64491177,-0.26528478,-0.65104127
-0.41094527,-1.041814,-0.42499518,0.605054,0.7073997,-0.3499202,-0.6880971
-0.48308757,-1.0604318,-0.52430284,0.71130663,0.7687723,-0.43500593,-0.72955275
-0.54969466,-1.068772,-0.6132203,0.8020788,0.82086533,-0.51892686,-0.7668885
-0.5991868,-1.0595219,-0.6910536,0.8749269,0.8633485,-0.5995829,-0.7921362
-0.63546115,-1.0363505,-0.75556743,0.9320207,0.9016386,-0.67750204,-0.8057623
-0.6607853,-1.0048703,-0.8050623,0.97392327,0.9229026,-0.75597566,-0.80567706
-0.67308736,-0.9661662,-0.8401249,1.0000397,0.9116137,-0.83104396,-0.7923056
-0.6753277,-0.9241506,-0.8595723,1.0104362,0.8772838,-0.8970449,-0.76488006
-0.6640278,-0.8825077,-0.863365,1.0014387,0.82261413,-0.9529617,-0.72662187
-0.6398903,-0.8423774,-0.85553145,0.9753725,0.75694054,-0.9987763,-0.67802227
-0.6037303,-0.79974884,-0.8370353,0.9323561,0.677745,-1.0346241,-0.62422884
-0.55758554,-0.7536398,-0.8087523,0.874512,0.5890198,-1.0579389,-0.5647917
-0.50232935,-0.7107984,-0.7713313,0.8042473,0.49861494,-1.0686021,-0.499442
-0.44224605,-0.6714289,-0.72539026,0.72591513,0.4094345,-1.0652635,-0.4323822
-0.37994796,-0.62992954,-0.6726965,0.64433414,0.32446697,-1.0495589,-0.36200115
-0.31629786,-0.58974457,-0.6135206,0.5558292,0.24650303,-1.0213237,-0.2926183
-0.25602132,-0.5503839,-0.5484999,0.46178418,0.18001121,-0.9811194,-0.2292647
-0.19806466,-0.5135522,-0.47831857,0.368271,0.12806863,-0.9296128,-0.17559505
-0.14172626,-0.47919554,-0.40705344,0.27665552,0.08827157,-0.8673702,-0.1314655
-0.08672697,-0.44763273,-0.33341104,0.18577616,0.054290846,-0.79536796,-0.09292558
-0.03900548,-0.41573632,-0.2562023,0.099889174,0.028199531,-0.7155553,-0.053959996
-0.0012002662,-0.383129,-0.19329602,0.02151294,0.009684168,-0.6293957,-0.015468173
0.040757768,-0.34972072,-0.14264524,-0.037500437,-3.33488e-05,-0.5375,0.024476618
0.07654842,-0.30856913,-0.09005019,-0.07816677,-0.0048915595,-0.4430521,0.0636937
0.10920851,-0.2607532,-0.03653249,-0.11750384,-0.009579651,-0.34693807,0.08941294
0.1502244,-0.20956959,0.01933179,-0.16245666,-0.012893714,-0.24599904,0.1156026
0.19672002,-0.15903611,0.07121728,-0.1884175,-0.01779271,-0.1461789,0.14035146
0.24758536,-0.10322787,0.11966962,-0.20672576,-0.022145785,-0.04124499,0.16172013
0.29858935,-0.044466868,0.16234685,-0.22924422,-0.033273816,0.034389436,0.19053125
0.35113844,0.0027993396,0.20314142,-0.2441082,-0.064962916,0.10255944,0.21969834
0.40607238,0.04465781,0.24499956,-0.2517793,-0.11034075,0.19216362,0.23933756
0.4605859,0.097466886,0.28402144,-0.2589787,-0.16505173,0.2749806,0.26281127
0.51788247,0.15255074,0.31832492,-0.2617298,-0.22178581,0.34888962,0.28095007
0.57712424,0.20233782,0.35421795,-0.26309106,-0.2822574,0.41870442,0.28939378
0.6346561,0.25613517,0.38975245,-0.26452696,-0.34751704,0.48651254,0.29414427
0.6896261,0.31544226,0.4214963,-0.2600586,-0.41568735,0.547033,0.29586434
0.7419363,0.37730646,0.45149958,-0.2548778,-0.48704657,0.6006254,0.2949319
0.7894753,0.44227684,0.4813088,-0.25216302,-0.5625449,0.6463521,0.29066867
0.83307016,0.50950104,0.5115357,-0.25425568,-0.63897514,0.68434995,0.28472424
0.87373316,0.5744307,0.5367653,-0.26241943,-0.7152139,0.71757483,0.27995983
0.9125471,0.6390059,0.55932564,-0.27544087,-0.78764963,0.74446183,0.27672452
0.9483198,0.70223564,0.58754784,-0.29414344,-0.85395706,0.7676009,0.2775813
0.97646177,0.7582212,0.62070423,-0.31528202,-0.91092694,0.7896023,0.28044018
0.9979006,0.8071921,0.66034484,-0.34195316,-0.95351887,0.81048775,0.28704464
1.0125929,0.8465198,0.7005134,-0.3705831,-0.98168826,0.83045316,0.2968536
1.0194024,0.8707071,0.7337977,-0.40132368,-0.9931164,0.85098124,0.30408883
1.0163628,0.8835546,0.766006,-0.43123627,-0.9844599,0.86942726,0.31070536
1.001244,0.8841526,0.7936794,-0.45879668,-0.95488846,0.8842304,0.3152231
0.97494817,0.8688595,0.81543726,-0.48470908,-0.904403,0.8933455,0.3179046
0.9362907,0.8378012,0.82991594,-0.5000375,-0.8327745,0.89557755,0.31684706
0.8846321,0.7909646,0.8338698,-0.5001617,-0.7394402,0.89011496,0.31472015
0.81978077,0.73064446,0.8264855,-0.48247033,-0.6239933,0.87878484,0.30701518
0.7420451,0.6584003,0.8073317,-0.44830924,-0.49047008,0.8559679,0.29608417
0.6540517,0.57973254,0.7757889,-0.39996785,-0.3463647,0.8183466,0.27365592
0.5544617,0.49631476,0.7325875,-0.3399152,-0.18166044,0.7700317,0.2358427
0.44083154,0.40642452,0.6730498,-0.27219975,-0.030870117,0.7120352,0.1871014
0.3144005,0.3133611,0.60135984,-0.187186,0.0647727,0.64595383,0.13031417
0.18212453,0.2218134,0.519654,-0.08736031,0.14694954,0.57443297,0.06364256
0.07053077,0.13655151,0.43096402,0.003629351,0.267642,0.49548072,0.0063244924
-0.030907176,0.062110797,0.34038126,0.093124166,0.38287416,0.41423178,-0.03888712
-0.16260326,0.0037925914,0.25787687,0.16314963,0.521189,0.32714328,-0.09336308
-0.30852845,-0.053179473,0.18015057,0.25040594,0.66359127,0.23559594,-0.15242295
-0.45196626,-0.13888901,0.11735307,0.33421773,0.7944134,0.14757195,-0.21656972
-0.5923165,-0.23005222,0.057037055,0.40801156,0.9065758,0.067779906,-0.2741885
-0.7246584,-0.32776064,-0.008175828,0.49286693,1.0037131,0.009874832,-0.32701656
-0.84610647,-0.41758186,-0.067388564,0.56857777,1.0847193,-0.043102287,-0.37176588
-0.95426536,-0.50164324,-0.13195913,0.6291949,1.1473358,-0.084690936,-0.40571555
-1.0501926,-0.57864463,-0.19868836,0.6691393,1.1909044,-0.117009066,-0.4288064
-1.1301212,-0.63975096,-0.25714174,0.6925455,1.215981,-0.15115622,-0.4421073
-1.1912634,-0.6884669,-0.30404538,0.6961979,1.2202907,-0.18194366,-0.44631585
-1.2311519,-0.7269885,-0.3398825,0.6780842,1.207081,-0.20070451,-0.44347075
-1.247576,-0.7545884,-0.36082247,0.637104,1.1775839,-0.2138069,-0.41953716
-1.2409296,-0.7714358,-0.3632954,0.57842964,1.1331865,-0.2156339,-0.38215193
-1.2092988,-0.771029,-0.34694573,0.50458175,1.0756261,-0.20488793,-0.33644924
-1.1525444,-0.7608999,-0.3103314,0.4204557,1.0069474,-0.18326107,-0.28390148
-1.0736635,-0.73874056,-0.25545627,0.33487642,0.9266995,-0.14920041,-0.23245901
-0.97601724,-0.70574605,-0.19669214,0.2483966,0.8375882,-0.102620535,-0.17615268
-0.86460686,-0.66242033,-0.13512339,0.16723102,0.7436905,-0.05719599,-0.11688948
-0.737355,-0.61086285,-0.063497454,0.088888556,0.6469835,-0.012232967,-0.06684683
-0.6016183,-0.5507121,-0.008830197,0.022476763,0.5502635,0.026026713,-0.015547827
-0.46205828,-0.48546892,0.034828138,-0.023194429,0.45607463,0.05594805,0.034832552
-0.32471126,-0.4168958,0.08079928,-0.068078145,0.36541387,0.078737795,0.069455996
-0.2109825,-0.3487249,0.12900418,-0.11015819,0.28568012,0.10322484,0.08754327
-0.111786135,-0.2890532,0.17811845,-0.14825964,0.22525942,0.13590288,0.08678532
-0.035102636,-0.24147202,0.22725485,-0.18536568,0.18718973,0.1653997,0.09094736
0.008075155,-0.20631619,0.2800632,-0.22570805,0.16285732,0.19114101,0.10380877
0.056989998,-0.18022847,0.32978636,-0.2625106,0.15044004,0.2060158,0.114727214
0.098724395,-0.15762377,0.3786529,-0.2882491,0.13931629,0.20963752,0.12148697
0.13679846,-0.13884991,0.42318532,-0.30283967,0.13865955,0.20020247,0.12304611
0.17054509,-0.12465136,0.4597679,-0.30860892,0.14812514,0.17561549,0.11681367
0.19392568,-0.1147373,0.48652625,-0.30609044,0.16401756,0.13689208,0.104219355
0.20267543,-0.10898496,0.49898404,-0.29477543,0.1896677,0.08711141,0.08670404
0.1970811,-0.1061476,0.5009506,-0.27255008,0.217222,0.033661988,0.06598399
0.17794035,-0.107748985,0.49449104,-0.23958336,0.2442495,-0.012305021,0.039465815
0.14596368,-0.10835753,0.47691858,-0.20687927,0.277763,-0.048887454,0.013407797
0.10778782,-0.111716025,0.4407157,-0.17138454,0.31478363,-0.10841351,-0.005216047
0.06968066,-0.12326422,0.3870299,-0.13465032,0.35513783,-0.18999279,-0.029450238
0.036177326,-0.13867426,0.327656,-0.09349847,0.39940575,-0.27827924,-0.04464692
0.0012052208,-0.14901969,0.2699443,-0.049879674,0.4420476,-0.3779208,-0.06758109
-0.020754881,-0.15845099,0.21880627,-0.008640403,0.47904626,-0.475713,-0.088990554
-0.057131268,-0.16596219,0.166262,0.040193822,0.5047503,-0.5697904,-0.11066544
-0.09763118,-0.16786563,0.120443165,0.08459768,0.5172757,-0.6574727,-0.12734812
-0.13867742,-0.16257912,0.07584198,0.13432261,0.5127419,-0.7353547,-0.1409632
-0.17491236,-0.15022618,0.027027186,0.18722287,0.48808724,-0.8011845,-0.1491861
-0.19676152,-0.12955761,-0.0451279,0.23622596,0.445474,-0.85309434,-0.14440987
-0.20839515,-0.10029498,-0.112356365,0.27520493,0.3859804,-0.8897497,-0.13271168
-0.21021083,-0.063390985,-0.17894837,0.29981777,0.31093413,-0.9104633,-0.11317739
-0.20253411,-0.019517448,-0.24666715,0.3171957,0.23191306,-0.91579056,-0.0846245
-0.18545762,0.024091862,-0.3098377,0.3298137,0.16165495,-0.9046242,-0.058622643
-0.16290247,0.06436838,-0.36534452,0.33292177,0.079241276,-0.8788495,-0.038922414
-0.13802427,0.10172741,-0.41546655,0.3309645,-0.0051508993,-0.83764666,-0.02048029
-0.118767776,0.15095533,-0.45908487,0.3264475,-0.08070076,-0.7828425,-0.0052918047
-0.10358427,0.19934575,-0.49580365,0.32200372,-0.15286958,-0.71689373,0.0060944185
-0.09168323,0.25295228,-0.5248684,0.3263188,-0.20937166,-0.642596,0.025934093
-0.07478238,0.30343634,-0.54641455,0.33109403,-0.25973186,-0.5647327,0.04663623
-0.056864686,0.34758294,-0.5608423,0.3356962,-0.30685025,-0.48349464,0.070147425
-0.04394318,0.3834908,-0.56863075,0.34334433,-0.34862137,-0.40041658,0.088766955
-0.037944786,0.41010082,-0.5689123,0.35455278,-0.38131657,-0.3183243,0.10280929
-0.036344692,0.4266842,-0.56434596,0.37004697,-0.40672773,-0.24058104,0.112507
-0.03946621,0.43552685,-0.56082255,0.38791725,-0.42457858,-0.17235029,0.11137222
-0.049606957,0.4353268,-0.55315197,0.40740034,-0.4319695,-0.116169326,0.09816422
-0.06461615,0.42554104,-0.5433949,0.4276186,-0.43036857,-0.07173837,0.08261733
-0.08045309,0.40618503,-0.53201455,0.4473468,-0.4247116,-0.039389603,0.066410035
-0.10173269,0.3789519,-0.51790375,0.46531582,-0.41418204,-0.018908478,0.045936268
-0.12456132,0.34747368,-0.5002655,0.4801391,-0.40063465,-0.008920785,0.023493145
-0.14929539,0.3134901,-0.47697413,0.49007255,-0.38768163,-0.0084726885,0.0007430762
-0.1737577,0.2796225,-0.44739687,0.4938647,-0.37345222,-0.016616605,-0.023210973
-0.19317555,0.24574621,-0.41314852,0.4893077,-0.35545233,-0.031996414,-0.04685335
-0.20549735,0.21408881,-0.37518772,0.47652283,-0.33386743,-0.051814117,-0.068679005
-0.21095663,0.18732439,-0.33379716,0.4521113,-0.30870375,-0.07195629,-0.0790364
-0.20533279,0.16599314,-0.28789496,0.41909716,-0.27990136,-0.09321096,-0.07991499
-0.18888202,0.1511017,-0.23524326,0.38133663,-0.25604814,-0.11415746,-0.07016611
-0.16932091,0.1439992,-0.1825301,0.33995318,-0.23349428,-0.13435325,-0.048840016
-0.14471218,0.1436822,-0.13476436,0.2940905,-0.21382844,-0.14917412,-0.018795341
-0.117017604,0.14915156,-0.09009735,0.2446338,-0.19737306,-0.15837029,0.0118315965
-0.088339664,0.15940575,-0.048263237,0.19279554,-0.18587661,-0.16235244,0.05104892
-0.05881805,0.17431276,-0.0125532,0.14836624,-0.18046165,-0.16191277,0.09330428
-0.023472652,0.19420992,0.023621619,0.107739404,-0.18099609,-0.156513,0.13451013
0.012644596,0.21838956,0.05441249,0.06734453,-0.18934637,-0.14664087,0.16902763
0.03821834,0.24086492,0.085615136,0.032757618,-0.19989741,-0.12761271,0.20043293
0.072228126,0.2628774,0.1130003,0.00067332946,-0.20792937,-0.10609608,0.2311343
0.10865636,0.282709,0.13842997,-0.025381565,-0.21349406,-0.08344806,0.26496655
0.14899111,0.29817075,0.15793905,-0.04610126,-0.22030815,-0.058320753,0.2981755
0.1859838,0.30776387,0.17171827,-0.065471694,-0.22655961,-0.033928312,0.32406965
0.22029567,0.31174815,0.1785546,-0.08436149,-0.23229524,-0.008449342,0.34274045
0.24967626,0.30663896,0.17858304,-0.09793025,-0.23770148,0.015699632,0.3561608
0.27263677,0.29233146,0.17262603,-0.108809024,-0.24161065,0.03881898,0.3630326
0.28960148,0.2694837,0.16172147,-0.121114925,-0.241357,0.061568674,0.36860153
0.3000343,0.2397946,0.14815721,-0.13305786,-0.23752537,0.081690356,0.36783648
0.30453673,0.20390026,0.13330622,-0.14683057,-0.23225892,0.09646715,0.35971606
0.30284518,0.1634727,0.117396116,-0.16156691,-0.22550249,0.12278114,0.34740105
0.29668507,0.12227465,0.100055695,-0.17646894,-0.21691257,0.16793078,0.33180764
0.28677407,0.07965441,0.08287132,-0.19547808,-0.20987737,0.23255277,0.31270027
0.27465686,0.037522867,0.0680207,-0.2219549,-0.20042142,0.30774885,0.2884214
0.26054028,0.0047669783,0.06313427,-0.25484315,-0.18299249,0.38737273,0.26203573
0.24644098,-0.015196897,0.06403239,-0.28813004,-0.16286594,0.47450852,0.22666585
0.2322151,-0.026042953,0.06477218,-0.32077348,-0.14802566,0.5641161,0.19168292
0.21631345,-0.0307667,0.06708239,-0.34647655,-0.14036977,0.6562207,0.15668482
0.2025826,-0.026627548,0.06851197,-0.36514488,-0.1378364,0.74191356,0.11880325
0.19659731,-0.014269069,0.07661102,-0.3830179,-0.13796663,0.82238996,0.08987955
0.19729076,0.0047147423,0.08998065,-0.40056968,-0.13622928,0.89271593,0.07656192
0.20320988,0.028035685,0.10437527,-0.4161209,-0.1314139,0.9512724,0.0658173
0.21334288,0.052749425,0.114412025,-0.4283043,-0.13102934,0.99917686,0.050010245
0.2257702,0.083443,0.11961489,-0.4331286,-0.13067973,1.0366353,0.032411855
0.23762968,0.11870478,0.11498866,-0.4316934,-0.13325104,1.0599447,0.014571309
0.24795297,0.15637974,0.09862808,-0.4244975,-0.1393322,1.063431,-0.006338127
0.25507557,0.1996464,0.07918265,-0.41079095,-0.14956951,1.0460361,-0.027773246
0.2550184,0.24467064,0.0557257,-0.3907147,-0.16536209,1.0062071,-0.050167635
0.24675596,0.28774577,0.02862645,-0.3631512,-0.18990499,0.94365263,-0.07507494
0.23238447,0.32633096,1.1377037e-05,-0.3335094,-0.22146711,0.8609383,-0.10056688
0.21235165,0.36024737,-0.028060243,-0.3040105,-0.25673348,0.7737396,-0.12301338
0.18901843,0.38681632,-0.0608052,-0.27706304,-0.2930342,0.68411434,-0.14296165
0.16180733,0.406254,-0.09393722,-0.25328165,-0.32773012,0.5821496,-0.1736866
0.13160382,0.42258883,-0.12544866,-0.2330925,-0.3589098,0.47609946,-0.21070519
0.102888115,0.43305826,-0.15338051,-0.21795201,-0.3860732,0.3713494,-0.23842105
0.074384466,0.4359898,-0.17430532,-0.21203722,-0.41022348,0.26910505,-0.26181695
0.05248544,0.4337442,-0.18615383,-0.21603681,-0.42838922,0.18381572,-0.2822129
0.034128424,0.42620367,-0.18684483,-0.22914568,-0.44137582,0.120276734,-0.29834822
0.019479431,0.41400033,-0.17684627,-0.25122076,-0.44317862,0.059845068,-0.30869985
0.011997089,0.39642054,-0.1550672,-0.2792628,-0.43810377,0.017055005,-0.31304553
0.009528674,0.374893,-0.122952014,-0.31805003,-0.42538098,-0.0055155084,-0.30627745
0.011442192,0.3494656,-0.08227292,-0.36183026,-0.4058785,-0.01946716,-0.28708747
0.020859484,0.322156,-0.042081803,-0.41260523,-0.37952733,-0.022819094,-0.25116587
0.042595692,0.28943855,0.0020782948,-0.46503583,-0.34904817,-0.012847751,-0.19508427
0.0721333,0.2549312,0.045746956,-0.52169865,-0.3110177,0.0048338734,-0.12147382
0.11275607,0.21885185,0.1060613,-0.58461183,-0.27195445,0.029876119,-0.04274763
0.1601745,0.18399145,0.17005217,-0.64753157,-0.22366539,0.060073137,0.048071068
0.2227472,0.14759855,0.243375,-0.70256203,-0.1717585,0.09526513,0.13635325
0.29627666,0.10826376,0.3133234,-0.74963707,-0.120966904,0.15608579,0.22675236
0.3662428,0.06481628,0.3742318,-0.78701586,-0.067508556,0.22663236,0.29087213
0.43000814,0.020478487,0.42316324,-0.81296116,-0.027181454,0.3183333,0.3515458
0.4881506,-0.034711435,0.4619754,-0.82548654,0.014916547,0.39877054,0.42784375
0.5383819,-0.08493571,0.48367542,-0.8255661,0.05536581,0.4703951,0.5006373
0.58117765,-0.14246926,0.48975927,-0.8150633,0.1000186,0.53180456,0.55978024
0.6137508,-0.20057689,0.48449355,-0.7942,0.14842096,0.581341,0.6047882
0.63447344,-0.24937959,0.4705075,-0.7643071,0.19812512,0.6187784,0.63684165
0.64288235,-0.2942099,0.44906837,-0.7262286,0.25208354,0.64379,0.65318525
0.63918936,-0.33853,0.42314452,-0.68138653,0.3030543,0.6552361,0.6525408
0.62547016,-0.3746065,0.3909178,-0.6349982,0.3540831,0.65388334,0.6354109
0.6022762,-0.40477604,0.3536907,-0.5875097,0.40283397,0.6409055,0.60654354
0.57010376,-0.42142874,0.31407225,-0.53882164,0.44593605,0.6167797,0.5715506
0.531914,-0.42661202,0.27660587,-0.4932899,0.48384103,0.5858246,0.5281813
0.48908868,-0.42246693,0.24487658,-0.4533547,0.5163999,0.54870695,0.4767543
0.44010583,-0.40249372,0.21657985,-0.417037,0.54377556,0.5018289,0.42109263
0.38539654,-0.36883765,0.1911867,-0.38531435,0.56646276,0.44496778,0.36398587
0.32847995,-0.3267346,0.16933161,-0.35587806,0.584451,0.38094017,0.3080533
0.26538342,-0.27409238,0.15118332,-0.33264178,0.59598255,0.31001413,0.26481107
0.20104796,-0.21710922,0.13810521,-0.3144942,0.60156673,0.23947665,0.22752945
0.14699742,-0.16288532,0.12927325,-0.30018848,0.6030722,0.1673756,0.19375995
0.097982526,-0.10795552,0.119749695,-0.2878063,0.6043972,0.10831042,0.16404572
0.04308463,-0.055364206,0.11017218,-0.27442873,0.6038953,0.06874123,0.12936962
-0.006367348,-0.016269282,0.10334853,-0.2597571,0.59869844,0.029370297,0.10075669
-0.052287735,0.014966831,0.095217876,-0.24268174,0.59131074,-0.0067441314,0.08266492
-0.0899205,0.043027654,0.08705519,-0.22208247,0.580332,-0.03652013,0.066220105
-0.12744763,0.068289116,0.07685969,-0.19982046,0.5611658,-0.067773275,0.049372222
-0.168773,0.09315221,0.06682964,-0.17460656,0.5385108,-0.08963037,0.039315514
-0.2081165,0.11457251,0.057762172,-0.14311647,0.51634675,-0.10253429,0.03918107
-0.24226654,0.1295964,0.043540195,-0.11033681,0.4948186,-0.1068595,0.033847783
-0.27269855,0.13270111,0.028928634,-0.07851173,0.47411105,-0.09985178,0.021505766
-0.30490142,0.12323056,0.015528761,-0.05181159,0.45619544,-0.087304704,-0.0024729073
-0.33320618,0.1026303,0.0021388978,-0.02380265,0.43973312,-0.06569802,-0.022833914
-0.3601223,0.07188563,-0.0117282495,0.0042301407,0.42481855,-0.03520231,-0.039766766
-0.38040188,0.03282167,-0.023323894,0.036017276,0.40967244,0.005250793,-0.05152227
-0.40001908,-0.006543491,-0.034103967,0.06081208,0.39729053,0.044254363,-0.0643163
-0.41964734,-0.044573054,-0.04166372,0.09005435,0.3818265,0.076705255,-0.07538977
-0.4385887,-0.07476213,-0.046914294,0.123807535,0.36736634,0.094380334,-0.087543786
-0.4525663,-0.12589467,-0.050972223,0.15760975,0.34951478,0.11452103,-0.1002129
-0.46589622,-0.19251151,-0.04962808,0.19357708,0.33539045,0.13587037,-0.115465865
-0.48206452,-0.27754527,-0.043534443,0.23820104,0.32125768,0.15881963,-0.123416305
-0.5006707,-0.37033135,-0.02887398,0.28601655,0.30918866,0.18477622,-0.13624439
-0.5198191,-0.46373165,-0.009766921,0.33399826,0.30146196,0.20582238,-0.15653583
-0.54287356,-0.55453104,0.01201807,0.38417602,0.30024222,0.22463098,-0.18013602
-0.57090724,-0.64359736,0.021282911,0.43622294,0.30325884,0.23795295,-0.20046291
-0.6013956,-0.72240293,0.016545713,0.48803636,0.30935574,0.244881,-0.22608522
-0.63743186,-0.7922321,0.0036012232,0.53827673,0.31878284,0.24699572,-0.25421548
-0.6772492,-0.8520745,-0.022261329,0.5895204,0.32405058,0.24792573,-0.2808182
-0.72569805,-0.8986298,-0.051779985,0.6409282,0.32449093,0.24605986,-0.2987271
-0.7779263,-0.93528724,-0.0841205,0.69268835,0.32150543,0.24138433,-0.30510023
-0.830154,-0.9607804,-0.12491456,0.74474245,0.3156552,0.23402718,-0.30713934
-0.8793751,-0.96809345,-0.16821164,0.7954779,0.30690902,0.22445467,-0.3010549
-0.92563605,-0.959522,-0.22840637,0.84114975,0.29495028,0.21444711,-0.28843224
-0.96758974,-0.9343933,-0.29765892,0.8815568,0.28053486,0.20572668,-0.27142438
-1.0016961,-0.8977932,-0.36423534,0.9156826,0.265515,0.19801342,-0.25269625
-1.0253091,-0.8475901,-0.4261375,0.9392055,0.24895743,0.1908387,-0.22994313
-1.0390632,-0.7842993,-0.4827425,0.9509582,0.2317872,0.18359938,-0.20222807
-1.0404819,-0.7090242,-0.52935106,0.949694,0.21235326,0.17646465,-0.17549136
-1.026959,-0.6275704,-0.5623424,0.93160325,0.18852586,0.16962865,-0.14690283
-0.9965043,-0.5450543,-0.5780307,0.8974815,0.15083113,0.16179687,-0.111417875
-0.94718766,-0.4474395,-0.5753441,0.8452897,0.109553866,0.15393525,-0.06844923
-0.8772598,-0.34178782,-0.55591506,0.7802828,0.06618656,0.14783613,-0.023555726
-0.785136,-0.2300332,-0.5183494,0.7002874,0.012830138,0.14352183,0.01079312
-0.6732956,-0.11803105,-0.46353388,0.6090856,-0.049238987,0.13767618,0.03945802
-0.54321754,-0.02602351,-0.39297342,0.5076267,-0.10958377,0.13178813,0.066918164
-0.39510983,0.067142054,-0.3121854,0.40331176,-0.17959827,0.12355103,0.09486414
-0.2474716,0.19744225,-0.22393799,0.2895618,-0.25591406,0.10594076,0.12490873
-0.11892346,0.33932102,-0.15283287,0.17492387,-0.33190432,0.07782941,0.18180767
-0.013137303,0.48698032,-0.078054965,0.062198684,-0.40836197,0.044794545,0.24158439
0.11432252,0.6355607,0.0053820387,-0.015773803,-0.48816445,0.0083455555,0.2813194
0.29084584,0.7757615,0.07713787,-0.101901636,-0.57535946,-0.03416331,0.32367545
0.46433887,0.90481997,0.13547555,-0.17612563,-0.66064143,-0.07588691,0.35911375
0.6320175,1.019799,0.1976744,-0.25427026,-0.7428792,-0.116363995,0.38834295
0.79059684,1.1190513,0.25792056,-0.32989448,-0.8208763,-0.15562615,0.40932786
0.93262357,1.2024832,0.30299982,-0.3959563,-0.8909278,-0.19131115,0.42326078
1.0548046,1.2676495,0.3439002,-0.4488011,-0.9563873,-0.22404164,0.4306263
1.1533605,1.3155236,0.37588444,-0.4890179,-1.0137296,-0.25233802,0.43227667
1.2270654,1.3467453,0.3976745,-0.51471585,-1.0596485,-0.27536666,0.42620906
1.275043,1.3643603,0.41197675,-0.5260066,-1.0947345,-0.29311037,0.41307542
1.2970507,1.3672361,0.4183414,-0.52408516,-1.1186242,-0.3071041,0.39416727
1.293215,1.3614069,0.41978014,-0.510654,-1.1307534,-0.31413943,0.3698061
1.269917,1.3477544,0.41915667,-0.488123,-1.133081,-0.31568077,0.34105945
1.225747,1.3246254,0.41756105,-0.45870167,-1.1227926,-0.3120361,0.3091098
1.1639693,1.2924696,0.4151054,-0.42315906,-1.0995158,-0.3035214,0.27668
1.0862954,1.2522948,0.41275066,-0.3832823,-1.0615574,-0.29051635,0.24254
0.9990219,1.2058641,0.4114083,-0.34166697,-1.0128655,-0.2734354,0.210499
0.90548736,1.1543856,0.40987659,-0.30173075,-0.9548812,-0.2543227,0.17756714
0.80998766,1.0990372,0.4078992,-0.26536018,-0.89328647,-0.23430571,0.14841436
0.7215471,1.0412493,0.40296233,-0.2296142,-0.826432,-0.21384838,0.12074751
0.6358225,0.98306775,0.39714783,-0.19706184,-0.7570563,-0.18868673,0.09395515
0.555397,0.9305819,0.39011264,-0.16667368,-0.68757784,-0.15761706,0.070501655
0.4816989,0.88134265,0.37781832,-0.13902399,-0.61692905,-0.12985292,0.049159892
0.41546124,0.8337966,0.3571121,-0.113704324,-0.5466039,-0.11097891,0.029560104
0.35681662,0.7867456,0.32766998,-0.09096606,-0.48021516,-0.09754451,0.012258619
0.3049796,0.740769,0.288592,-0.06524788,-0.40757266,-0.09110247,-0.004249662
0.26113364,0.69702744,0.24158937,-0.03192668,-0.33323753,-0.099209554,-0.020556435
0.22173014,0.6550973,0.18617901,0.00034043193,-0.25785607,-0.123381965,-0.038219117
0.18781467,0.61384356,0.13281052,0.031621024,-0.19059363,-0.16302326,-0.05730371
0.15631571,0.5735228,0.084488325,0.06458906,-0.12888819,-0.21596995,-0.076094955
0.12609354,0.53343534,0.040961973,0.11076322,-0.0681792,-0.2820263,-0.09546575
0.096559964,0.4950518,0.007491529,0.15080437,-0.02278585,-0.35126287,-0.11513844
0.069151305,0.45649207,-0.024880514,0.18951969,0.025042914,-0.42617244,-0.13303046
0.04367128,0.4210912,-0.087753445,0.22295155,0.08181424,-0.50840104,-0.1484012
0.018138234,0.384013,-0.16587323,0.2539298,0.13508666,-0.5936904,-0.16286993
-0.010104902,0.34403372,-0.2462227,0.28603142,0.18349141,-0.68056685,-0.1850051
-0.043904968,0.30111146,-0.32420596,0.31951642,0.22384548,-0.76621836,-0.20592499
-0.080579005,0.25614697,-0.3970269,0.3511365,0.2631834,-0.8394551,-0.22325996
-0.11899609,0.2095431,-0.45891464,0.37876445,0.29703736,-0.9053095,-0.23742601
-0.15771261,0.16318385,-0.50780004,0.4030509,0.3204152,-0.96056056,-0.25033042
-0.20191601,0.115331784,-0.54356676,0.42907387,0.34019533,-1.0041037,-0.26819226
-0.23830953,0.06673843,-0.56624717,0.45391437,0.35035735,-1.0338959,-0.28690258
-0.27159786,0.022792272,-0.57407874,0.47575578,0.35113567,-1.0489583,-0.30077538
-0.2978939,-0.019458733,-0.567789,0.49213627,0.3450499,-1.048488,-0.31021395
-0.31671235,-0.048708946,-0.5484729,0.5103174,0.32648838,-1.0340381,-0.3185536
-0.3286212,-0.06674142,-0.5177639,0.5312578,0.30123815,-1.0034132,-0.32143232
-0.33227322,-0.08804966,-0.47711962,0.551716,0.2719264,-0.95790744,-0.31827107
-0.3286614,-0.11002534,-0.43049777,0.5708017,0.2392557,-0.90012676,-0.3104196
-0.31746492,-0.13396883,-0.38159567,0.58967364,0.20690796,-0.8318527,-0.30057648
-0.3007666,-0.15589687,-0.33158603,0.5975296,0.17453977,-0.75586843,-0.29196128
-0.28059423,-0.17591195,-0.2827898,0.60262585,0.1475325,-0.6750082,-0.28560326
-0.26082537,-0.19166334,-0.23959106,0.6069352,0.12583241,-0.59222627,-0.28004605
-0.2434125,-0.20397647,-0.204005,0.61003953,0.108046114,-0.510967,-0.27642256
-0.22912908,-0.21489353,-0.1749531,0.61157286,0.09502771,-0.4322126,-0.27455905
-0.2186208,-0.223607,-0.15584138,0.613464,0.08683625,-0.35868827,-0.27095613
-0.21250477,-0.23459704,-0.14187524,0.61409676,0.08369333,-0.29463625,-0.26850036
-0.21146941,-0.25154102,-0.1344121,0.6133655,0.08492614,-0.23449293,-0.26664445
-0.21658692,-0.26631737,-0.133345,0.61101353,0.092155576,-0.17927545,-0.2657332
-0.22797641,-0.28138667,-0.13570143,0.6062831,0.10632865,-0.13177651,-0.26607585
-0.24463701,-0.29405057,-0.13767073,0.5949743,0.12752521,-0.0891849,-0.2639251
-0.2651311,-0.30558872,-0.14149605,0.57991993,0.14762333,-0.055791475,-0.25600022
-0.28687596,-0.31550938,-0.14914611,0.55916244,0.16417727,-0.02947057,-0.24526018
-0.30603343,-0.321375,-0.15327838,0.5345716,0.1802057,-0.007925954,-0.23368716
-0.32364947,-0.32417297,-0.15473786,0.50543195,0.19526511,0.009428553,-0.22105506
-0.34020948,-0.3217137,-0.15390086,0.4697169,0.20673041,0.024599861,-0.20621324
-0.35194126,-0.31408006,-0.14911786,0.4265039,0.20908704,0.042209465,-0.19016117
-0.35956076,-0.30248827,-0.13954395,0.38225317,0.21331677,0.0599225,-0.17259157
-0.36181617,-0.28724366,-0.12345137,0.33633107,0.21597669,0.07476492,-0.15180254
-0.35540447,-0.26941216,-0.100816846,0.29082283,0.21978873,0.085830785,-0.1289753
-0.3404018,-0.250202,-0.076432064,0.25189865,0.21921942,0.09693397,-0.109778896
-0.3162844,-0.2340286,-0.04897797,0.21758842,0.2179504,0.10776213,-0.09445977
-0.2840786,-0.22109044,-0.019205734,0.18352452,0.21693924,0.118283965,-0.08649446
-0.24408254,-0.21337472,0.0066384226,0.15174718,0.21667829,0.13128006,-0.08318575
-0.19746676,-0.21205781,0.0272725,0.12536003,0.21891668,0.14563155,-0.083228186
-0.15001461,-0.21836697,0.04193157,0.1004682,0.22185332,0.16386539,-0.08750613
-0.10641361,-0.23598413,0.060242224,0.08017972,0.22696385,0.18320432,-0.09252104
-0.069362886,-0.25988847,0.07946165,0.06773494,0.2311126,0.20754936,-0.09427753
-0.03643056,-0.28864783,0.09333208,0.05802821,0.23414037,0.23587316,-0.09092121
-0.006529145,-0.32593226,0.10623915,0.04142995,0.23670942,0.26526213,-0.07832353
0.031879585,-0.37278455,0.116769135,0.022099564,0.2423557,0.29812878,-0.06028819
0.073696464,-0.4282477,0.12400755,0.0086740665,0.24989074,0.33317107,-0.03549166
0.109689854,-0.48812014,0.13711591,-0.0031583598,0.26048887,0.3635944,-0.015009187
0.13586643,-0.5517788,0.15302709,-0.014073979,0.27227232,0.38783222,-0.003516093
0.1522252,-0.6133419,0.16892388,-0.029171858,0.2763462,0.40300447,0.013994336
0.15342782,-0.6680579,0.18497449,-0.05088415,0.26798117,0.4177599,0.0361764
0.14889553,-0.7169771,0.19926566,-0.07662238,0.25877264,0.43550295,0.05973649
0.1362508,-0.76242685,0.2114402,-0.1040739,0.25096273,0.455348,0.083398394
0.11541621,-0.80325913,0.22304577,-0.13427395,0.23891151,0.47377652,0.106576204
0.08799295,-0.8373492,0.23354383,-0.16698933,0.2230758,0.49078432,0.13632314
0.06035837,-0.86441153,0.24274158,-0.19933894,0.20344995,0.5058872,0.17071769
0.036598794,-0.8843382,0.24996889,-0.2324844,0.18479124,0.51824033,0.20928268
0.011493154,-0.897176,0.2551407,-0.26337075,0.1696253,0.526697,0.24479166
-0.024789818,-0.9031737,0.25733188,-0.2892838,0.15839772,0.5307421,0.27497014
-0.06541475,-0.90097535,0.25590563,-0.3091328,0.14587784,0.52984107,0.29923353
-0.107936,-0.8910115,0.25075972,-0.32314432,0.13578035,0.52325135,0.31689098
-0.14645612,-0.8728234,0.24089514,-0.33055356,0.12979567,0.5089993,0.32751137
-0.18489763,-0.8466458,0.22635664,-0.33031255,0.124985844,0.48730022,0.33071497
-0.2248249,-0.8109939,0.20873678,-0.3196006,0.12295813,0.45770895,0.32432008
-0.26600018,-0.7690916,0.18877485,-0.30039704,0.123087004,0.41837758,0.30437362
-0.30380222,-0.72193664,0.1650683,-0.27455837,0.12413168,0.3723175,0.2779945
-0.33475766,-0.66893315,0.14102204,-0.24143672,0.12562934,0.32297653,0.24816412
-0.35663715,-0.61418104,0.11521011,-0.20640154,0.13062121,0.2694766,0.21718681
-0.370655,-0.55643785,0.08247445,-0.16840145,0.13375746,0.20587853,0.19046703
-0.37802774,-0.49703234,0.045496643,-0.12518805,0.12782536,0.13786867,0.16430962
-0.37829798,-0.4370175,0.014748454,-0.07643698,0.12824172,0.0697161,0.14098677
-0.3711476,-0.3812635,-0.017424464,-0.04095104,0.14161775,0.024857728,0.12125677
-0.35939378,-0.3257206,-0.04867807,-0.021008419,0.15434685,-0.0019517131,0.10679756
-0.3424757,-0.2693836,-0.08703315,-0.00023190305,0.1654486,-0.022053033,0.101178326
-0.3201936,-0.21500783,-0.13018149,0.016468287,0.17660877,-0.056502707,0.09238047
-0.29170737,-0.16301373,-0.16382907,0.031950142,0.18861297,-0.09548878,0.08392405
-0.26068547,-0.11619852,-0.18753585,0.04381263,0.20008793,-0.13023385,0.077779226
-0.22544548,-0.06507124,-0.20186931,0.04887229,0.21115121,-0.15922678,0.07714911
-0.1891078,-0.0204301,-0.206016,0.049032968,0.21881896,-0.1810846,0.07592684
-0.15471622,0.003277406,-0.20245332,0.046557106,0.22412738,-0.19624537,0.07334649
-0.120394714,0.023704477,-0.19249335,0.03793075,0.22724167,-0.20183587,0.072247356
-0.089869924,0.039967097,-0.17890128,0.025931288,0.22842363,-0.19849393,0.072978705
-0.064075865,0.05324228,-0.15993287,0.011613763,0.22810599,-0.18600848,0.074048094
-0.04516846,0.06277685,-0.12939176,-0.004003467,0.22660097,-0.1663929,0.07433616
-0.025883205,0.0701514,-0.09410934,-0.022731531,0.2248056,-0.14121804,0.07327467
-0.0061984435,0.076531276,-0.06270257,-0.039857592,0.22341946,-0.11121162,0.06785552
0.016209267,0.0802256,-0.03077633,-0.05123804,0.22370777,-0.07675319,0.058256634
0.03494153,0.08025508,0.004553698,-0.057503235,0.22300038,-0.04114265,0.042982467
0.052567158,0.07683511,0.040032357,-0.058575395,0.22489658,-0.00872444,0.020812292
0.06755364,0.07065286,0.07231797,-0.05282827,0.22983614,0.013515785,-0.012562163
0.07767241,0.06461868,0.097765744,-0.041014884,0.23943558,0.026836317,-0.047716796
0.08311061,0.05395277,0.11856955,-0.026107617,0.25376508,0.033082996,-0.086052254
0.08515306,0.04036577,0.13399915,-0.009208988,0.2706593,0.033457097,-0.1275362
0.080648676,0.019127727,0.14267235,0.00958716,0.2913771,0.027376715,-0.17830777
0.072045624,-0.0075023845,0.14435677,0.028376494,0.32409745,0.01606264,-0.23911265
0.05705071,-0.04486043,0.13870806,0.044451002,0.36139315,-0.0004687272,-0.2949941
0.041003443,-0.09639144,0.12666127,0.06460619,0.40261018,-0.023571357,-0.34791812
0.024947047,-0.15043503,0.11027571,0.08430143,0.43783543,-0.05090551,-0.394322
0.010529958,-0.20429073,0.08947043,0.10285969,0.46936503,-0.08152061,-0.43413618
-0.0029171482,-0.25612357,0.07359053,0.11682449,0.49810335,-0.1137523,-0.46544418
-0.011587262,-0.30234402,0.059382156,0.12831137,0.5228025,-0.147044,-0.48311058
-0.016136147,-0.3385924,0.046609953,0.13411866,0.53844434,-0.17860362,-0.4816697
-0.017108537,-0.36584646,0.03143932,0.1315956,0.5445588,-0.20288974,-0.4634677
-0.01348684,-0.38071704,0.022157572,0.12138368,0.5401521,-0.21869525,-0.43140653
-0.004858613,-0.38232458,0.016217336,0.10556851,0.5239691,-0.22471899,-0.38923085
0.008113824,-0.3711614,0.018833317,0.08391355,0.49474967,-0.21938181,-0.33727616
0.026362143,-0.35018557,0.024779096,0.058228068,0.45520136,-0.20107606,-0.2786892
0.05730336,-0.31883097,0.027207896,0.027642768,0.40656283,-0.16951746,-0.21630922
0.100946665,-0.27838326,0.03368617,0.0008028522,0.35095045,-0.1263,-0.15084681
0.14623259,-0.22804789,0.04501221,-0.02123433,0.2886083,-0.07230892,-0.073673785
0.20367205,-0.17296675,0.06209773,-0.044567473,0.21915182,-0.021319702,0.017296337
0.272552,-0.118841305,0.08187369,-0.0716788,0.16236106,0.027893418,0.09948447
0.35178375,-0.06757174,0.09735027,-0.11422552,0.10148804,0.061360583,0.1950593
0.4323102,-0.020743169,0.11598833,-0.16815177,0.049165487,0.11521789,0.298261
0.5099742,0.010347679,0.14254722,-0.23315208,0.004175417,0.21409002,0.41215727
0.58326733,0.049904898,0.17010911,-0.30141374,-0.06110593,0.31623635,0.52397656
0.651924,0.0967596,0.19837868,-0.3698464,-0.15046349,0.4379272,0.6299709
0.7158541,0.14974426,0.22160214,-0.44013178,-0.24382973,0.55713475,0.7276317
0.7715225,0.20126121,0.24448106,-0.50828284,-0.33775273,0.6745076,0.81465256
0.81878567,0.25211638,0.26933968,-0.5718383,-0.4231415,0.78738624,0.8886547
0.85791165,0.29538012,0.29354653,-0.62944335,-0.50241864,0.8926694,0.94614756
0.88850665,0.3312735,0.3161072,-0.6827747,-0.57767326,0.9894584,0.9875696
0.91014934,0.36102974,0.34005198,-0.7284687,-0.6362341,1.0744131,1.0132915
0.9198426,0.3832246,0.36745688,-0.76883584,-0.6820048,1.1440992,1.009506
0.9173552,0.3972684,0.39501494,-0.8043966,-0.71388555,1.1980789,0.98367965
0.9075819,0.40413523,0.4125661,-0.83527374,-0.7344559,1.2355851,0.93612087
0.8988281,0.40688467,0.42852917,-0.8585918,-0.744599,1.2557169,0.87419975
0.8817455,0.4062761,0.4452977,-0.87504256,-0.74415654,1.2560823,0.8001567
0.85488886,0.40715748,0.45912576,-0.8861398,-0.73850524,1.2366164,0.7161728
0.8182484,0.40333807,0.4694298,-0.89072317,-0.72687066,1.1991832,0.62433434
0.76820683,0.39560091,0.46846327,-0.88686055,-0.70900774,1.145133,0.5289427
0.7045156,0.3833955,0.4620487,-0.87150204,-0.6846293,1.065527,0.4340681
0.6339934,0.36517602,0.44691557,-0.8435927,-0.65372384,0.9688573,0.3318509
0.5581812,0.34441316,0.41984048,-0.8038921,-0.61395216,0.85871273,0.238747
0.48154718,0.321016,0.37981912,-0.7496565,-0.5676737,0.73352295,0.15403564
0.4008894,0.29754776,0.32852846,-0.67840785,-0.51648444,0.5934316,0.07239502
0.31089774,0.27521175,0.26717114,-0.59033614,-0.4614313,0.44108623,-0.0044302642
0.20610574,0.25695348,0.195992,-0.48555106,-0.40000948,0.28329468,-0.08379808
0.096018046,0.2406845,0.123219855,-0.36710098,-0.3353061,0.12489085,-0.13855995
0.00585106,0.22106932,0.044446547,-0.24350595,-0.2750623,0.0007510856,-0.18411753
-0.058364756,0.20138247,-0.024312213,-0.13188827,-0.21333808,-0.11561198,-0.23879501
-0.13155735,0.1761103,-0.07410064,-0.026766013,-0.15236846,-0.2457481,-0.29452673
-0.2134687,0.15377606,-0.14073947,0.07863806,-0.095095254,-0.38784295,-0.35084906
-0.29452503,0.13266024,-0.2247782,0.20871443,-0.044366084,-0.51882815,-0.41890904
-0.37759945,0.1155912,-0.3136778,0.3455873,-0.010425694,-0.6377984,-0.4774094
-0.4552165,0.10929431,-0.4069656,0.49888772,0.007653706,-0.741598,-0.52413833
-0.52279997,0.105321586,-0.48869658,0.6530853,0.015234485,-0.82795405,-0.5564517
-0.57112926,0.103149936,-0.5552125,0.79884577,0.02166354,-0.8990475,-0.56912553
-0.60624504,0.105912015,-0.6069031,0.93065816,0.02583687,-0.95091915,-0.56848
-0.6297482,0.10821648,-0.64443636,1.0467074,0.026246391,-0.9858501,-0.55915356
-0.637099,0.1099477,-0.6686488,1.1464068,0.022982232,-1.0064626,-0.54509544
-0.6321831,0.11034416,-0.68343526,1.2288879,0.01860135,-1.0124708,-0.52975893
-0.6165053,0.10912308,-0.69054383,1.2943801,0.013398133,-1.004737,-0.50991595
-0.5913843,0.10529064,-0.68985945,1.3424557,0.0066073835,-0.9878527,-0.48379335
-0.5585636,0.09948492,-0.67910576,1.3750023,-0.00095584244,-0.9641602,-0.45274708
-0.52012014,0.089695334,-0.66094637,1.3944815,-0.0073007345,-0.93583417,-0.41832504
-0.478209,0.07500495,-0.6362475,1.4014142,-0.012772299,-0.904137,-0.3819746
-0.42864665,0.059663042,-0.6075051,1.3967432,-0.018122263,-0.8718592,-0.34640715
-0.37927696,0.044493288,-0.57822895,1.381656,-0.023905411,-0.8381319,-0.3116633
-0.33019036,0.027685255,-0.54787034,1.3564657,-0.028574698,-0.8042308,-0.27728465
-0.28203285,0.013437226,-0.515524,1.3227257,-0.03178949,-0.76503223,-0.24766347
-0.23312756,0.0032609329,-0.48165584,1.2815574,-0.034284428,-0.7202673,-0.21811691
-0.18954232,-0.0075863414,-0.4470399,1.2306877,-0.036714725,-0.6711592,-0.18774223
-0.14809379,-0.014579434,-0.41165206,1.1731921,-0.038468786,-0.61738235,-0.1591732
-0.106008075,-0.020076748,-0.37534255,1.1093751,-0.040377624,-0.5590335,-0.13189459
-0.06515957,-0.020386554,-0.3389177,1.0408286,-0.04250946,-0.49272394,-0.103006765
-0.024735488,-0.008191559,-0.3050056,0.9675152,-0.045321055,-0.4183671,-0.066589445
0.014663942,0.007814005,-0.26583472,0.88691324,-0.047156043,-0.33933148,-0.029701129
0.05189255,0.030757457,-0.22457379,0.7988259,-0.045721643,-0.2544551,0.0033807755
0.08664795,0.05838275,-0.181782,0.7030808,-0.043781973,-0.16218051,0.036019046
0.1268392,0.09469411,-0.13904214,0.59952396,-0.042752944,-0.06602974,0.07074304
0.16571128,0.13039386,-0.09452686,0.4888997,-0.038371883,0.015529849,0.09961063
0.20159206,0.1668003,-0.050858885,0.37524456,-0.032189406,0.073398754,0.12433608
0.23213986,0.19786422,-0.0060993806,0.26256794,-0.02741786,0.13460594,0.15298621
0.25956622,0.23040704,0.037970647,0.1570752,-0.020590425,0.20615235,0.188434
0.28124237,0.25742668,0.078210905,0.07878283,-0.012884669,0.27936384,0.22234935
0.29586235,0.2788263,0.119049475,0.010874144,0.0012454689,0.3566308,0.25267994
0.29598585,0.29071826,0.16585422,-0.07432817,0.017810896,0.42462862,0.28027135
0.2877246,0.29533488,0.20192897,-0.17927605,0.030772224,0.48140317,0.2911407
0.2736181,0.29013968,0.24004346,-0.3012607,0.04542941,0.5200843,0.29827878
0.26198572,0.2742474,0.2753423,-0.4252279,0.05964458,0.54044616,0.29274255
0.23332283,0.25046182,0.30429965,-0.53031796,0.077007115,0.5399544,0.28552052
0.1940552,0.2116177,0.32602477,-0.61759526,0.09945233,0.5222754,0.2803991
0.15516496,0.16384809,0.3331879,-0.6903148,0.12791759,0.49337283,0.270926
0.10827196,0.12556852,0.3369502,-0.7465927,0.15995091,0.4674586,0.25654194
0.051872022,0.0943511,0.33226398,-0.78881615,0.19643806,0.45094407,0.22748648
-0.0020353273,0.06329669,0.31999817,-0.81594115,0.23952955,0.4279872,0.19716446
-0.06372083,0.020730503,0.30145824,-0.83177173,0.2897631,0.3974322,0.17048483
-0.12160168,-0.03080979,0.27760446,-0.8373221,0.34546146,0.36250082,0.14140469
-0.17583218,-0.08794801,0.24878025,-0.8336616,0.4000598,0.32404003,0.10995522
-0.23221138,-0.15358266,0.21844101,-0.8208732,0.45926532,0.27800968,0.08257221
-0.28663614,-0.22708969,0.18588684,-0.80139905,0.52090025,0.23137555,0.047213
-0.3439837,-0.30473763,0.15265371,-0.77568674,0.5815282,0.19389841,0.008477628
-0.40611675,-0.38389367,0.11479742,-0.7473628,0.6419309,0.16261277,-0.03119234
-0.4696971,-0.46229595,0.08222762,-0.715287,0.70145744,0.13240546,-0.07693972
-0.53276896,-0.5387435,0.052963547,-0.680327,0.75797987,0.10866505,-0.118343905
