0.21532257,-0.050110333,-0.28925642,0.1621309,0.39019018,-0.4055046,-0.2945093
0.19999906,-0.05183235,-0.24930824,0.13084851,0.36986315,-0.3881232,-0.27272803
0.18606389,-0.05079263,-0.20554863,0.10073788,0.34463528,-0.36398923,-0.25371245
0.17454489,-0.047690578,-0.15725784,0.072282486,0.3135818,-0.33244532,-0.23575209
0.16836107,-0.044225786,-0.10506644,0.044434942,0.27697513,-0.2932858,-0.2104271
0.16777158,-0.040146224,-0.06534363,0.017427268,0.23737906,-0.24644801,-0.17874202
0.17004377,-0.034306522,-0.030073546,-0.0155712,0.19662675,-0.1936443,-0.14215696
0.17264979,-0.02486462,0.0013769205,-0.05104361,0.15633923,-0.13543712,-0.10105329
0.18190145,-0.015986484,0.03980652,-0.08426574,0.11447628,-0.07947634,-0.063263945
0.19667958,0.0020500198,0.08347867,-0.11950775,0.06802358,-0.020103041,-0.04504516
0.21374556,0.029740974,0.13449132,-0.15983443,0.018808348,0.0321828,-0.016716782
0.23160723,0.056960966,0.19738328,-0.19941168,-0.0038329063,0.08267368,0.014501368
0.2508509,0.08636941,0.26845405,-0.23202479,-0.027005266,0.13510098,0.055283744
0.27286494,0.10992085,0.34108037,-0.26054716,-0.056477852,0.2200082,0.09636229
0.2967714,0.13513558,0.40867096,-0.28660196,-0.092041075,0.30695182,0.13196273
0.31997907,0.16084391,0.4694686,-0.30804428,-0.13339683,0.38397193,0.17709953
0.34053287,0.18508983,0.5222276,-0.32441363,-0.17604262,0.4489549,0.21846119
0.35273522,0.20468685,0.565312,-0.33385682,-0.21562216,0.500673,0.24777468
0.3519692,0.21844406,0.5978543,-0.33427754,-0.24252743,0.53819776,0.26845297
0.34250107,0.22712967,0.6200268,-0.32293174,-0.25904423,0.5625448,0.2761026
0.32458955,0.23219962,0.632164,-0.30198058,-0.2653044,0.5757892,0.2714541
0.29383782,0.22990541,0.63597715,-0.27051654,-0.260909,0.5799335,0.25904882
0.25166687,0.22239171,0.6284926,-0.23455249,-0.2590646,0.5740841,0.23992035
0.20105922,0.20965905,0.6105277,-0.18782309,-0.24978046,0.5575432,0.21354142
0.14671168,0.19205493,0.5822403,-0.13288403,-0.24013428,0.53149277,0.17613053
0.09434397,0.16984327,0.54295677,-0.077359326,-0.22544417,0.4972998,0.13445961
0.050727554,0.1454255,0.49445805,-0.03273894,-0.20564196,0.45311627,0.09236426
0.012545523,0.121773824,0.43759498,0.0090730535,-0.1822496,0.40324977,0.057405684
-0.022470498,0.10096888,0.37457377,0.043247838,-0.16336197,0.3505668,0.026522376
-0.05859454,0.08574012,0.30833483,0.06285519,-0.15173407,0.30178374,0.004086545
-0.098677695,0.07391781,0.24079296,0.08272156,-0.14445403,0.25292432,-0.015383897
-0.13199933,0.063129954,0.18318656,0.1011952,-0.14249358,0.2076775,-0.02967626
-0.16313288,0.054404944,0.13709383,0.11781955,-0.14571865,0.16695324,-0.044736136
-0.18411806,0.047352303,0.09925801,0.12950231,-0.14682135,0.13377091,-0.063638814
-0.19152422,0.04581373,0.073799856,0.12951228,-0.1467875,0.10901579,-0.07582251
-0.18492052,0.05112569,0.058023345,0.11899345,-0.14589222,0.093516804,-0.08313976
-0.16451226,0.060563184,0.04827175,0.09821565,-0.14212407,0.08883581,-0.08588473
-0.13268444,0.072281666,0.042973377,0.06885248,-0.12864332,0.09177453,-0.081206515
-0.09386114,0.08481261,0.04183887,0.036123265,-0.11071024,0.10010079,-0.05645969
-0.055775322,0.09566741,0.044937506,0.0091323005,-0.08831718,0.10976783,-0.015957126
-0.016660579,0.10268294,0.040555105,-0.017404933,-0.060823936,0.12080659,0.038181722
0.016322646,0.10389196,0.031171171,-0.05544887,-0.02448707,0.13493891,0.089601
0.05033409,0.098101884,0.018210301,-0.098602735,0.009991643,0.15660217,0.13527788
0.10246719,0.086058766,0.0058487584,-0.14785166,0.046741407,0.18030371,0.17169139
0.15974939,0.06907637,-0.0074012848,-0.1955168,0.1020628,0.1981815,0.19458342
0.21547839,0.04916624,-0.018438134,-0.24084516,0.14829893,0.20583133,0.21744981
0.25886637,0.025940167,-0.030291358,-0.2812723,0.20118496,0.20388584,0.23311679
0.29206783,-0.006290368,-0.043060474,-0.31516227,0.2649637,0.19367675,0.24728937
0.31487036,-0.04449708,-0.05750345,-0.3413194,0.33351558,0.17516243,0.25430918
0.32930356,-0.07944229,-0.07851727,-0.3595546,0.4018657,0.14858589,0.2600209
0.32878035,-0.11985107,-0.10315312,-0.3697469,0.46572155,0.11378896,0.2564705
0.31729862,-0.16237584,-0.12330251,-0.37261918,0.5192178,0.075132675,0.24775667
0.29578733,-0.20201373,-0.14236394,-0.36807722,0.5633427,0.04900826,0.22940628
0.26487842,-0.2415018,-0.159575,-0.35806194,0.59810936,0.029694006,0.19935293
0.22194254,-0.2821871,-0.1752728,-0.34103212,0.62384427,0.007592629,0.16850264
0.17019747,-0.32296127,-0.18953538,-0.31873637,0.64237946,-0.017832251,0.1277544
0.113367006,-0.3595271,-0.20176762,-0.28970855,0.65344614,-0.046550736,0.07782253
0.06627312,-0.3901153,-0.21264704,-0.25123048,0.6570569,-0.08741485,0.022937316
0.019084532,-0.4150926,-0.2219822,-0.2132446,0.65366787,-0.13794886,-0.03409796
-0.031826816,-0.43483856,-0.22881246,-0.17560287,0.6434389,-0.18468404,-0.090633586
-0.08552072,-0.44936228,-0.23054728,-0.12769313,0.62648183,-0.23119211,-0.14247048
-0.15154335,-0.460761,-0.23469976,-0.07199988,0.603647,-0.27774486,-0.19112493
-0.224001,-0.47136912,-0.2417054,-0.023411848,0.5756948,-0.31853274,-0.2350601
-0.2973991,-0.47812858,-0.25314224,0.033486582,0.5411483,-0.3545177,-0.2886062
-0.3771488,-0.47807342,-0.2729622,0.101672806,0.5016262,-0.387231,-0.34816396
-0.45420545,-0.4694341,-0.2989408,0.17108387,0.45681584,-0.4205377,-0.40559858
-0.5231495,-0.45690817,-0.32882634,0.24445592,0.4090631,-0.45373157,-0.45520934
-0.58142745,-0.43871617,-0.3599709,0.31887046,0.36031672,-0.48600516,-0.5046547
-0.62715375,-0.41725233,-0.39031616,0.3842637,0.30700293,-0.5139218,-0.5473341
-0.661409,-0.39292642,-0.42127734,0.435221,0.24854845,-0.53620505,-0.57673824
-0.68466604,-0.36634228,-0.45115787,0.47634265,0.19618188,-0.55286396,-0.59698075
-0.69687796,-0.33501205,-0.4802818,0.5053938,0.14908592,-0.563676,-0.606298
-0.6977585,-0.29895735,-0.5067204,0.52091247,0.095658675,-0.56974983,-0.6071481
-0.68743163,-0.26216,-0.52862287,0.52171063,0.050201677,-0.5716391,-0.5971516
-0.6675521,-0.22542177,-0.54430085,0.50959975,0.018611053,-0.56923556,-0.5763713
-0.63457024,-0.1894556,-0.55583763,0.48861566,-0.007459139,-0.5620481,-0.54841244
-0.58579624,-0.1549537,-0.5620967,0.4556053,-0.039411735,-0.55092,-0.51318127
-0.5263189,-0.121584795,-0.5627606,0.41232556,-0.09145217,-0.53677106,-0.47216693
-0.45659482,-0.09109994,-0.55782187,0.3597061,-0.1437717,-0.52003723,-0.43063742
-0.38427722,-0.06957092,-0.54745203,0.30034143,-0.19049928,-0.5022954,-0.3870616
-0.31476706,-0.054980747,-0.5320503,0.24616233,-0.22986768,-0.484261,-0.3409534
-0.25396344,-0.0438613,-0.5114935,0.19960567,-0.26232135,-0.46924728,-0.30016094
-0.20193408,-0.037668023,-0.48716357,0.16067725,-0.2862387,-0.45976895,-0.26225796
-0.16543847,-0.041323088,-0.4633096,0.13893498,-0.30131912,-0.45345744,-0.22029313
-0.14143662,-0.050228022,-0.4412614,0.10841763,-0.30787402,-0.44930023,-0.18377826
-0.13535343,-0.06299369,-0.42393234,0.08502869,-0.30362117,-0.44484776,-0.14626361
-0.14228117,-0.078707814,-0.40918314,0.07202165,-0.28782734,-0.43807387,-0.11878486
-0.16248584,-0.097875826,-0.3974945,0.069206126,-0.26749602,-0.43016914,-0.0886608
-0.19208555,-0.12173934,-0.39239433,0.077830814,-0.24061528,-0.42408976,-0.056610975
-0.23991086,-0.14685181,-0.3955942,0.101299755,-0.20996268,-0.41667664,-0.046908207
-0.29453695,-0.17184894,-0.40632007,0.13893664,-0.17837451,-0.4076518,-0.03098107
-0.3528733,-0.1935691,-0.42262217,0.18981409,-0.15073337,-0.39632437,-0.006505517
-0.40532246,-0.21036424,-0.44294876,0.24599123,-0.12580931,-0.3786673,0.014552756
-0.45023367,-0.2220971,-0.4641394,0.29515395,-0.10272918,-0.35310045,0.040054347
-0.48483613,-0.2273194,-0.48308074,0.34242848,-0.0841407,-0.31977147,0.06543108
-0.5087471,-0.22483121,-0.49804986,0.3835088,-0.071830444,-0.27826977,0.09007129
-0.51940036,-0.21552964,-0.50858486,0.41710037,-0.06911143,-0.2285368,0.11478722
-0.5174814,-0.19696851,-0.5114673,0.4421259,-0.069760256,-0.17045698,0.14698188
-0.5025643,-0.16892846,-0.5044077,0.4586707,-0.076950505,-0.105118185,0.1838047
-0.47384962,-0.13250175,-0.48564866,0.4683585,-0.08991073,-0.037060335,0.22731543
-0.43157282,-0.092186056,-0.4548504,0.4716984,-0.102728605,0.025336018,0.26998666
-0.37814498,-0.056238167,-0.4111045,0.46972296,-0.116858706,0.06990771,0.30619773
-0.31398976,-0.026204007,-0.35959318,0.4596176,-0.13250056,0.11109386,0.33708218
-0.24360906,0.0032415872,-0.3013564,0.4410753,-0.14986873,0.14803913,0.35587063
-0.17531595,0.03251063,-0.23347491,0.41492584,-0.16991673,0.19862624,0.35412827
-0.1132915,0.05597065,-0.16401313,0.38339776,-0.1908946,0.24870788,0.34662074
-0.06028063,0.07529699,-0.101207055,0.35046443,-0.21368696,0.28079528,0.3259662
-0.015341501,0.108501665,-0.05696498,0.3197365,-0.23981795,0.3063852,0.29601362
0.019636525,0.14169838,-0.027845897,0.29407498,-0.26990163,0.32465103,0.26394916
0.04515926,0.17712708,-0.0049596378,0.27326775,-0.30176917,0.33473757,0.2342872
0.062367186,0.21238822,0.018730747,0.25458628,-0.3340466,0.3376729,0.2031896
0.07405106,0.24506275,0.037851896,0.24893229,-0.3664357,0.33666638,0.16674887
0.08232513,0.27607918,0.04976659,0.24940448,-0.396926,0.3294843,0.12906544
0.085075736,0.3057716,0.05295251,0.25718305,-0.42482814,0.31657213,0.087599516
0.08374543,0.3367477,0.04893923,0.26720202,-0.4495287,0.30321884,0.04802795
0.07997429,0.36759192,0.03981966,0.2750593,-0.47042754,0.28911227,0.0157105
0.074982025,0.3981647,0.027010223,0.2785059,-0.4853641,0.27508488,-0.009757537
0.07012194,0.42926043,0.013100216,0.27633032,-0.49261406,0.26025778,-0.037082877
0.06766684,0.46088392,-0.0014832875,0.2662528,-0.4944579,0.24696739,-0.059606314
0.06776744,0.49138227,-0.013923025,0.24940814,-0.4909572,0.24031098,-0.08179935
0.07427234,0.51923656,-0.02428166,0.22468893,-0.48157057,0.23326074,-0.09913092
0.08949773,0.54121554,-0.033083327,0.19448037,-0.46870756,0.22492118,-0.11064766
0.1085891,0.5614135,-0.032359786,0.15629445,-0.45218867,0.21430257,-0.11843617
0.13434604,0.5797788,-0.023112861,0.11051186,-0.43186274,0.20030682,-0.12605065
0.16868131,0.59556675,-0.008240484,0.06375214,-0.40877232,0.18265131,-0.13070793
0.20366055,0.60906255,0.01754131,0.01978795,-0.38519895,0.16470163,-0.13600525
0.24081568,0.6202637,0.057011325,-0.00854415,-0.36002204,0.1474493,-0.13176489
0.27668926,0.6284159,0.104537964,-0.033645388,-0.3328343,0.13337506,-0.11952316
0.3141616,0.6332032,0.15321377,-0.09624828,-0.3082841,0.12085905,-0.107571006
0.35641977,0.6348921,0.20645374,-0.17473088,-0.28764904,0.11118955,-0.09074034
0.39905083,0.6359009,0.26727384,-0.26802334,-0.27005476,0.103344895,-0.07204725
0.4434821,0.63553977,0.33717498,-0.36622423,-0.2585753,0.10247739,-0.047260433
0.4845809,0.63231903,0.41874063,-0.44430628,-0.25314853,0.105611086,-0.024806218
0.5214312,0.6269941,0.49048385,-0.5089368,-0.25265265,0.116489895,-0.0006106244
0.5529661,0.61909986,0.54963154,-0.56114525,-0.2586889,0.13469589,0.03898609
0.5766874,0.6069091,0.5997504,-0.6039187,-0.27165076,0.16700809,0.080175795
0.5934626,0.59177035,0.6386837,-0.6232443,-0.28744483,0.20351419,0.120572366
0.6019585,0.56700927,0.6671529,-0.62938845,-0.30819094,0.24497648,0.15631011
0.6035646,0.53586787,0.6849941,-0.62287354,-0.3346235,0.29083523,0.18799298
0.59742594,0.49603662,0.6920681,-0.6033756,-0.3604482,0.33469436,0.21581486
0.584041,0.44793826,0.68962204,-0.57306206,-0.38575187,0.3734809,0.24117321
0.56075716,0.3927776,0.6761825,-0.5365802,-0.41268855,0.40743658,0.26420748
0.5292728,0.3290478,0.6526134,-0.48800066,-0.43721256,0.4373293,0.2821578
0.49077263,0.26230243,0.6181029,-0.42609277,-0.45769343,0.4632122,0.29167703
0.44603854,0.19576104,0.5733048,-0.35487095,-0.47450697,0.48516744,0.29558247
0.398166,0.14126207,0.5146365,-0.26343918,-0.4881144,0.502264,0.29538974
0.34897462,0.100560024,0.44184652,-0.15669395,-0.49964574,0.51270396,0.2846643
0.29887402,0.06404175,0.35518166,-0.06878858,-0.5094916,0.51909894,0.2713374
0.2453522,0.032816604,0.25380817,0.038589817,-0.5175695,0.5216005,0.2553358
0.19243157,0.008249077,0.1458531,0.15367241,-0.5220179,0.52160674,0.23934938
0.14162405,-0.011522021,0.0642682,0.2652758,-0.52216065,0.5176616,0.22393046
0.09737058,-0.03464908,0.003258767,0.36665866,-0.517824,0.5109012,0.21111475
0.048114114,-0.0636734,-0.044228196,0.4506425,-0.5094128,0.50090533,0.20124643
0.008410334,-0.09245818,-0.10451067,0.5183645,-0.49695837,0.48811758,0.19626157
-0.025220558,-0.12425995,-0.16471404,0.5712229,-0.47547492,0.47311667,0.19670507
-0.05716582,-0.15242551,-0.22487989,0.60789734,-0.44836605,0.45392787,0.1948209
-0.08570475,-0.17471161,-0.283112,0.631543,-0.41814405,0.4281133,0.19740868
-0.107738145,-0.19818051,-0.334279,0.64321476,-0.38586026,0.39486945,0.20256428
-0.12760293,-0.22418465,-0.37477872,0.64118105,-0.35266137,0.35189244,0.20500642
-0.14193293,-0.25382408,-0.4057841,0.6282773,-0.31646213,0.29876575,0.2091708
-0.16361505,-0.28698602,-0.4293251,0.6052837,-0.27090773,0.23786469,0.21570796
-0.18181211,-0.32277933,-0.4418082,0.5674883,-0.21790726,0.17317152,0.2244432
-0.19692142,-0.3575054,-0.44103545,0.51519823,-0.18177529,0.11464723,0.2298123
-0.20775466,-0.3904308,-0.42892212,0.4494335,-0.14277734,0.059648722,0.23633179
-0.21065433,-0.42182955,-0.40609172,0.36537334,-0.095909886,-0.006397935,0.24344788
-0.20449181,-0.45240054,-0.37211567,0.26354903,-0.044832952,-0.09313965,0.25179386
-0.18868992,-0.4806068,-0.32630888,0.16368979,0.0072204503,-0.19643028,0.261457
-0.16876048,-0.5046621,-0.27098915,0.04470398,0.06116619,-0.3005277,0.26329675
-0.14696531,-0.52483106,-0.2180819,-0.062619634,0.12033272,-0.394856,0.25461388
-0.12446142,-0.5404595,-0.1623714,-0.10988074,0.18184635,-0.47035185,0.2379472
-0.10081198,-0.55031335,-0.10750515,-0.16879158,0.22563057,-0.53489697,0.20712358
-0.07328228,-0.5521586,-0.05899507,-0.24229956,0.25923622,-0.5875312,0.17201532
-0.035282787,-0.5458394,-0.021418974,-0.3363505,0.29824415,-0.6290626,0.1378094
-6.338954e-05,-0.52634865,0.009152334,-0.42245737,0.33893475,-0.66022766,0.08335749
0.03196876,-0.49669033,0.039685525,-0.49300453,0.37085953,-0.6832386,0.037269987
0.07178748,-0.4584293,0.061033916,-0.55099005,0.3924532,-0.6972972,-0.004662872
0.11284393,-0.41033724,0.08179018,-0.5981103,0.4003294,-0.70246637,-0.031148156
0.15509282,-0.3551633,0.10186745,-0.63347197,0.39220443,-0.700884,-0.062268082
0.1991463,-0.2921571,0.11905579,-0.6587174,0.37418014,-0.6914143,-0.09339006
0.24186556,-0.22739248,0.13871405,-0.67448676,0.34315166,-0.67462337,-0.11170632
0.28184396,-0.16131519,0.15340137,-0.68331385,0.29674092,-0.6483842,-0.12528057
0.31710806,-0.099087104,0.16633324,-0.68562466,0.24156627,-0.61193645,-0.13200147
0.3474594,-0.042538278,0.17516294,-0.6790242,0.19062147,-0.5652979,-0.12935643
0.37303755,-0.0060066986,0.17813969,-0.6618494,0.13834448,-0.50766474,-0.10948854
0.39569837,0.02945224,0.17605767,-0.63680744,0.08661124,-0.43893468,-0.08490512
0.41062388,0.06639629,0.1702266,-0.60411155,0.04501779,-0.35824117,-0.058341123
0.4192392,0.09688919,0.162724,-0.56301606,0.016905824,-0.2669987,-0.029678663
0.42098606,0.12132622,0.15389392,-0.51102346,-0.0070802635,-0.1680626,-0.00037556977
0.41644725,0.13799852,0.14455862,-0.45156848,-0.023328146,-0.07272031,0.025419326
0.4050689,0.14664991,0.13420558,-0.38324645,-0.035099417,0.0075384737,0.050440006
0.38589296,0.14500238,0.12365409,-0.313532,-0.04152523,0.059629407,0.07356379
0.35665023,0.131821,0.11232655,-0.24643278,-0.04008826,0.10030584,0.092535354
0.31680006,0.10764742,0.09943026,-0.17486985,-0.03159267,0.15614921,0.10762544
0.26571193,0.08065952,0.08721943,-0.105791055,-0.021187667,0.19871484,0.11364546
0.20318952,0.049500015,0.078033805,-0.047915213,-0.010199742,0.24085113,0.11128087
0.13620098,0.01740825,0.07251363,-0.019721074,0.005130799,0.28051147,0.102219984
0.071667016,-0.025888389,0.066869706,0.017976236,0.025363322,0.3083582,0.082394406
0.022797925,-0.08967189,0.05972242,0.051466666,0.052630432,0.3246501,0.054009814
-0.02479956,-0.14723621,0.05109287,0.0807954,0.085912734,0.32642627,0.013965024
-0.075955205,-0.19770287,0.041626457,0.11437043,0.12451205,0.31474873,-0.031597722
-0.15031102,-0.24798699,0.03245939,0.14415455,0.16495572,0.2894703,-0.07533484
-0.22490638,-0.29264346,0.018244842,0.17226891,0.20811118,0.25480556,-0.118737824
-0.29550484,-0.33072963,0.005715275,0.18982121,0.25489765,0.20993645,-0.156666
-0.3554755,-0.36271116,-0.005470822,0.19594902,0.2984499,0.15712489,-0.19198549
-0.40331522,-0.3853416,-0.01489669,0.19145735,0.33897966,0.10170213,-0.22039877
-0.43675,-0.39881423,-0.026997576,0.1726508,0.36913285,0.052591152,-0.24512735
-0.4586165,-0.4014014,-0.03984165,0.14453259,0.39364636,0.020946637,-0.279147
-0.46811697,-0.39394084,-0.051303722,0.11463847,0.4115506,-0.015094676,-0.30651242
-0.4651722,-0.37671292,-0.06429589,0.086788975,0.4241999,-0.08143381,-0.33170068
-0.4506439,-0.34781215,-0.08274166,0.062446117,0.43074623,-0.17221075,-0.35682905
-0.42572454,-0.31286678,-0.10749442,0.052391615,0.43038133,-0.27244896,-0.37547243
-0.39274022,-0.27540746,-0.1338098,0.036620837,0.42429867,-0.36706838,-0.3912584
-0.35260284,-0.23223267,-0.16043194,0.03554467,0.40732834,-0.45325944,-0.41067636
-0.31325123,-0.18407385,-0.18732494,0.038270097,0.38569638,-0.5303469,-0.4330243
-0.2751637,-0.13739389,-0.21450412,0.032310776,0.36259222,-0.59610856,-0.45682487
-0.2400238,-0.09380007,-0.24289581,0.02878215,0.33590463,-0.651124,-0.48234922
-0.21437357,-0.05441533,-0.27213234,0.02799887,0.3075182,-0.6960067,-0.50963354
-0.19490631,-0.016604787,-0.30421886,0.031342637,0.2777386,-0.73311853,-0.53800905
-0.18188891,0.010471436,-0.34388238,0.041129105,0.24558419,-0.76214933,-0.56910026
-0.17490882,0.03928705,-0.38522017,0.055219654,0.21622603,-0.78334504,-0.5990992
-0.17582437,0.069609255,-0.42703068,0.07408543,0.18921888,-0.798085,-0.6279126
-0.18447088,0.0944442,-0.46758172,0.094296694,0.16252798,-0.80660385,-0.6562571
-0.2018919,0.112584986,-0.5086572,0.13553321,0.14074181,-0.81074965,-0.6837934
-0.22538415,0.12523583,-0.5474658,0.19032338,0.123284765,-0.81054866,-0.7107604
-0.25454998,0.13327925,-0.5824673,0.24034558,0.11113896,-0.80595714,-0.7322915
-0.28642374,0.13449408,-0.613178,0.29044184,0.10212407,-0.79734427,-0.74696904
-0.31563327,0.13341406,-0.64039975,0.33018032,0.09611963,-0.78475183,-0.7534472
-0.33942306,0.1276683,-0.66399586,0.36574656,0.0934806,-0.7680992,-0.74893224
-0.35745746,0.118579715,-0.68260485,0.39188096,0.09359923,-0.7473808,-0.73362184
-0.366135,0.103280604,-0.69459385,0.410311,0.10065998,-0.72299665,-0.7069228
-0.3659664,0.08667098,-0.70255125,0.41642946,0.11131362,-0.6945723,-0.6642096
-0.3571791,0.07769248,-0.7066475,0.41467196,0.122189954,-0.6636495,-0.60235864
-0.33607623,0.054855134,-0.7074802,0.4103169,0.1346324,-0.63091344,-0.5261859
-0.30420017,0.02988049,-0.7044828,0.39279595,0.14739993,-0.5962954,-0.42683065
-0.26149085,0.007370883,-0.6978959,0.36503595,0.15975168,-0.5612948,-0.31152463
-0.20857166,-0.02296816,-0.68698937,0.32978186,0.17079078,-0.52537817,-0.18834905
-0.15024023,-0.058812678,-0.6727927,0.294797,0.18084244,-0.49071684,-0.0767093
-0.08810439,-0.09350949,-0.6548909,0.2608469,0.18628928,-0.4567082,0.011187839
-0.026163023,-0.12561361,-0.630189,0.21838975,0.18590508,-0.42312267,0.10490354
0.029184077,-0.15413862,-0.59918404,0.18346621,0.18052274,-0.38739723,0.17751087
0.08552601,-0.17091541,-0.55949295,0.14370528,0.16926137,-0.34982303,0.27416816
0.12471084,-0.17683503,-0.5113977,0.10272681,0.15487583,-0.31018475,0.37975025
0.18064928,-0.16984542,-0.451521,0.062707365,0.13526958,-0.26553768,0.4642959
0.24780579,-0.14943552,-0.38025162,0.013197093,0.10874365,-0.21879718,0.5300305
0.32069403,-0.11726716,-0.30117023,-0.032278202,0.077045895,-0.1678779,0.57483435
0.38806254,-0.07167329,-0.21682405,-0.074740924,0.053424243,-0.11331038,0.601861
0.45054078,-0.020920869,-0.13686341,-0.10915616,0.025894735,-0.06030885,0.6144411
0.508073,0.012677334,-0.060674198,-0.14334466,-0.014559376,-0.0051512374,0.6141272
0.5584606,0.046927243,0.010802089,-0.17954952,-0.057996277,0.04420158,0.60068774
0.6024431,0.097421,0.06913616,-0.21468799,-0.10058166,0.09016201,0.576334
0.640201,0.17605087,0.13702747,-0.2522684,-0.138043,0.16303146,0.53959167
0.67254996,0.2514202,0.2116892,-0.29083747,-0.16754839,0.24796349,0.49391192
0.70077276,0.32509688,0.30695248,-0.33697662,-0.19242896,0.33685523,0.4454669
0.72522473,0.39907873,0.40855315,-0.3651381,-0.21286675,0.4262383,0.40141794
0.74628186,0.46664923,0.50399375,-0.39727005,-0.229123,0.50285876,0.35629368
0.7623858,0.5237878,0.5894033,-0.4367817,-0.24009149,0.5667385,0.30976254
0.77453315,0.56908655,0.660992,-0.47882888,-0.23862673,0.6195409,0.2684827
0.7819276,0.6034523,0.7192558,-0.5178538,-0.22923683,0.6622257,0.23065133
0.7846972,0.6277744,0.76529604,-0.5512445,-0.21081495,0.6968316,0.19875908
0.782849,0.64397895,0.80124193,-0.5825447,-0.1877925,0.7251594,0.17358764
0.77607286,0.65115315,0.82896185,-0.6091708,-0.16590795,0.74752957,0.15520278
0.764325,0.65051305,0.8497185,-0.6312355,-0.14470239,0.76602197,0.13484536
0.74691904,0.6424169,0.8659128,-0.6495992,-0.1219081,0.78102154,0.12020501
0.7228625,0.6267046,0.87782824,-0.6612809,-0.09481862,0.7932991,0.11218072
0.6915368,0.6037127,0.88612926,-0.66636634,-0.071334645,0.80343676,0.11551404
0.65177697,0.57362425,0.8913661,-0.6649498,-0.048404016,0.81222963,0.12308709
0.6017021,0.53611034,0.89343643,-0.656274,-0.02422883,0.8198832,0.13168174
0.5416952,0.4930883,0.89279544,-0.64022565,-0.0015291271,0.82665116,0.137824
0.47187823,0.44457358,0.8893069,-0.6114641,0.01807205,0.83168125,0.14275354
0.39278412,0.39145994,0.8825555,-0.572647,0.03370201,0.83509696,0.14763768
0.3063758,0.32966718,0.8727472,-0.523947,0.05044097,0.83752424,0.15459085
0.21880515,0.2644472,0.85948104,-0.46597108,0.06427922,0.8383901,0.1683535
0.14063151,0.20120938,0.84200567,-0.40003937,0.073984936,0.83824813,0.18470864
0.07880154,0.14093126,0.82047904,-0.3275361,0.084305525,0.8375606,0.20715359
0.034037273,0.087672725,0.7944817,-0.2543353,0.094735146,0.83555424,0.22348048
0.0015057835,0.044089667,0.76475465,-0.18597122,0.10536238,0.83280945,0.2383727
-0.04037908,0.012241199,0.7323037,-0.11894964,0.11456306,0.8288655,0.25895336
-0.08065636,-0.008477809,0.69727314,-0.057343666,0.1219532,0.8237772,0.28033462
-0.10608788,-0.02175948,0.6594298,-0.01711196,0.12822205,0.81789213,0.2990248
-0.11859632,-0.03015207,0.62345254,0.006260773,0.13325046,0.81131697,0.310381
-0.118487075,-0.0316841,0.59166205,0.005159636,0.1353368,0.8045273,0.31515145
-0.10724603,-0.024881715,0.5651473,0.002125681,0.13210231,0.79781616,0.31110573
-0.084771715,-0.011802676,0.5448016,-0.0031604923,0.12830432,0.79115593,0.30158517
-0.058301665,0.0036605285,0.5349763,-0.010906704,0.123408124,0.7842008,0.28964856
-0.030368643,0.02571707,0.5355395,-0.02202061,0.11648579,0.77638113,0.27437326
-0.011866683,0.05593296,0.5434823,-0.040688448,0.10836374,0.7680172,0.25689954
0.02428379,0.09241874,0.5553343,-0.065597236,0.101219945,0.7584902,0.23736715
0.077670544,0.1285763,0.5709286,-0.092501275,0.100059025,0.74619895,0.21425484
0.13410307,0.17029698,0.5911542,-0.12087032,0.09970008,0.72982705,0.18598959
0.18974087,0.20585231,0.6153053,-0.15805037,0.09945644,0.7093661,0.14530398
0.23699357,0.23246124,0.6380642,-0.20324357,0.10008134,0.6816752,0.10288516
0.27815288,0.25140786,0.65594804,-0.25164723,0.10286389,0.6479119,0.058330543
0.30960867,0.26505002,0.6677407,-0.29399088,0.108521864,0.6095964,0.019321157
0.33057275,0.27083412,0.6720492,-0.32432052,0.11824783,0.562202,-0.029864686
0.33977133,0.26712996,0.6706141,-0.33996132,0.13003114,0.50058067,-0.086310804
0.3369143,0.2518725,0.6636355,-0.34225765,0.14284086,0.43554235,-0.14573018
0.32161525,0.22718364,0.65511805,-0.3308122,0.15656018,0.3749584,-0.2009233
0.2926351,0.19279684,0.6396091,-0.30991012,0.17271537,0.30650994,-0.24653494
0.24832435,0.14883338,0.61470455,-0.2724897,0.19875933,0.21484233,-0.28113106
0.19258213,0.09956447,0.57800275,-0.22150809,0.23767956,0.10445425,-0.31152943
0.13284662,0.043856867,0.53412443,-0.16169958,0.28459755,-0.0032853738,-0.34081507
0.07037724,-0.009013751,0.4809581,-0.09486303,0.32579753,-0.09579148,-0.36752677
0.00054326275,-0.06041354,0.4173539,-0.024336101,0.36170286,-0.20422398,-0.39774075
-0.08346385,-0.13105915,0.3415169,0.040055905,0.39801314,-0.31150216,-0.4294869
-0.19478363,-0.19210748,0.24858013,0.10425358,0.4397774,-0.41316265,-0.46077684
-0.31376278,-0.24869479,0.13387626,0.1626849,0.47909528,-0.5124429,-0.49037904
-0.43817267,-0.30773515,0.041091602,0.23641649,0.517729,-0.59922934,-0.52237123
-0.5521239,-0.378938,-0.030961495,0.30632338,0.5511761,-0.6659366,-0.55129707
-0.64861965,-0.4500382,-0.14118072,0.3764469,0.5785676,-0.7157207,-0.5777674
-0.72386646,-0.5099843,-0.2362711,0.43679732,0.5936817,-0.75084466,-0.5978211
-0.77784204,-0.5608816,-0.33801374,0.4927674,0.5979794,-0.77390295,-0.6092914
-0.8143206,-0.6004961,-0.43816158,0.5389621,0.58987397,-0.78618765,-0.6099357
-0.8394181,-0.63183296,-0.52067184,0.5767017,0.5741254,-0.7887823,-0.59834504
-0.8546974,-0.6520271,-0.58259046,0.60577464,0.54818285,-0.7820014,-0.5697336
-0.8625689,-0.65877306,-0.6260873,0.6257429,0.51388144,-0.7645551,-0.52414626
-0.86336493,-0.6550267,-0.64883256,0.6377119,0.46673512,-0.73339856,-0.46116835
-0.8564803,-0.6391074,-0.6471281,0.63480306,0.4027598,-0.68795586,-0.3634286
-0.8407624,-0.61137736,-0.6307523,0.6152637,0.3267507,-0.6278592,-0.23289116
-0.8150657,-0.5688201,-0.59908414,0.57956904,0.23937717,-0.5519309,-0.085437566
-0.7787554,-0.5080446,-0.55692494,0.5373982,0.16023368,-0.45954713,0.03965994
-0.7273743,-0.4318143,-0.5048354,0.4877085,0.0925063,-0.35447758,0.121806204
-0.65685415,-0.34407017,-0.44744107,0.42896822,0.020978883,-0.23170261,0.20818087
-0.5669855,-0.25360855,-0.3866376,0.3564864,-0.044919193,-0.10600901,0.29475337
-0.46361256,-0.16260497,-0.32876483,0.27884984,-0.10236537,-0.011270948,0.37419578
-0.3475106,-0.07407063,-0.28380224,0.19476636,-0.15798046,0.049732596,0.4459078
-0.22669962,0.010950491,-0.24676791,0.10396555,-0.20671822,0.0952052,0.513694
-0.10998614,0.081547014,-0.2143728,0.027682625,-0.25388613,0.13779825,0.56692207
-0.008310667,0.14859998,-0.18624476,-0.049922068,-0.29310638,0.18434763,0.6086713
0.08379357,0.20853777,-0.16388758,-0.11382259,-0.32188532,0.22429442,0.6407257
0.1742196,0.26841787,-0.14721385,-0.15446047,-0.34819534,0.2605348,0.6624937
0.28729475,0.3273026,-0.13430414,-0.19436635,-0.3727951,0.29014856,0.6767266
0.38365182,0.38979685,-0.12191818,-0.23045014,-0.39343008,0.31644845,0.6844301
0.46637204,0.44679046,-0.1083852,-0.26242337,-0.4090831,0.3480806,0.68529916
0.5328059,0.5004522,-0.09159035,-0.2955139,-0.42047888,0.3754365,0.68100727
0.5889156,0.54704666,-0.06998979,-0.33719593,-0.43167445,0.40183234,0.6715325
0.63404024,0.5864717,-0.043889467,-0.37864858,-0.4444069,0.42697898,0.6544341
0.66938,0.6215713,-0.01297235,-0.4169853,-0.45823526,0.45241284,0.6329697
0.6997012,0.6530769,0.01896306,-0.4495092,-0.47372702,0.47696468,0.60912246
0.7241888,0.6811763,0.052034203,-0.47762975,-0.49266052,0.5035809,0.58698714
0.74271494,0.7058288,0.08891503,-0.502505,-0.5122286,0.5325066,0.5620583
0.75588846,0.72600776,0.13636747,-0.5213895,-0.529223,0.56257015,0.53606623
0.7632999,0.74140835,0.18112539,-0.53219104,-0.54294753,0.591967,0.5074072
0.76635134,0.75264215,0.22382656,-0.53633934,-0.5551542,0.620006,0.4777341
0.7642315,0.7584821,0.26543897,-0.53042716,-0.5623392,0.64451206,0.4531159
0.75777304,0.7601793,0.3075755,-0.51188684,-0.56409097,0.6656234,0.42754474
0.7471092,0.75901747,0.34628668,-0.4817047,-0.56043816,0.68119645,0.39070988
0.7320411,0.7537879,0.3871627,-0.44397092,-0.5531409,0.6910379,0.34144893
0.71372885,0.7440487,0.4201177,-0.4033176,-0.54121375,0.69571584,0.29394534
0.68946475,0.7327328,0.44147348,-0.3515913,-0.52446926,0.693881,0.2407914
0.658699,0.7189599,0.4547604,-0.29832214,-0.5036765,0.6859423,0.18866822
0.6220542,0.7024597,0.46142867,-0.24158691,-0.47769234,0.6702763,0.14047098
0.57738477,0.6806946,0.46146664,-0.17636599,-0.44670036,0.64638543,0.088210806
0.52497625,0.65317786,0.45561844,-0.111425534,-0.4114738,0.61425245,0.037610475
0.46611422,0.6185665,0.4429932,-0.049049985,-0.37639013,0.5725498,-0.0067235827
0.3988688,0.57689476,0.42505613,-0.003095801,-0.33940712,0.5201303,-0.045817446
0.33117247,0.53218675,0.40246,0.0331208,-0.3001764,0.45560324,-0.084688574
0.253028,0.4825515,0.37370828,0.06351164,-0.2592521,0.38127324,-0.12226973
0.17962494,0.42953604,0.33961928,0.09346188,-0.21886455,0.29637104,-0.15413408
0.11542553,0.3731556,0.300137,0.1232959,-0.17962362,0.20177417,-0.18418969
0.06285399,0.31177768,0.25587243,0.16452791,-0.14353763,0.102761805,-0.2092629
0.009276876,0.2450132,0.21146038,0.20360059,-0.104985,0.0287484,-0.22808786
-0.04446654,0.17571336,0.16465324,0.24205847,-0.062317297,-0.023391707,-0.24507234
-0.08974771,0.10437508,0.11215545,0.28059122,-0.016749298,-0.09048195,-0.2624841
-0.12687406,0.03719967,0.05024127,0.31909397,0.029362971,-0.17980033,-0.27755016
-0.15538917,-0.01628815,0.005031614,0.35407764,0.060253434,-0.2664873,-0.30497107
-0.17554483,-0.063609935,-0.03859756,0.38653845,0.08336201,-0.3434005,-0.33009034
-0.19340104,-0.103886224,-0.087053135,0.4196228,0.10912566,-0.40786412,-0.3590962
-0.20889945,-0.15187751,-0.16323157,0.4480488,0.1469984,-0.4594241,-0.38688177
-0.22303034,-0.1970469,-0.24907078,0.4705597,0.18520553,-0.49666542,-0.41628247
-0.23109305,-0.23866293,-0.33927608,0.49769557,0.22755995,-0.5187984,-0.43150863
-0.23150015,-0.27818918,-0.42070207,0.522464,0.27421758,-0.52562284,-0.44127247
-0.22357732,-0.3094415,-0.48516285,0.53975904,0.32081112,-0.516273,-0.42758727
-0.20740053,-0.33083108,-0.53195935,0.5480277,0.36052865,-0.48925695,-0.3865323
-0.18418713,-0.3402915,-0.563619,0.5477754,0.3938389,-0.44489864,-0.34013012
-0.15433952,-0.34146968,-0.58327246,0.53576267,0.424009,-0.38165513,-0.28638697
-0.11520644,-0.3336476,-0.58962417,0.515746,0.45033342,-0.2964209,-0.22146179
-0.0727535,-0.32063,-0.5812131,0.48712084,0.47070506,-0.19577968,-0.15610054
-0.023669567,-0.3040018,-0.5589094,0.4484555,0.48484474,-0.102653466,-0.0962087
0.021194778,-0.28854373,-0.5244959,0.39850202,0.49298796,-0.02819969,-0.039987847
0.049400624,-0.27589044,-0.47848356,0.3374878,0.49606618,0.03451861,0.012357447
0.07231108,-0.26759654,-0.4202624,0.27084383,0.49649814,0.110686906,0.060402483
0.10283514,-0.26725388,-0.3539562,0.20714499,0.49521732,0.21018623,0.10847874
0.1347296,-0.2737522,-0.28418195,0.15197878,0.49480268,0.31141877,0.15816368
0.162945,-0.2878511,-0.2144115,0.11794246,0.49699408,0.39210638,0.19553421
0.18682568,-0.30873176,-0.15006958,0.08148255,0.5026676,0.45026535,0.22136971
0.20223993,-0.33412424,-0.08916435,0.04629722,0.5105697,0.4874505,0.23889223
0.20405772,-0.36760965,-0.039274722,0.0120480945,0.5225139,0.50665295,0.2471141
0.18982375,-0.4073341,-0.0019403914,-0.014477372,0.5382323,0.5094267,0.24472965
0.16445592,-0.44860768,0.022886505,-0.030452613,0.55678606,0.49631265,0.23366629
0.12703206,-0.4910696,0.03874099,-0.04627765,0.5795233,0.4685362,0.20502324
0.0870099,-0.53180593,0.048790723,-0.057755824,0.6042985,0.42636114,0.16750886
0.051964507,-0.5722002,0.052633632,-0.06558163,0.6310924,0.37113133,0.12545335
0.017013343,-0.6094796,0.051723696,-0.071895145,0.6586338,0.30475253,0.081412494
-0.028787041,-0.64364314,0.049210154,-0.07357472,0.6852317,0.2326326,0.040579665
-0.07307128,-0.67431295,0.041595325,-0.07385537,0.70730114,0.16275938,0.006163261
-0.12546967,-0.70060885,0.02908283,-0.07517765,0.7268905,0.09110378,-0.029768163
-0.18589497,-0.7223257,0.011053184,-0.07925401,0.74334884,0.038368773,-0.05360668
-0.24566513,-0.7384343,-0.010031924,-0.085412405,0.7552707,-0.0032518615,-0.06410995
-0.30212733,-0.74877465,-0.033505883,-0.09208452,0.7625617,-0.04951138,-0.07381467
-0.3496045,-0.75338674,-0.057587747,-0.10398457,0.7653102,-0.0980648,-0.08016099
-0.38511932,-0.7520348,-0.08124082,-0.122251205,0.76191187,-0.1444131,-0.082513236
-0.41042668,-0.7444077,-0.106775254,-0.13872409,0.75029325,-0.1801461,-0.0760682
-0.42592147,-0.72965527,-0.13259576,-0.15106805,0.7273576,-0.21074645,-0.07286805
-0.42709902,-0.7058679,-0.15567532,-0.16294914,0.6922546,-0.23726392,-0.066967964
-0.4170078,-0.6757416,-0.1762379,-0.17083277,0.6427769,-0.25894538,-0.05860779
-0.4013189,-0.6369201,-0.19292837,-0.17748147,0.5758888,-0.2743703,-0.05225747
-0.38401034,-0.5873865,-0.20648298,-0.17944998,0.48533645,-0.28760278,-0.039416444
-0.36839816,-0.5287978,-0.21982758,-0.17257175,0.3707238,-0.29840422,-0.023844799
-0.35498363,-0.46212482,-0.23187453,-0.15732615,0.23634619,-0.3062299,-0.0070358454
-0.34411618,-0.38725975,-0.24284633,-0.1410315,0.10865405,-0.31080246,0.008097503
-0.33952415,-0.30439663,-0.25460228,-0.12094213,0.009822677,-0.31252646,0.018707873
-0.340871,-0.22676669,-0.26782873,-0.089376785,-0.06340451,-0.31054756,0.026099496
-0.34797457,-0.16197954,-0.28328732,-0.045074854,-0.112787016,-0.3081423,0.03010094
-0.36110252,-0.1055212,-0.29738152,0.0022235834,-0.19958714,-0.30272013,0.033605658
-0.38189626,-0.06203104,-0.30892882,0.06715622,-0.26179382,-0.29647112,0.027584625
-0.40762296,-0.034751773,-0.31805825,0.13410957,-0.30820632,-0.2898167,0.009969841
-0.43241104,-0.01638823,-0.32997635,0.20315349,-0.34036413,-0.28175122,-0.00470102
-0.46075502,-0.0013427698,-0.33986482,0.26902843,-0.3584262,-0.27279228,-0.019898416
-0.4902396,0.016427798,-0.34655797,0.32387942,-0.36347902,-0.26266426,-0.038090378
-0.5171019,0.03284991,-0.34976292,0.37334308,-0.35504764,-0.2526675,-0.05355915
-0.5397115,0.04253539,-0.34758386,0.41511548,-0.3334863,-0.24158274,-0.06579114
-0.55722135,0.044636097,-0.3426409,0.45352384,-0.3005597,-0.23021102,-0.07459323
-0.56850684,0.043630473,-0.3362688,0.48358327,-0.25404567,-0.21860138,-0.08039131
-0.5728274,0.035989996,-0.33127666,0.50308686,-0.19653183,-0.20604114,-0.0724445
-0.5695627,0.024853002,-0.32617188,0.5135945,-0.1315515,-0.19322012,-0.054552644
-0.55967903,0.016427072,-0.3218413,0.51762056,-0.06311816,-0.18051592,-0.036029954
-0.54168034,0.005804042,-0.3195968,0.5142696,-0.00016575493,-0.16613397,-0.027949004
-0.5184657,-0.013704623,-0.31359202,0.5040115,0.058032457,-0.15260808,-0.02569385
-0.49074978,-0.03754507,-0.30816656,0.49231023,0.11197158,-0.14548086,-0.026924472
-0.45581186,-0.07041436,-0.30903658,0.4774724,0.17652269,-0.14666866,-0.038558632
-0.41747087,-0.104636125,-0.31678808,0.46700585,0.24488926,-0.15438578,-0.057127576
-0.37700683,-0.14200933,-0.3309937,0.46233472,0.29902852,-0.16730464,-0.075730175
-0.33710697,-0.17809284,-0.35272554,0.46652034,0.34147078,-0.18666641,-0.106950544
-0.29957423,-0.21075602,-0.3825282,0.4798279,0.37035424,-0.21296218,-0.14235692
-0.26547426,-0.23832986,-0.41780052,0.49987045,0.38969865,-0.24512881,-0.18065663
-0.23616034,-0.26252404,-0.45396146,0.5289374,0.3998134,-0.28362292,-0.2177864
-0.21600026,-0.28211334,-0.4922221,0.5623914,0.40250245,-0.3261091,-0.25393537
-0.20099498,-0.2960249,-0.53287584,0.59996784,0.39601246,-0.37105995,-0.28814876
-0.18746372,-0.3013879,-0.5744896,0.63893807,0.38125417,-0.4160346,-0.31789508
-0.1783109,-0.2991985,-0.6128973,0.67470694,0.35906935,-0.4585836,-0.3408457
-0.16953504,-0.28781247,-0.6450503,0.70987284,0.33230144,-0.49750054,-0.35480967
-0.15840356,-0.26903763,-0.67243576,0.7394376,0.3019645,-0.5309829,-0.36032045
-0.14554836,-0.24271722,-0.6941266,0.7613864,0.27155164,-0.55771077,-0.35599703
-0.13052376,-0.20948574,-0.70989114,0.77745354,0.23811543,-0.57633096,-0.33490217
-0.1139037,-0.16815259,-0.71983826,0.786412,0.20592357,-0.58718204,-0.30588344
-0.09420095,-0.11992621,-0.72374356,0.79014325,0.16955043,-0.58982325,-0.2668623
-0.07208267,-0.0718336,-0.72138274,0.78887904,0.13328996,-0.58416665,-0.22350402
-0.041972395,-0.025243912,-0.7119203,0.7817083,0.09874162,-0.56952655,-0.17455834
-0.016230842,0.03352251,-0.6941227,0.7672706,0.062228184,-0.5451531,-0.11576232
0.011005162,0.09436351,-0.66712075,0.74461967,0.019319696,-0.5113491,-0.05149135
0.042862248,0.15784422,-0.63069755,0.7131833,-0.021651762,-0.46862873,0.009573036
0.071077295,0.22138745,-0.5844184,0.67197424,-0.062220458,-0.41751164,0.061164316
0.09248991,0.2786324,-0.5277701,0.62096775,-0.09748663,-0.35483465,0.0931419
0.11319166,0.32445958,-0.4602658,0.55484164,-0.12336738,-0.27950206,0.12808803
0.14111617,0.35781083,-0.3806874,0.480107,-0.13908361,-0.19660282,0.16066308
0.17860378,0.37904412,-0.29229185,0.3933994,-0.15074351,-0.11605308,0.1828481
0.21323188,0.39646772,-0.20432805,0.29582658,-0.15957336,-0.042738717,0.20328316
0.24360684,0.40494543,-0.12517485,0.20422903,-0.1647416,0.017154036,0.21291791
0.2694973,0.40200514,-0.056662608,0.13350767,-0.1680826,0.06667224,0.2141987
0.28652582,0.3868416,-0.008560002,0.06987811,-0.16956715,0.11665651,0.2035513
0.29135284,0.36184627,0.019255476,-0.0046510324,-0.16658305,0.17008367,0.17933016
0.29016185,0.3277398,0.04451245,-0.05136627,-0.15971991,0.2167624,0.14670368
0.28256315,0.2880142,0.06726318,-0.09399463,-0.1497494,0.2552496,0.1069994
0.27321684,0.2466333,0.081012584,-0.12165172,-0.1371969,0.28326312,0.0691137
0.2623851,0.19711117,0.086536966,-0.13714439,-0.12076362,0.300423,0.039084416
0.24768609,0.14395058,0.08444638,-0.14800628,-0.10144438,0.3063035,0.003933938
0.22916067,0.08911218,0.07103313,-0.15723999,-0.08175593,0.3005783,-0.027708534
0.20935738,0.036218133,0.044617657,-0.16179298,-0.059378438,0.28397664,-0.060078505
0.18798631,-0.008539584,0.0100304885,-0.14906082,-0.03628226,0.25659505,-0.0911834
0.1648544,-0.04941218,-0.029139359,-0.11838045,-0.015398911,0.22096139,-0.12758897
0.13965455,-0.084610134,-0.07662948,-0.07111493,0.0037488595,0.17657891,-0.17631353
0.11386922,-0.12018024,-0.1308881,-0.02659009,0.02500878,0.12903365,-0.22435059
0.08606443,-0.15247038,-0.18441041,0.008391156,0.053777516,0.07897323,-0.27085233
0.06037453,-0.18756004,-0.24336548,0.035431076,0.097216584,0.027841099,-0.31468478
0.03433811,-0.22067204,-0.31223276,0.06303494,0.14835311,-0.02309968,-0.36113003
0.01123231,-0.2508726,-0.38723114,0.09897185,0.19683403,-0.08192172,-0.41109258
-0.007842909,-0.278612,-0.46225518,0.13329497,0.2490666,-0.13478278,-0.4570732
-0.025128014,-0.30237207,-0.5312202,0.165097,0.29944938,-0.17978348,-0.49854383
-0.040908992,-0.32213488,-0.593025,0.19373798,0.34651786,-0.22915497,-0.5360391
-0.05275179,-0.33641785,-0.6448904,0.21773617,0.3923649,-0.28073967,-0.5692593
-0.059653398,-0.34638697,-0.68620396,0.23658504,0.43461502,-0.32880494,-0.59518766
-0.06295166,-0.35027596,-0.7166689,0.24552365,0.46946278,-0.36537248,-0.6142814
-0.061379343,-0.34798223,-0.7399923,0.24449055,0.4947339,-0.38965052,-0.62076414
-0.056448016,-0.33696333,-0.7550651,0.23005003,0.5108049,-0.40732178,-0.61349463
-0.045584768,-0.31713125,-0.7616269,0.20212837,0.51953053,-0.42012167,-0.5986545
-0.029319003,-0.2884121,-0.76026654,0.16115591,0.5176239,-0.42808822,-0.57507503
-0.008610126,-0.25217265,-0.75067234,0.111618884,0.50935245,-0.4302462,-0.538868
0.015505156,-0.21431372,-0.73174006,0.060946498,0.49426624,-0.4246121,-0.49590948
0.044070635,-0.17610653,-0.7023711,0.0061594495,0.4715216,-0.4128862,-0.4456576
0.07444657,-0.14128259,-0.6606166,-0.034678496,0.43645945,-0.3964276,-0.3957867
0.11043378,-0.102754645,-0.6031724,-0.09353958,0.39956874,-0.37233454,-0.34387466
0.14482342,-0.0671462,-0.5276527,-0.15240961,0.35924003,-0.33992204,-0.286911
0.17420149,-0.033063315,-0.43194938,-0.21225953,0.3171777,-0.2980569,-0.22732352
0.20344,-0.012697733,-0.3184211,-0.27044672,0.2774008,-0.24665494,-0.16337858
0.22802657,0.0070254114,-0.19118482,-0.33232698,0.24019082,-0.18624283,-0.092343934
0.24796455,0.027584018,-0.06137426,-0.39018255,0.2047772,-0.12386679,-0.022005718
0.2625567,0.04970782,0.05073577,-0.44095907,0.17669784,-0.05962642,0.030332386
0.26821798,0.066213585,0.12971307,-0.4880012,0.15339005,0.0035857367,0.07012672
0.26678476,0.07639068,0.20473029,-0.5256586,0.13665439,0.059339747,0.12190102
0.25839943,0.076724835,0.30254993,-0.55189145,0.12820919,0.11109849,0.18657775
0.24166256,0.06660857,0.4049059,-0.56735677,0.12205436,0.15584633,0.26052597
0.2205189,0.044935632,0.48563755,-0.57383037,0.112452686,0.19939183,0.3362365
0.189289,0.022768915,0.54514813,-0.5761142,0.09764005,0.24291296,0.41587728
0.1544761,-0.0006839762,0.58771783,-0.5737444,0.08017084,0.2861677,0.482063
0.120289914,-0.026450194,0.6144736,-0.5633569,0.06295916,0.32032463,0.52817166
0.090735905,-0.0651359,0.62754405,-0.5422529,0.049538806,0.34207794,0.55894613
0.06560517,-0.1023613,0.62807393,-0.51049733,0.03553503,0.35450196,0.5799848
0.031023705,-0.13285695,0.6166518,-0.46871185,0.01746491,0.36165744,0.59252435
-0.004001257,-0.16424364,0.59433556,-0.42092893,-0.015056338,0.36328384,0.5983149
-0.025116747,-0.18463469,0.56386656,-0.37368354,-0.048450585,0.35973084,0.5978787
-0.035714746,-0.19553915,0.52376586,-0.32867464,-0.09388396,0.35337394,0.591721
-0.03442113,-0.20139742,0.47653493,-0.29382172,-0.14426073,0.34816238,0.5772011
-0.02717605,-0.19662915,0.4241859,-0.26336518,-0.19337459,0.3413539,0.5560843
-0.017114589,-0.18643925,0.3658186,-0.2369525,-0.2559179,0.3339347,0.53011566
-0.003079684,-0.16366677,0.30864263,-0.2147007,-0.32908562,0.32646063,0.50023544
0.0076741446,-0.13606104,0.25722864,-0.19996832,-0.39948764,0.31943852,0.46775547
0.02249758,-0.10018439,0.21536505,-0.1936491,-0.45832565,0.31320328,0.43729872
0.041223988,-0.06189546,0.185476,-0.19630566,-0.51585954,0.3064265,0.40686002
0.062257305,-0.018545963,0.16777854,-0.21194254,-0.5645958,0.29866397,0.37215704
0.08740225,0.0319178,0.1647407,-0.23907806,-0.6031905,0.2904001,0.3312874
0.11761948,0.08389212,0.18504329,-0.27109557,-0.63267195,0.28367963,0.29537356
0.15262176,0.1337207,0.22678742,-0.3122532,-0.6512449,0.27649006,0.25665647
0.19001913,0.19198829,0.287092,-0.37323433,-0.6608425,0.2643375,0.21520415
0.22695626,0.26278585,0.36343777,-0.4413675,-0.6666796,0.25148228,0.18417268
0.2636835,0.33082893,0.44707876,-0.5121906,-0.6672133,0.23653279,0.15384214
0.30023003,0.39964136,0.53161734,-0.5793556,-0.6605992,0.2284411,0.13360213
0.34222093,0.46745652,0.6085668,-0.63744795,-0.64934754,0.2207848,0.11848862
0.38200206,0.5290382,0.67687124,-0.681782,-0.6321818,0.22045028,0.09995139
0.41638702,0.5794232,0.73420465,-0.7137033,-0.60765755,0.2229062,0.07769425
0.4492924,0.6224234,0.7817356,-0.7360656,-0.57880247,0.22939184,0.04781769
0.4811909,0.6537621,0.82075083,-0.7560997,-0.5432611,0.24282879,0.011397464
0.51042944,0.6791723,0.85127264,-0.7701002,-0.50357056,0.2591124,-0.015831161
0.53709996,0.69665325,0.87465554,-0.77968895,-0.47193772,0.27740934,-0.038088948
0.5606744,0.7064549,0.89205354,-0.78566134,-0.4394362,0.29734856,-0.05656559
0.5799122,0.70840746,0.9045566,-0.7875257,-0.40430778,0.31956142,-0.06689817
0.5942826,0.7031779,0.91271424,-0.78129274,-0.365475,0.3411204,-0.07329255
0.60174024,0.6912756,0.91641587,-0.7694757,-0.31967103,0.36060584,-0.0987074
0.60248244,0.67469305,0.9166832,-0.75002545,-0.27310124,0.37848097,-0.12795524
0.59575194,0.65295696,0.9140089,-0.7203505,-0.22639115,0.395657,-0.15566841
0.58016896,0.62543166,0.90812135,-0.6828402,-0.17883678,0.4102919,-0.16788575
0.55451417,0.5882895,0.8983832,-0.63532174,-0.13352773,0.42420265,-0.18265988
0.5186023,0.5455597,0.8844084,-0.5832318,-0.09381773,0.43917644,-0.20435533
0.47133973,0.4961303,0.8651201,-0.5218593,-0.05213049,0.4507286,-0.2308053
0.41307428,0.4448232,0.8388386,-0.45115077,-0.010755015,0.45763984,-0.27408758
0.34815654,0.3938205,0.8053814,-0.37330133,0.023066623,0.46282122,-0.30819476
0.27185187,0.34048465,0.7628546,-0.28056765,0.061786875,0.4646403,-0.3412635
0.18610652,0.2853396,0.71004236,-0.18459862,0.10212236,0.46574455,-0.35617626
0.09652641,0.23252556,0.647483,-0.10564101,0.14646266,0.4643012,-0.36149752
0.033044737,0.18558095,0.57881427,-0.04555949,0.18309565,0.4596854,-0.35950056
-0.014606621,0.14675207,0.50611955,0.029594531,0.21547535,0.45104688,-0.35294047
-0.065843955,0.11704019,0.43192786,0.09144305,0.24202958,0.44019696,-0.32978123
-0.11841886,0.092010655,0.35859686,0.14892454,0.2652882,0.4255835,-0.30142856
-0.16975442,0.06820539,0.29783225,0.2118177,0.28961873,0.4056749,-0.27373484
-0.21473418,0.047915705,0.24237312,0.2664099,0.3073794,0.38126504,-0.24732332
-0.25010288,0.040969126,0.19809873,0.30861062,0.31930894,0.3528195,-0.21953103
-0.27607283,0.036000773,0.1625964,0.3389798,0.3285774,0.3221233,-0.1791251
-0.2925814,0.031765867,0.12998915,0.3587896,0.33348748,0.28901362,-0.14399987
-0.29927555,0.02699069,0.09990747,0.36617282,0.33669502,0.25276452,-0.108880915
-0.2969002,0.018056698,0.0731028,0.36347207,0.3392088,0.21100791,-0.07280098
-0.2865337,0.006818796,0.048383106,0.35573396,0.34088528,0.168858,-0.040137086
-0.26934227,-0.0077946656,0.026350344,0.34379888,0.34532788,0.12555005,-0.014888264
-0.24636126,-0.024563624,0.007690483,0.3286681,0.35520023,0.086116105,0.0042357687
-0.21976969,-0.046537735,-0.009741867,0.31240556,0.37261468,0.043337863,0.01906935
-0.19081326,-0.08069783,-0.024501542,0.29639888,0.39738983,0.004532105,0.026602952
-0.15967801,-0.12630594,-0.039988194,0.27877927,0.42571133,-0.030444361,0.026700359
-0.12864134,-0.1820155,-0.05812112,0.2635058,0.45849615,-0.0661356,0.019834256
-0.10096497,-0.23771599,-0.08708388,0.25103655,0.4987204,-0.10282616,0.006320138
-0.07725965,-0.3002291,-0.12442528,0.24311048,0.5441782,-0.14693734,-0.014946692
-0.061035,-0.3707502,-0.15451749,0.23936778,0.59273875,-0.18887869,-0.036779508
-0.048826158,-0.44722039,-0.18338433,0.24018984,0.6420759,-0.22859573,-0.07007742
-0.044991996,-0.5222235,-0.21106994,0.24557339,0.6878574,-0.26399952,-0.103634134
-0.045017112,-0.5921198,-0.23714304,0.255312,0.72974324,-0.29296988,-0.13373154
-0.051787015,-0.6549888,-0.26274472,0.27017316,0.7672194,-0.31427658,-0.16756329
-0.061848678,-0.709708,-0.28767803,0.29014438,0.7994758,-0.327151,-0.20570332
-0.074789815,-0.7566098,-0.31267837,0.31446734,0.8262061,-0.3353804,-0.2445862
-0.09107715,-0.79580086,-0.33985913,0.3430282,0.84813637,-0.33555964,-0.28087005
-0.11017626,-0.82722837,-0.36943245,0.37794518,0.86599374,-0.33113635,-0.3099084
-0.13146114,-0.8513088,-0.40098324,0.41733545,0.88014835,-0.3242323,-0.33773577
-0.16003047,-0.87022674,-0.43457112,0.4645749,0.8913881,-0.32020742,-0.37045446
-0.19261695,-0.88480353,-0.47287235,0.5124905,0.90011376,-0.32059416,-0.4091295
-0.22656994,-0.8956645,-0.5166419,0.5586207,0.90677,-0.3297597,-0.45026836
-0.26429194,-0.9028864,-0.56085,0.60298586,0.9115437,-0.35122448,-0.49412036
-0.30321887,-0.9068985,-0.60438883,0.6413834,0.91458863,-0.3826964,-0.54032284
-0.3476634,-0.9083796,-0.64353526,0.675798,0.9161209,-0.4252538,-0.58581626
-0.39052224,-0.90740263,-0.6785879,0.70695245,0.91590255,-0.47582838,-0.63095677
-0.43145353,-0.9043654,-0.7095667,0.73166555,0.9139669,-0.5328477,-0.6734005
-0.46880174,-0.89845574,-0.73787504,0.7515786,0.9093902,-0.5911454,-0.7083254
-0.5000443,-0.88942933,-0.75957406,0.768488,0.901874,-0.64908874,-0.738228
-0.5255319,-0.8767739,-0.77546436,0.7827429,0.89096254,-0.70259297,-0.7615144
-0.54583764,-0.8608053,-0.7858112,0.7937966,0.87721723,-0.7511455,-0.77929974
-0.5599171,-0.8399327,-0.79164076,0.8014676,0.8583425,-0.7933916,-0.7929893
-0.56754935,-0.813936,-0.7948341,0.80619466,0.83446413,-0.8289272,-0.80266917
-0.56950593,-0.78179646,-0.79345006,0.8076794,0.803779,-0.8579668,-0.8078538
-0.56507194,-0.74421346,-0.78702056,0.80561674,0.7664869,-0.88081,-0.80868936
-0.5540704,-0.7013163,-0.7758901,0.7997247,0.72260046,-0.8982173,-0.80492437
-0.5359984,-0.6534115,-0.7602852,0.7901393,0.6714336,-0.9112215,-0.79626703
-0.5100494,-0.60035723,-0.7403153,0.776279,0.6116543,-0.92067736,-0.7831812
-0.47398722,-0.53977114,-0.7160058,0.75705093,0.5383686,-0.92694485,-0.76304793
-0.4287082,-0.4769846,-0.6870906,0.73117006,0.4557605,-0.9305442,-0.73511994
-0.37400144,-0.4189501,-0.65390587,0.6977452,0.37198547,-0.9316764,-0.6981529
-0.31222665,-0.36339194,-0.616565,0.6545156,0.2918662,-0.9302529,-0.64728034
-0.24792981,-0.3101416,-0.57558936,0.599549,0.2307288,-0.92608696,-0.580008
-0.18295076,-0.25997156,-0.52950567,0.5291813,0.17202541,-0.91819775,-0.49330634
-0.1171938,-0.21548761,-0.4793087,0.44127715,0.120151676,-0.9057727,-0.39914146
-0.047449477,-0.17345554,-0.42298257,0.33655736,0.06915059,-0.88753647,-0.29734093
0.011172873,-0.13239315,-0.36011186,0.22848375,0.010275643,-0.8614434,-0.18757777
0.04874032,-0.09300526,-0.2915908,0.12505625,-0.04656887,-0.82821983,-0.0833642
0.091801725,-0.0517485,-0.21828221,0.023142776,-0.110751614,-0.7837405,0.003957364
0.14492038,-0.01190608,-0.14611395,-0.053291436,-0.16576196,-0.7237329,0.07186011
0.1952584,0.030969266,-0.07236083,-0.13644187,-0.22189713,-0.6433294,0.11858133
0.24902225,0.07346288,-0.01145401,-0.21642433,-0.27551118,-0.5367666,0.15833017
0.29702786,0.11570127,0.043396544,-0.30760965,-0.32445896,-0.4009687,0.20182908
0.33685747,0.16240816,0.11426521,-0.40044525,-0.37244838,-0.24488792,0.2365244
0.37430328,0.21159479,0.20497143,-0.4862043,-0.41677383,-0.081903376,0.27582443
0.410109,0.26654428,0.30897242,-0.56230265,-0.45967922,0.053807285,0.32377112
0.44242013,0.32862905,0.40248498,-0.6270629,-0.50553364,0.132956,0.37393674
0.4706191,0.3864863,0.4896803,-0.6834215,-0.54904884,0.26876372,0.4250266
0.49387562,0.43518883,0.56800354,-0.727499,-0.58674705,0.4245325,0.47732872
0.512952,0.4825205,0.6343533,-0.76126254,-0.62111723,0.5559834,0.5337106
0.52875024,0.5247242,0.6880475,-0.78819656,-0.6522903,0.6592959,0.5868677
0.54037607,0.562436,0.7310463,-0.80975395,-0.6800274,0.7370886,0.6347463
0.5495076,0.5967338,0.76374316,-0.82765555,-0.7047719,0.79544413,0.6821573
0.5559056,0.62753874,0.7877804,-0.8417136,-0.7269188,0.8385502,0.72649395
0.55678844,0.6532769,0.80373037,-0.8528944,-0.74617195,0.8703089,0.7643758
0.55173457,0.6751127,0.8145844,-0.861567,-0.7622202,0.89337695,0.79533154
0.5405996,0.6935046,0.8214088,-0.867212,-0.77521044,0.91040736,0.818666
0.5232135,0.7088926,0.82494617,-0.8708905,-0.7850781,0.92291176,0.837214
0.49961838,0.7225716,0.8255586,-0.872776,-0.7916007,0.932096,0.85068166
0.4703431,0.73413676,0.82373047,-0.87308216,-0.79557544,0.93902063,0.8600961
0.43554375,0.7433715,0.8198689,-0.8716791,-0.79800117,0.94394517,0.86486393
0.39685717,0.75116825,0.8139554,-0.8686873,-0.79876465,0.9471982,0.86444175
0.35393542,0.75738543,0.8056574,-0.863775,-0.79811287,0.94889176,0.860629
0.30931467,0.7617699,0.7941752,-0.8561125,-0.7951882,0.94919187,0.8516178
0.2646238,0.7639953,0.7801416,-0.8454078,-0.78981686,0.94804084,0.83890074
0.22382665,0.76499385,0.7631521,-0.83085793,-0.7822876,0.94525117,0.8215929
0.20138998,0.76530135,0.74283063,-0.8107239,-0.77299917,0.9404301,0.79691195
0.17794077,0.7652509,0.71844554,-0.78474,-0.76234365,0.93285227,0.76554936
0.1556827,0.76460856,0.69044405,-0.7528636,-0.75073797,0.9218848,0.7242297
0.13840723,0.76364285,0.6587653,-0.7145058,-0.7389898,0.90640086,0.67211896
0.12720276,0.7630017,0.62257016,-0.6697274,-0.72773707,0.885069,0.61375344
0.124334365,0.7626421,0.5819333,-0.6194134,-0.7194122,0.85532,0.55423844
0.12909019,0.7629552,0.53771377,-0.5673382,-0.7136438,0.8163478,0.48149487
0.14045231,0.7638278,0.49086452,-0.51720446,-0.7103026,0.76726365,0.39760184
0.15775424,0.76585174,0.4426903,-0.4689092,-0.70856446,0.70759904,0.3163361
0.18445113,0.76849645,0.39508474,-0.42315373,-0.7097253,0.63867944,0.24586844
0.22175573,0.77186054,0.35026062,-0.38295576,-0.71399486,0.5642168,0.18901539
0.26537436,0.7750031,0.30940744,-0.3507803,-0.7203419,0.4888988,0.1388762
0.30898532,0.7773714,0.27328688,-0.32455635,-0.7273513,0.41607204,0.101221696
0.35139316,0.77847344,0.24368173,-0.30036223,-0.7349534,0.35024694,0.07335053
0.39092273,0.7772295,0.21893565,-0.2801815,-0.7413963,0.29677564,0.05253005
0.42901686,0.77224284,0.20116685,-0.26526055,-0.74530053,0.25415072,0.037035026
0.45722368,0.76315284,0.18671677,-0.2527906,-0.7446482,0.21935861,0.026568444
0.47405344,0.7484535,0.17457904,-0.24388838,-0.7392398,0.19297023,0.020369554
0.47698554,0.72765195,0.16102718,-0.23411442,-0.7295821,0.17206427,0.015394862
0.4632662,0.69717634,0.14531468,-0.21758243,-0.71176493,0.15093042,0.010224166
0.4317729,0.6515678,0.1263208,-0.19662724,-0.68452114,0.12846255,0.001528593
0.37720692,0.5879911,0.103693195,-0.17713355,-0.6456771,0.10774024,-0.010990985
0.2975141,0.5016987,0.07381956,-0.15101631,-0.5919758,0.08716588,-0.028522251
0.18965864,0.3903804,0.04112462,-0.12223662,-0.517551,0.05811054,-0.04662893
0.066450596,0.2640514,0.0009294503,-0.08474221,-0.42630994,0.01916293,-0.065974526
-0.052913606,0.1325605,-0.044850387,-0.033113252,-0.3185859,-0.038799766,-0.0943464
-0.15899143,0.034729213,-0.08946802,0.02135383,-0.19450347,-0.13006966,-0.14973916
-0.31232038,-0.07160177,-0.13403179,0.078694396,-0.06909647,-0.24862707,-0.21251754
-0.48189634,-0.20672078,-0.19804166,0.15124153,0.036257304,-0.36873975,-0.28948304
-0.64101577,-0.36453712,-0.26815495,0.24032651,0.13613546,-0.48289207,-0.37640938
-0.76307124,-0.51071125,-0.33975846,0.33605012,0.29181045,-0.5885247,-0.4723356
-0.8480224,-0.6342392,-0.41023147,0.41840276,0.45039448,-0.6782009,-0.55751413
-0.90158194,-0.72372913,-0.4799133,0.48101598,0.58546305,-0.74711376,-0.6242138
-0.9343226,-0.78644663,-0.53962696,0.5291758,0.68426126,-0.7981666,-0.67469
-0.9538835,-0.82825965,-0.58423483,0.5695982,0.75342876,-0.8341226,-0.7066291
-0.9657223,-0.85687953,-0.61887336,0.59876,0.8019347,-0.8580862,-0.72560513
-0.9729013,-0.8754757,-0.64202714,0.61842716,0.8352783,-0.87308824,-0.73216534
-0.9769191,-0.88663405,-0.65344834,0.62685037,0.8564927,-0.8810047,-0.7253708
-0.97882175,-0.891857,-0.65352035,0.6303954,0.86960995,-0.88320524,-0.7046243
-0.9790291,-0.8914122,-0.641901,0.62293994,0.8761316,-0.87885034,-0.65463877
-0.9776152,-0.8860668,-0.61825395,0.6058556,0.87730855,-0.86793613,-0.5835677
-0.97432435,-0.8755568,-0.5809002,0.573955,0.87316185,-0.8486002,-0.48861176
-0.9685816,-0.8587791,-0.5295117,0.52556115,0.86380816,-0.81833124,-0.3791745
-0.9592905,-0.83466744,-0.46135545,0.4639706,0.8491213,-0.77359533,-0.26300946
-0.94472855,-0.801172,-0.37962615,0.40434414,0.82789755,-0.7114561,-0.15681128
-0.92170596,-0.7554038,-0.3056721,0.33938414,0.7967138,-0.6255686,-0.06694409
-0.88525337,-0.69624346,-0.22455503,0.26559052,0.7541169,-0.51423335,0.0028278641
-0.830291,-0.6236727,-0.14271307,0.190698,0.69988894,-0.38137537,0.07410195
-0.75181293,-0.5393267,-0.063801534,0.10998264,0.634606,-0.22314969,0.14946564
-0.6458845,-0.44690984,0.013817985,0.04133534,0.5585221,-0.062559545,0.23046687
-0.5099826,-0.35191572,0.079461575,-0.02171141,0.47369894,0.07280539,0.30187
-0.35035682,-0.26222232,0.12908082,-0.06956679,0.38875207,0.13992922,0.3552551
-0.19311805,-0.18792024,0.17820945,-0.10871204,0.3207241,0.21727683,0.38980702
-0.061794773,-0.1286036,0.22759637,-0.13044314,0.2606804,0.28789362,0.40314493
0.02788949,-0.082520545,0.26409417,-0.1296483,0.20326865,0.35130996,0.40042537
0.08738545,-0.047727894,0.27462482,-0.11570627,0.14890158,0.39837775,0.378098
0.19265096,-0.02605605,0.25607038,-0.09865944,0.09963729,0.43732432,0.3514107
0.30499965,-0.004195747,0.22678834,-0.07017545,0.058524065,0.46255195,0.32161358
0.4004492,0.015650367,0.19134738,-0.03739734,0.021476746,0.47553548,0.2751343
0.4815553,0.03392607,0.15324754,-0.0069140624,-0.007929975,0.47916296,0.23413928
0.5517918,0.049645126,0.12421596,0.026011858,-0.038708642,0.47436747,0.19310473
0.61020577,0.06418701,0.10174302,0.056617364,-0.06337691,0.4639168,0.15769815
0.6580927,0.08310556,0.07644199,0.081427194,-0.08816694,0.4491078,0.12570089
0.6963303,0.10785576,0.05685725,0.107350565,-0.10463077,0.42823958,0.101029366
0.72688866,0.13568263,0.039992604,0.13058582,-0.11385425,0.40382296,0.07970058
0.7509078,0.1654445,0.027076557,0.14719504,-0.12171045,0.37952423,0.053705987
0.7696008,0.19723739,0.018707484,0.15579803,-0.1322974,0.35569748,0.02935221
0.78338206,0.23078397,0.015791697,0.15710989,-0.13906665,0.33045807,0.009515977
0.7927377,0.2663346,0.019778585,0.15025641,-0.1432542,0.30669922,-0.0043580565
0.79746425,0.30272233,0.029346488,0.13542661,-0.14433055,0.28583628,-0.014361733
0.79818594,0.3395792,0.043488547,0.11454113,-0.14467359,0.26724985,-0.020328717
0.7955062,0.37469125,0.061854873,0.085597895,-0.14657964,0.25430718,-0.019800294
0.790989,0.40562126,0.08043252,0.050924778,-0.15174,0.24736021,-0.015207638
0.78654265,0.4320799,0.10063824,0.014032082,-0.15614322,0.24519134,-0.010539435
0.781238,0.45194262,0.11931727,-0.024680642,-0.16104044,0.24735096,-0.004522276
0.77316374,0.46548876,0.13663398,-0.061172217,-0.16648646,0.25369498,0.0084109595
0.7617586,0.4728095,0.15012653,-0.08922456,-0.1714432,0.26280954,0.033307068
0.7473428,0.47366565,0.16123435,-0.12449963,-0.1763254,0.2748915,0.07244034
0.72947204,0.46729487,0.16818236,-0.16227373,-0.18028377,0.28832754,0.12039619
0.7074157,0.45298126,0.16719086,-0.19726011,-0.18442698,0.302486,0.16334341
0.68076074,0.43050173,0.15717643,-0.21776105,-0.19138965,0.31581807,0.20456587
0.6485594,0.3996572,0.13772064,-0.2201422,-0.19693168,0.32679433,0.2396944
0.6111624,0.36217022,0.11337594,-0.20758577,-0.20182027,0.33525226,0.2711559
0.56710744,0.31607974,0.08360869,-0.18012422,-0.20878567,0.3399186,0.28634104
0.51662993,0.26575682,0.045488104,-0.15124235,-0.21535851,0.3422974,0.29586533
0.45944336,0.21025684,0.0068459073,-0.114611104,-0.22074912,0.33982244,0.29747766
0.39471626,0.14967652,-0.044487182,-0.058771234,-0.22124162,0.3327779,0.29024273
0.3243878,0.08587473,-0.102985516,-0.0012681677,-0.21367002,0.3218796,0.28209785
0.24530303,0.03461223,-0.15835637,0.0741643,-0.20126306,0.31069008,0.27091426
0.17405428,-0.017562762,-0.21510929,0.17948489,-0.18813531,0.2977913,0.25837323
0.1191914,-0.059826437,-0.27092847,0.2867147,-0.17450202,0.29223704,0.23927246
0.07776838,-0.11464391,-0.32546327,0.387586,-0.16346534,0.28857273,0.22287035
0.04103111,-0.15496452,-0.38557526,0.46895316,-0.14824007,0.28903094,0.2060879
0.0113020865,-0.18959725,-0.445371,0.5278675,-0.13139525,0.29323694,0.19088358
-0.014385028,-0.21762045,-0.49757215,0.572456,-0.11511023,0.29912016,0.17779632
-0.03342418,-0.23546275,-0.5435215,0.60352266,-0.09976324,0.30526486,0.16901068
-0.041846476,-0.2415614,-0.57934904,0.6226662,-0.08732878,0.31265917,0.16008167
-0.0403812,-0.23759778,-0.6066766,0.6318898,-0.0746797,0.32093084,0.14971131
-0.029006574,-0.22177477,-0.6281898,0.63016206,-0.0645197,0.32618502,0.13957484
-0.008110085,-0.20096475,-0.6427988,0.61840105,-0.05593036,0.32959124,0.12988421
0.016309448,-0.17265196,-0.65050364,0.59781027,-0.044961154,0.32804856,0.11978921
0.046772245,-0.1356899,-0.65131366,0.5695946,-0.033691935,0.321723,0.10227131
0.07473703,-0.09553196,-0.6454538,0.5338303,-0.03188121,0.31125566,0.10122196
0.09644321,-0.05311457,-0.6338625,0.49114227,-0.030306416,0.29649228,0.108196765
0.12234439,-0.009435961,-0.6164686,0.44063982,-0.026423812,0.27853566,0.11034457
0.1546448,0.024573693,-0.5938088,0.3869905,-0.020625824,0.2566558,0.1050906
0.20128115,0.06523593,-0.56588304,0.33121,-0.010224241,0.23134185,0.09347726
0.2439904,0.11344184,-0.5328115,0.27614334,0.0027638827,0.20498995,0.076204
0.28466177,0.16235328,-0.49384588,0.22370447,0.021921603,0.1814643,0.052409444
0.31696936,0.20851405,-0.4513212,0.1726577,0.043351576,0.15897302,0.02398138
0.34473822,0.2581638,-0.40373605,0.121967025,0.05977381,0.14012975,-0.0064111636
0.36542392,0.30729562,-0.35082453,0.07912161,0.070010915,0.12525961,-0.03669482
0.38199386,0.36451116,-0.2918826,0.04749526,0.06791183,0.11745641,-0.06317385
0.39684168,0.4284397,-0.22643824,0.024663758,0.050369557,0.11633944,-0.08748129
0.4129862,0.4945938,-0.15485325,-0.0011098771,0.017395446,0.12336534,-0.104171686
0.4307867,0.5613605,-0.08730315,-0.022219347,-0.024064178,0.1316295,-0.12255195
0.45202813,0.6285952,-0.032561123,-0.04934905,-0.0822385,0.15078273,-0.12529972
0.47851634,0.6943759,0.023948906,-0.08055801,-0.1630028,0.18155622,-0.11321214
0.5106765,0.7552041,0.08084343,-0.12525831,-0.25708815,0.22881845,-0.07939176
0.5464605,0.8073423,0.16054586,-0.16974159,-0.36458892,0.2914596,-0.029032623
0.5831915,0.8487256,0.25101632,-0.21031938,-0.470073,0.3626654,0.022550082
0.61860263,0.880607,0.3432596,-0.24803945,-0.566056,0.42663544,0.06269023
0.6512643,0.9047193,0.42103925,-0.28870443,-0.64894843,0.48275754,0.09822413
0.68025315,0.92214537,0.48604864,-0.33057305,-0.7156828,0.53062385,0.13399404
0.7049296,0.9350797,0.54001796,-0.3701264,-0.7693399,0.5707495,0.17212972
0.7243271,0.9445495,0.58469474,-0.40389597,-0.81031936,0.60289454,0.20756651
0.73782766,0.95028573,0.61807287,-0.4321735,-0.8383243,0.6260768,0.23889203
0.7449976,0.9530398,0.6415359,-0.45210317,-0.8562994,0.6404619,0.26374203
0.7455626,0.95334625,0.6548148,-0.4630826,-0.86553866,0.64780986,0.2837311
0.73770905,0.95123804,0.6597565,-0.45947564,-0.86774355,0.64758503,0.29890442
0.7227229,0.9466121,0.656802,-0.44751072,-0.86325043,0.6391904,0.30811742
0.70046306,0.9386526,0.6461381,-0.42829028,-0.85205907,0.62245274,0.31030023
0.670581,0.9263697,0.6273566,-0.40214655,-0.83345246,0.5975014,0.306114
0.631786,0.9083304,0.6007916,-0.369517,-0.80601907,0.56523144,0.29595938
0.5845542,0.88285446,0.56771386,-0.33259848,-0.76765573,0.52698255,0.28114325
0.529591,0.8475816,0.5290277,-0.29394513,-0.71689487,0.4842251,0.26303047
0.4689481,0.80008197,0.48608533,-0.25676304,-0.6517414,0.43715993,0.24379204
0.40347576,0.73826116,0.440042,-0.22130086,-0.572247,0.38650024,0.22423817
0.33545548,0.6613791,0.39281985,-0.18768124,-0.47991577,0.33312595,0.20547931
0.26690722,0.5692278,0.34677804,-0.15543962,-0.37546432,0.2787857,0.19138737
0.20313595,0.46569842,0.30447286,-0.12975906,-0.26663178,0.22602195,0.18200764
0.14491001,0.3540258,0.26814803,-0.110149965,-0.16710345,0.17509463,0.17659637
0.09691146,0.24010888,0.2370087,-0.09549266,-0.07777499,0.12967499,0.17446016
0.053496324,0.1360456,0.21107815,-0.079038255,-0.012758278,0.090040706,0.17264344
0.013010401,0.052870028,0.19118954,-0.063775584,0.032398727,0.057101864,0.17258266
-0.020227877,-0.003915032,0.17396945,-0.050767705,0.070782624,0.03064538,0.17485443
-0.06837156,-0.062151033,0.15826704,-0.033578888,0.13297231,0.0027167804,0.17712018
-0.11668473,-0.1468671,0.1434993,-0.014712201,0.20196015,-0.041482083,0.17725506
-0.16946413,-0.24254388,0.12861556,0.0095988205,0.27398628,-0.09512459,0.17522977
-0.23095414,-0.34094363,0.113574214,0.028817495,0.3599018,-0.15838772,0.17039335
-0.30474773,-0.43810186,0.09687649,0.047065567,0.45188844,-0.22855915,0.16065231
-0.38105905,-0.53074485,0.077,0.07491446,0.5400968,-0.30434346,0.13904604
-0.45959783,-0.61591613,0.05551017,0.10929525,0.6212988,-0.38358,0.10648409
-0.5362786,-0.6917373,0.034241457,0.14555201,0.6925747,-0.46260455,0.06605857
-0.6097367,-0.7559849,0.013423026,0.18407974,0.75303715,-0.5405152,0.0065536783
-0.67282605,-0.8084605,-0.015081234,0.23037021,0.8029742,-0.61312866,-0.055300616
-0.72544825,-0.8489474,-0.042329002,0.27308238,0.84149045,-0.67780876,-0.11862592
-0.7697429,-0.8799753,-0.06911531,0.31322965,0.8709979,-0.73338354,-0.18190852
-0.8057666,-0.9032211,-0.103301026,0.35161245,0.89309585,-0.7795219,-0.25020826
-0.8346967,-0.9205134,-0.14611661,0.3896129,0.90959394,-0.8160638,-0.30729938
-0.857447,-0.93317056,-0.18450812,0.42310855,0.9215481,-0.84433204,-0.3591419
-0.8750833,-0.9416066,-0.21685776,0.45306298,0.9297415,-0.8653778,-0.4057068
-0.8884106,-0.9472735,-0.24516898,0.47948956,0.934874,-0.8806094,-0.4605687
-0.8974225,-0.95055425,-0.26384786,0.4989071,0.9371342,-0.89069366,-0.51195663
-0.90286124,-0.9516419,-0.27492613,0.508817,0.9363722,-0.8958475,-0.5531392
-0.905156,-0.950651,-0.27585348,0.5112755,0.93265736,-0.8961378,-0.58173776
-0.9045034,-0.9473157,-0.26806548,0.50306773,0.9256,-0.8917533,-0.60322094
-0.90067303,-0.94113886,-0.24644206,0.48376164,0.91431904,-0.8821777,-0.61705613
-0.8935734,-0.9313217,-0.21728274,0.45755556,0.8973575,-0.86566794,-0.61926925
-0.8827846,-0.91614467,-0.17901492,0.41933358,0.87296057,-0.84077024,-0.6043292
-0.86785233,-0.89367497,-0.13351147,0.3753645,0.8382621,-0.80594754,-0.57571065
-0.8481116,-0.8615286,-0.08425923,0.3264435,0.78851354,-0.7577646,-0.53310025
-0.8224963,-0.81595194,-0.041025516,0.2700471,0.71815467,-0.69161546,-0.47539568
-0.7901338,-0.7493922,0.007638701,0.21676685,0.61755097,-0.6061102,-0.39358208
-0.7540623,-0.66257316,0.06376508,0.1723125,0.48909432,-0.50400376,-0.3115147
-0.71741676,-0.55946887,0.13250306,0.14147545,0.34650233,-0.389194,-0.21657915
-0.6747958,-0.43951866,0.19631156,0.1129131,0.2108569,-0.2654155,-0.12617873
-0.6299306,-0.31491086,0.25056306,0.097870156,0.09817212,-0.13919659,-0.050906416
-0.58648455,-0.19622207,0.29942074,0.09229091,0.0151571855,-0.015367855,-0.010901379
-0.54473907,-0.10307641,0.33912653,0.09480564,-0.05851675,0.071397424,0.027590707
-0.50402147,-0.03657485,0.37631595,0.09843039,-0.13817787,0.12467557,0.09115885
-0.46699655,0.010931119,0.39918885,0.104303226,-0.20719597,0.17381757,0.14521927
-0.4331019,0.04257673,0.40732536,0.12139996,-0.26316175,0.22973756,0.19601262
-0.40269178,0.069814205,0.40078905,0.15114516,-0.30285907,0.2760337,0.2319171
-0.37165982,0.08901288,0.38309056,0.17161654,-0.33173156,0.31541693,0.25589874
-0.33927277,0.1014768,0.35400984,0.18253693,-0.349828,0.35187098,0.26882672
-0.30291355,0.109838955,0.31711504,0.18562137,-0.3576359,0.38072288,0.2775654
-0.2604592,0.11515484,0.2737058,0.18137854,-0.35583502,0.40125376,0.2748345
-0.21302335,0.117908955,0.23556663,0.16778214,-0.34608892,0.41607368,0.26611432
-0.15849662,0.11984066,0.19341195,0.14437154,-0.32930294,0.42614073,0.25354046
-0.09859003,0.12166786,0.14906219,0.11084965,-0.30736026,0.43292874,0.23549265
-0.04019516,0.12398043,0.106819525,0.0701245,-0.28222108,0.43544602,0.21097401
0.020136949,0.12717232,0.07003118,0.029805755,-0.25710902,0.4354918,0.18609804
0.07600342,0.1313194,0.04097584,-0.016804138,-0.23094031,0.43663388,0.16859873
0.15690105,0.14102879,0.019735245,-0.05857692,-0.2068982,0.44356093,0.14613864
0.2600808,0.15615238,0.0061814296,-0.106650315,-0.1871125,0.45025828,0.119720355
0.37331927,0.17673825,-0.0053987536,-0.15384448,-0.17259073,0.4505147,0.09045515
0.47955537,0.1985787,-0.021497568,-0.19460137,-0.1634298,0.4331791,0.06932603
0.5711927,0.22579114,-0.040633865,-0.24869451,-0.1598218,0.41130516,0.06045417
0.6403561,0.25198764,-0.048610277,-0.29898995,-0.15964441,0.3876218,0.051177595
0.69304514,0.2807534,-0.052031573,-0.33836043,-0.1617844,0.3614116,0.019274257
0.7327219,0.30757165,-0.058629766,-0.3714827,-0.16969766,0.33396655,-0.016278932
0.76236075,0.32758126,-0.06584405,-0.3962299,-0.18185604,0.31944093,-0.050148107
0.7829915,0.33771574,-0.07189419,-0.41371536,-0.19487663,0.302379,-0.09493391
0.79541034,0.34025046,-0.07857819,-0.42149052,-0.20872883,0.28033876,-0.14536804
0.802256,0.337309,-0.08738051,-0.41640267,-0.21965346,0.2528175,-0.19450067
0.8031107,0.32839474,-0.09836579,-0.40013853,-0.22888987,0.21986102,-0.24578361
0.7968694,0.31950873,-0.11620982,-0.3792303,-0.23338789,0.18427463,-0.28661817
0.78422517,0.30398083,-0.1379584,-0.35400563,-0.23120633,0.15070076,-0.32081565
0.764493,0.27889395,-0.16629314,-0.3123376,-0.21891174,0.11424061,-0.35166907
0.7385672,0.24562667,-0.19822551,-0.26465824,-0.19701988,0.075956985,-0.3761425
0.7063564,0.2078751,-0.23044263,-0.21914935,-0.16550942,0.03920196,-0.39843315
0.6665337,0.1677163,-0.26438805,-0.17674156,-0.12553164,0.0049400153,-0.41749412
0.6183443,0.1219449,-0.30135798,-0.13340242,-0.07701457,-0.030889798,-0.43402702
0.5609776,0.07532764,-0.33954042,-0.09293357,-0.0274313,-0.075683415,-0.45158643
0.4933628,0.026043897,-0.37650645,-0.060002405,0.022749035,-0.12632482,-0.47053945
0.41541484,-0.016418293,-0.41740844,-0.02817955,0.06783525,-0.17966832,-0.48801395
0.3277724,-0.048330795,-0.4565695,0.0122591285,0.11029856,-0.23280604,-0.50568616
0.24081582,-0.071117036,-0.48949665,0.053983096,0.15349466,-0.28631422,-0.5244306
0.1563143,-0.09530332,-0.5141197,0.08580756,0.20702101,-0.34299347,-0.54397655
0.088540636,-0.10977764,-0.5318431,0.1219827,0.26168174,-0.39489833,-0.5622294
0.02126868,-0.11884597,-0.54220045,0.17576146,0.3108575,-0.43944082,-0.58913505
-0.030367617,-0.122241266,-0.54642355,0.2345215,0.35153827,-0.4777825,-0.6063216
-0.08739183,-0.11944594,-0.5463742,0.30732378,0.38096985,-0.50796795,-0.6146518
-0.15132523,-0.111384906,-0.53433067,0.37867504,0.39494583,-0.53116846,-0.61966044
-0.21800326,-0.09889798,-0.5120564,0.42887554,0.40068403,-0.54653215,-0.61881626
-0.27565017,-0.08330049,-0.4819261,0.4694563,0.3958203,-0.553842,-0.6128839
-0.3261248,-0.06467409,-0.44537416,0.5091151,0.38591066,-0.5556359,-0.60277474
-0.3642619,-0.04188736,-0.4026253,0.54641795,0.36548677,-0.5518305,-0.585636
-0.3918441,-0.014879035,-0.35281336,0.5735033,0.33879846,-0.5434034,-0.5614923
-0.40671942,0.017793728,-0.3016031,0.5890694,0.3074082,-0.52812403,-0.530031
-0.41013256,0.04732696,-0.25162244,0.5910955,0.27393797,-0.5057987,-0.49100068
-0.4032095,0.07263463,-0.199093,0.5806796,0.24105553,-0.47588593,-0.44934258
-0.38497108,0.097216815,-0.14821522,0.5600879,0.20586205,-0.43726775,-0.3983797
-0.35631403,0.11852144,-0.109867185,0.53003544,0.17170621,-0.3920194,-0.34028172
-0.3200937,0.13457581,-0.07060309,0.4926873,0.14315376,-0.33976617,-0.27840894
-0.27627444,0.1453074,-0.035398476,0.44644648,0.11717691,-0.27653715,-0.21051803
-0.22822455,0.15018211,-0.0036920905,0.39316905,0.097530514,-0.2104561,-0.14237271
-0.17918193,0.15213715,0.026430303,0.33272192,0.078736655,-0.14182582,-0.08268808
-0.12550408,0.14927313,0.05547221,0.2691974,0.064115874,-0.072732136,-0.023522511
-0.07094171,0.14483646,0.093215704,0.20257364,0.05054568,-0.008435023,0.029615445
-0.022314554,0.14052175,0.122069545,0.13452677,0.037199568,0.033326752,0.08846617
0.021026343,0.13086233,0.15500428,0.07623191,0.022653513,0.075430356,0.17514479
0.06396009,0.12113535,0.18843584,0.037504315,0.010613693,0.13669844,0.27877235
0.1099561,0.1121554,0.21762119,-0.009791349,0.0018534025,0.22252426,0.37811553
0.156104,0.102719754,0.24531312,-0.07213398,-0.005307729,0.30714148,0.4642629
0.20787805,0.09150457,0.27269316,-0.13452514,-0.011642736,0.39003596,0.5332993
0.25388184,0.078093536,0.2996831,-0.1978281,-0.0158638,0.4650343,0.59169966
0.29013228,0.06329078,0.32460594,-0.25034964,-0.015347719,0.5298988,0.63909376
0.31703997,0.050534073,0.34649745,-0.2911536,-0.014249137,0.584326,0.674149
0.3355633,0.04104643,0.3664673,-0.32405028,-0.017346624,0.62967336,0.70142096
0.34568283,0.03314642,0.38083363,-0.3487792,-0.020411277,0.6668364,0.7213755
0.3477768,0.026853302,0.38968343,-0.36495894,-0.02578896,0.6972078,0.7354578
0.34264264,0.02296815,0.3940146,-0.37137228,-0.03419436,0.7208449,0.74503225
0.3296855,0.02325822,0.39368704,-0.37756467,-0.04226159,0.7393396,0.75065964
0.3105561,0.022904307,0.3893946,-0.3812594,-0.047898866,0.75333214,0.75125605
0.2861454,0.022202263,0.38156614,-0.38327917,-0.054526642,0.7636098,0.748482
0.25703636,0.020071782,0.3701545,-0.3826821,-0.06293591,0.77074057,0.74251485
0.22387595,0.017996201,0.35550007,-0.37939668,-0.06959057,0.77513546,0.7328385
0.18792349,0.016252212,0.3384674,-0.37402365,-0.07567515,0.7772317,0.7204963
