0.14341536,-0.12513046,-0.15289643,0.17129804,0.21009834,-0.067135684,0.09737211,0.06998065
0.14428598,-0.0919023,-0.107544936,0.14684416,0.1825645,-0.043401763,0.060109258,0.049586423
0.13115653,-0.10727712,-0.09582403,0.13141133,0.106144264,-0.03884383,0.051977582,0.023777079
0.094958015,-0.062026307,-0.060580436,0.10514758,0.10524476,-0.014076938,0.004182527,0.018218914
0.072525874,-0.058924805,-0.056856398,0.0971846,0.06551247,0.030136874,-0.0067263497,-0.012085576
0.05766052,-0.03446387,-0.037513997,0.083627924,0.0770554,0.037262283,-0.012273679,-0.030750535
0.0066950214,-0.026872244,-0.016191512,0.025755221,0.014355597,0.066581324,-0.021231012,-0.04517276
0.025256343,0.010090919,0.01858208,0.029311953,0.015259758,0.07689558,-0.056114107,-0.089058906
0.003976219,0.02262535,0.031301457,0.008311922,-0.0067161354,0.10410184,-0.07084727,-0.09690362
-0.036332194,0.046508167,0.050289415,-0.020973582,-0.035437446,0.10177184,-0.09921173,-0.117603414
-0.029741667,0.037037402,0.056692325,-0.029967934,-0.06868356,0.13261408,-0.117084995,-0.14419228
-0.05775204,0.07935482,0.09500601,-0.029419137,-0.07238162,0.14153974,-0.10160592,-0.14768757
-0.068254024,0.0931183,0.105406456,-0.03721322,-0.101401664,0.14865504,-0.14408089,-0.16227481
-0.080849305,0.12676504,0.10855022,-0.05318206,-0.07634556,0.16900747,-0.15784228,-0.15617947
-0.10433007,0.15211275,0.13534218,-0.053102903,-0.109544404,0.1789509,-0.15392716,-0.19334383
-0.10705086,0.1447988,0.12254087,-0.06354981,-0.17895253,0.2187367,-0.13932817,-0.18290177
-0.13059254,0.16719559,0.15357356,-0.06593966,-0.17443566,0.21923219,-0.15835568,-0.17987217
-0.15555505,0.2013041,0.13243714,-0.06989032,-0.18619938,0.22433999,-0.15156397,-0.19168706
-0.17902249,0.18308721,0.12486633,-0.0986147,-0.23823553,0.24311766,-0.16149896,-0.20508428
-0.19979449,0.17460601,0.100314625,-0.107337154,-0.27039587,0.22220169,-0.13199626,-0.24871068
-0.24792212,0.18934175,0.10249747,-0.14422727,-0.31965065,0.23324929,-0.12923412,-0.26786348
-0.29533085,0.17237514,0.075900406,-0.18014574,-0.3431153,0.19746836,-0.099623494,-0.30759612
-0.29271847,0.087017804,0.07400915,-0.24655163,-0.3688035,0.1421171,-0.087940626,-0.36138844
-0.2609045,0.004060693,0.10694715,-0.2921698,-0.3607111,0.07552128,-0.10206423,-0.42158592
-0.23685963,-0.07543646,0.13447534,-0.37398,-0.31292588,-0.026206706,-0.13156942,-0.47655326
-0.09135875,-0.17244372,0.12739724,-0.4447821,-0.18656895,-0.09283376,-0.14202257,-0.5427365
0.066280276,-0.21337561,0.13965788,-0.5127395,0.049185727,-0.16934523,-0.13243215,-0.63744414
0.25428572,-0.17519893,0.1433728,-0.53500426,0.27493304,-0.1435264,-0.12990116,-0.6013819
0.39652556,-0.120575845,0.18428396,-0.49745125,0.48137397,-0.06490927,-0.16907077,-0.559211
0.46129712,-0.052375816,0.26059937,-0.35967696,0.60314524,-0.006661458,-0.2384181,-0.44628605
0.53301316,-0.025092054,0.37978697,-0.12583014,0.63901806,0.075642444,-0.3691456,-0.24360254
0.6105993,-0.09380454,0.43793422,0.1519286,0.6605431,-0.063262686,-0.475732,-0.03013863
0.53157794,-0.29816428,0.4356266,0.28965726,0.63898486,-0.240466,-0.4989438,0.1757384
0.43931478,-0.4235225,0.38546002,0.34336844,0.5581596,-0.3721013,-0.41571277,0.17260444
0.39539108,-0.46800363,0.3213774,0.21914196,0.47914678,-0.46538827,-0.31403887,0.09270702
0.38743553,-0.4931047,0.27158588,0.099166,0.42502245,-0.47903523,-0.27942985,0.016640713
0.44372278,-0.50849617,0.12764622,0.014280638,0.4451427,-0.45208296,-0.20952418,-0.052747656
0.4825569,-0.4809808,-0.016708398,-0.012818785,0.5165959,-0.4374299,-0.088264726,-0.116773315
0.52265507,-0.40015972,-0.17296284,-0.040824115,0.5694098,-0.37525186,0.010926348,-0.13255654
0.5346725,-0.27463627,-0.25769883,-0.06872494,0.57960135,-0.2834246,0.13901173,-0.13925709
0.5094858,-0.14970662,-0.2770833,-0.07186309,0.5462948,-0.15619433,0.17100759,-0.12169281
0.45624322,-0.0729664,-0.20747544,-0.1064274,0.49699494,-0.040317416,0.11825365,-0.14890222
0.3867533,-0.0065753553,-0.11111594,-0.101253025,0.42715102,0.039953694,0.09242489,-0.17563882
0.33270514,0.03571289,0.005995284,-0.07140939,0.40725186,0.05318853,-0.02845743,-0.16212754
0.29102513,0.025525177,0.12219068,-0.02724738,0.35742792,0.09229213,-0.08347112,-0.09797255
0.26853517,0.05557328,0.20588328,0.056888454,0.35727537,0.10799846,-0.16264111,-0.041285973
0.2409055,0.03602846,0.25152504,0.13708572,0.34388545,0.10012519,-0.19707792,0.034694754
0.25031894,0.033937987,0.29504025,0.22558661,0.3019597,0.07834978,-0.23121911,0.10258045
0.20409971,0.053207386,0.28589347,0.27775824,0.2570405,0.09948334,-0.26326782,0.120590925
0.18366402,0.07648624,0.25397357,0.32891494,0.16885829,0.1165129,-0.25686982,0.16907251
0.1346648,0.111057274,0.21133326,0.38254234,0.14399411,0.16077271,-0.19136888,0.22859146
0.10543792,0.13126473,0.14629702,0.38660127,0.10119907,0.20850883,-0.17378531,0.24131149
0.10520079,0.19326004,0.04176875,0.4309783,0.0869369,0.26109424,-0.08430138,0.27489188
0.08016897,0.2258439,-0.05970408,0.4207022,0.14027461,0.32108688,-0.0013356871,0.29434955
0.12508814,0.24592264,-0.14162998,0.40279493,0.17464893,0.34821096,0.08419658,0.3029736
0.1726434,0.28026336,-0.19919813,0.38440305,0.24368003,0.3330234,0.1501827,0.2814206
0.21038093,0.28193226,-0.24707088,0.34645873,0.30202776,0.32977372,0.14112212,0.24698253
0.19975474,0.28952834,-0.24236691,0.27296546,0.31304973,0.34438947,0.15646984,0.2015586
0.23520578,0.271373,-0.21771148,0.25342315,0.30878115,0.3568379,0.13835663,0.19090396
0.21911654,0.2870077,-0.17227884,0.19518568,0.26854518,0.3335549,0.08429492,0.17069101
0.22072543,0.2753146,-0.1437114,0.19822069,0.24120256,0.34110942,0.058565166,0.15861979
0.18713558,0.28530228,-0.10652895,0.21619156,0.21451822,0.34634617,0.04895577,0.1360715
0.19102673,0.28460535,-0.040556952,0.22253872,0.16178264,0.34603897,0.10520874,0.13916515
0.17017947,0.3122123,-0.0595464,0.2606281,0.15604551,0.39049485,0.09041698,0.1306322
0.14861786,0.30074096,-0.060944326,0.27437767,0.12181622,0.39357197,0.12459627,0.124979846
0.14879887,0.30749997,-0.07306763,0.26590097,0.12877378,0.3967945,0.12802435,0.091892034
0.102383934,0.30397886,-0.12570822,0.249644,0.08687869,0.37523532,0.13689752,0.08153911
0.04936145,0.31437683,-0.16241139,0.25242567,0.08891192,0.42112297,0.14263184,0.044541366
0.00050176674,0.29958126,-0.23404716,0.22770333,0.08443621,0.37040752,0.10265066,0.025935901
-0.045388144,0.29499507,-0.31438386,0.1783986,0.095498525,0.41635725,0.11634816,0.008532809
-0.094545595,0.23870938,-0.35782453,0.10234344,-0.010168955,0.36665997,0.101148166,2.8442591e-05
-0.1422738,0.14948805,-0.38647953,0.06630027,-0.12265926,0.374917,0.14273325,-0.025918175
-0.20765966,0.06572058,-0.40355533,0.08024747,-0.22596462,0.3547587,0.22752911,-0.03845155
-0.24141306,-0.026449172,-0.39969942,0.113961846,-0.31200215,0.27353895,0.2809815,-0.06874941
-0.2756151,-0.14738782,-0.39116746,0.15113324,-0.40155214,0.18413569,0.33370176,-0.07660687
-0.30782703,-0.253039,-0.3452576,0.21418516,-0.39688376,0.080370784,0.35944,-0.033155836
-0.31052145,-0.313976,-0.24311943,0.21582933,-0.40526053,-0.00412397,0.3578103,-0.0038958627
-0.3339712,-0.29310247,-0.13922158,0.1757487,-0.41373837,-0.102163926,0.32938382,0.088734895
-0.32324025,-0.21771106,-0.05830387,0.0930993,-0.3820861,-0.1836951,0.2804319,0.13800183
-0.3275828,-0.11914694,-0.026475994,0.0013545147,-0.35072932,-0.28362316,0.17505811,0.16100551
-0.3297178,0.0012755089,-0.03489876,-0.061268512,-0.28329065,-0.36188108,0.06960761,0.14752242
-0.30491075,0.07324838,-0.067392565,-0.08771258,-0.16298054,-0.36637685,-0.02134863,0.034733318
-0.3367602,0.06926732,-0.075914904,-0.11813574,-0.06771901,-0.34638107,-0.07282482,-0.12215351
-0.30394498,-0.016325736,-0.13370906,-0.10723507,-0.0005214735,-0.33592376,-0.05966292,-0.30280042
-0.28656012,-0.15370391,-0.09454018,-0.13600443,0.10396418,-0.30861625,-0.03022257,-0.41682205
-0.20585105,-0.29527363,-0.069693975,-0.12786737,0.16726454,-0.28672996,0.041511662,-0.4939946
-0.05633249,-0.39348203,-0.067027256,-0.16331165,0.2505293,-0.2223707,0.097923025,-0.5344244
0.08736725,-0.41280642,-0.09935067,-0.20793085,0.3258329,-0.18232165,0.13366325,-0.515486
0.18295892,-0.40194136,-0.16943778,-0.24461731,0.376358,-0.12544365,0.16929507,-0.5247542
0.29882276,-0.31847903,-0.24784267,-0.22251563,0.3037348,-0.08274626,0.13955505,-0.51545864
0.3847501,-0.19226821,-0.2878033,-0.19892634,0.18694402,-0.036992606,0.07325411,-0.5117885
0.3928384,-0.07760462,-0.24938901,-0.2226605,0.1428433,-0.034632165,0.034779985,-0.48136973
0.35101938,0.033251807,-0.11628366,-0.21213819,0.01851641,-0.03457507,-0.05832545,-0.44497687
0.29635322,0.07218883,0.0419325,-0.23685068,0.06909663,-0.05609265,-0.057314385,-0.40887254
0.25938368,0.11506093,0.21262054,-0.19724064,0.16371432,-0.028943324,-0.10388789,-0.38122797
0.21233723,0.115134604,0.32031813,-0.08474953,0.22538117,-0.013410897,-0.14632715,-0.37389132
0.20526892,0.12867782,0.40221423,0.075046085,0.30801898,0.00693431,-0.22229825,-0.32714343
0.17437004,0.15720916,0.41831332,0.24535444,0.31300178,-0.022386156,-0.26670286,-0.32113072
0.15900788,0.17800766,0.38381863,0.3865452,0.2278545,0.013940817,-0.3233948,-0.2729491
0.19046518,0.18394129,0.29036757,0.46264473,0.113283746,0.06530315,-0.34223917,-0.24518974
0.18324128,0.18816692,0.19481754,0.48833436,0.014922636,0.18263695,-0.35109052,-0.15258694
0.19374897,0.21129133,0.08742002,0.510629,0.017437814,0.33838025,-0.39861885,0.010668871
0.18826526,0.2124397,-0.010364154,0.5120387,0.109207444,0.41444126,-0.35093167,0.1913692
0.17196225,0.20282015,-0.15299648,0.5148007,0.2261983,0.4543742,-0.21638554,0.35476574
0.1482288,0.25567815,-0.24477947,0.46603194,0.3305936,0.4575869,-0.061582904,0.4486071
0.1900239,0.2620214,-0.30663413,0.40359196,0.4616212,0.4008529,0.0074408134,0.46922538
0.29542628,0.24183473,-0.29512516,0.30335152,0.5043796,0.34148228,0.0533799,0.5073358
0.37369493,0.19487056,-0.2343365,0.23104794,0.5281605,0.30402717,0.08708107,0.49085173
0.41624245,0.16070288,-0.13396971,0.19160092,0.47090438,0.29610038,0.11121155,0.48086998
0.471388,0.041193645,-0.023010945,0.21871778,0.41217193,0.29508862,0.13486025,0.40338096
0.46889552,-0.049677685,0.031540763,0.24367368,0.39651465,0.2991203,0.178691,0.36252463
0.45179558,-0.13854013,0.0734365,0.25488755,0.3275069,0.32137817,0.17242025,0.27869728
0.43515757,-0.21475889,0.059487835,0.24961585,0.30840907,0.31094804,0.19012104,0.23381716
0.3742478,-0.23831421,0.06751318,0.20727158,0.3003007,0.33551124,0.17285253,0.16117372
0.3483003,-0.25746325,0.060932014,0.18028596,0.24188232,0.3587258,0.15098572,0.15640394
0.29266003,-0.25057817,0.058316182,0.13305825,0.19662955,0.35566497,0.10460938,0.11482473
0.26886415,-0.27759707,0.05980982,0.08917492,0.13011327,0.34272462,0.13346052,0.10000906
0.23458834,-0.24831624,0.05838357,0.0008972434,0.07557444,0.32456124,0.09867943,0.080774486
0.20488177,-0.22609934,0.042292908,-0.031294234,-0.004449718,0.3413359,0.17192802,0.08145903
0.17362416,-0.19379987,0.07986371,-0.12109909,-0.07338939,0.25481558,0.17665501,0.026125193
0.16280282,-0.18737158,0.050849713,-0.19314864,-0.12705003,0.1800736,0.2052343,0.0065459567
0.11771743,-0.12291948,0.119631395,-0.25853285,-0.12439042,0.06435608,0.17922729,-0.029537074
0.081981935,-0.10651777,0.14664543,-0.33438486,-0.05580154,-0.048596516,0.18083173,-0.046625286
0.055518247,-0.08596442,0.20052767,-0.3659498,0.13068366,-0.13955215,0.16900428,-0.0779615
0.004840405,-0.041781235,0.23402677,-0.32297045,0.30178127,-0.08130357,0.11287272,-0.10842462
-0.03929616,0.024054144,0.30836272,-0.22358346,0.45418653,-0.017798616,0.08942629,-0.11587076
-0.07464103,0.10897773,0.2898296,-0.0032551175,0.5094325,0.020227965,0.014828675,-0.13534088
-0.12375949,0.1610118,0.27376416,0.1725467,0.50617504,0.043744512,-0.053139057,-0.18423857
-0.15979597,0.19057114,0.1209289,0.34679732,0.43632472,0.01438746,-0.13640746,-0.25296485
-0.1836156,0.16218905,-0.06336305,0.39787057,0.36761683,-0.015278763,-0.19676454,-0.330669
-0.12044653,0.03976597,-0.17222697,0.38090098,0.33617467,-0.057482254,-0.25617537,-0.44546115
-0.010589189,-0.09477987,-0.2173285,0.35451788,0.3174905,-0.09018676,-0.28085852,-0.55565494
0.18183322,-0.110842645,-0.20579064,0.3410932,0.27312717,-0.059920963,-0.3351373,-0.5702927
0.37386492,-0.05386005,-0.1684307,0.2891441,0.26011935,-0.077901185,-0.36157584,-0.5109899
0.46128452,0.06309113,-0.1181819,0.2638947,0.2335599,-0.0587928,-0.38632542,-0.40701705
0.5099823,0.1355702,0.0041276803,0.2635967,0.21078141,-0.029234169,-0.38215336,-0.23546867
0.50975513,0.16091813,0.091146365,0.309631,0.15486406,0.04079751,-0.4076311,0.0028061643
0.46001133,0.064643115,0.18790258,0.30265462,0.06159497,0.14469403,-0.36300862,0.24296445
0.36568937,-0.01189032,0.19504778,0.30598098,0.06374759,0.21233201,-0.2892792,0.42402634
0.26062807,-0.07658504,0.21391359,0.26386264,0.03734871,0.26560685,-0.1586055,0.49850702
0.1890187,-0.05004697,0.22740461,0.25723004,-0.0029925168,0.32710734,0.054887656,0.5491603
0.20929366,-0.06317446,0.2659728,0.18516602,0.0024173139,0.33263227,0.2594101,0.45733094
0.26716706,-0.05610809,0.27735358,0.085707895,-0.039748978,0.2638015,0.39686763,0.33644027
0.30386472,-0.07705234,0.30334982,0.050731022,-0.04099459,0.186188,0.47664252,0.15458849
0.2802683,-0.11298522,0.3143239,-0.017518427,0.01490312,0.09808784,0.48896557,0.032958664
0.2133101,-0.111217044,0.33956894,-0.12347839,0.048163105,-0.0011779735,0.47903523,-0.037695635
0.15343322,-0.08703605,0.36611775,-0.10036889,0.16504595,-0.0033741912,0.41651076,-0.102487884
0.0144599285,-0.0045739985,0.40903378,-0.051379163,0.27403942,0.01438904,0.3463899,-0.09518734
-0.053690728,0.052908745,0.42070213,0.029326394,0.32317346,0.051370904,0.29600134,-0.108662724
-0.13159008,0.12875327,0.36770168,0.18462828,0.33730802,0.07931625,0.20262443,-0.13608563
-0.22125222,0.20163505,0.18401748,0.30796626,0.26638505,0.10227632,0.13566168,-0.13356453
-0.32776725,0.22210956,-0.06696276,0.40420467,0.23449215,0.13276693,0.02658304,-0.17504951
-0.3648098,0.12750763,-0.25169966,0.36260155,0.2765872,0.13859808,-0.07735786,-0.21107028
-0.3524271,-0.10428027,-0.34137663,0.32041982,0.24669844,0.1298972,-0.14691605,-0.3131928
-0.19198976,-0.31737015,-0.30989233,0.29350218,0.26567823,0.14426151,-0.26182666,-0.36734703
0.07742044,-0.37818873,-0.20234656,0.2683049,0.2633562,0.14395684,-0.38965228,-0.38505578
0.34018192,-0.32010308,-0.19174375,0.22579047,0.25189134,0.14487956,-0.49942473,-0.24372901
0.45154375,-0.24973384,-0.16993119,0.18774484,0.22129667,0.18774958,-0.5512911,0.04064248
0.3639293,-0.23902446,-0.2112891,0.14670958,0.14801164,0.19206227,-0.47507006,0.3552384
0.14487748,-0.25435317,-0.16074713,0.14881778,0.072032936,0.2381652,-0.3635762,0.49296492
-0.022229645,-0.16392654,-0.1211927,0.11420337,0.0405155,0.27502912,-0.19292232,0.5533368
-0.103207454,-0.018997261,-0.13768142,0.09281402,-0.04020479,0.3073472,0.030716589,0.50585335
-0.05150099,0.0973117,-0.11258325,0.08170217,-0.089110844,0.30870163,0.24257365,0.4826922
0.059362732,0.19141695,-0.08219297,0.05410782,-0.17008255,0.21596882,0.3875139,0.4129122
0.17502311,0.20329471,-0.031705238,0.024271395,-0.20584428,0.09865329,0.449174,0.29210937
0.25476936,0.2096165,0.095520005,0.029419644,-0.19619423,-0.09525908,0.45579764,0.1930696
0.2663853,0.18352965,0.19315471,0.010972589,-0.13662794,-0.20655105,0.40343434,0.14928563
0.25278607,0.14659648,0.28456068,0.02282604,-0.05021342,-0.25390798,0.35264963,0.1327098
0.25016475,0.13632222,0.37696728,0.08875146,0.043356374,-0.30518678,0.29533428,0.12990756
0.23220345,0.1478732,0.4274265,0.16538046,0.09715136,-0.28460944,0.25335583,0.11770499
0.20662896,0.13558298,0.4351767,0.22600077,0.10183165,-0.24555345,0.21888259,0.07703359
0.15392202,0.17031583,0.39456636,0.28295395,0.037691105,-0.22768268,0.20793913,0.09382612
0.13016602,0.18984926,0.35929966,0.3071626,-0.0709203,-0.16404392,0.14526674,0.0565008
0.08307608,0.2094902,0.2874554,0.32621005,-0.15963629,-0.07705939,0.13323493,0.03451884
0.02571171,0.2671148,0.17774862,0.3236826,-0.22608344,-0.0043441528,0.05917346,-0.020357003
-0.047707547,0.3176198,0.0683122,0.3170337,-0.252761,0.09480438,0.050111886,-0.032027513
-0.10132657,0.306059,-0.10555661,0.3114233,-0.24339734,0.14274205,0.094863854,-0.057380177
-0.18778434,0.26194084,-0.2599019,0.26501304,-0.22362188,0.15399303,0.13188618,-0.07943525
-0.27770144,0.12548772,-0.41574344,0.24563861,-0.23042962,0.1922186,0.1521174,-0.084296346
-0.291462,-0.032690614,-0.48165873,0.2434358,-0.2291754,0.20376256,0.17940032,-0.108073235
-0.29680592,-0.22553766,-0.4512395,0.27412018,-0.22017737,0.23900789,0.16162929,-0.12796259
-0.3010472,-0.37299633,-0.318136,0.3121967,-0.1952458,0.26642922,0.16049089,-0.13249488
-0.28544196,-0.44152614,-0.10457722,0.2965701,-0.0861829,0.29772323,0.15983175,-0.13913496
-0.21853146,-0.44801584,0.04786604,0.22178093,-0.09877045,0.29746443,0.16859825,-0.16968833
-0.14739911,-0.39570448,0.14604548,0.04833621,-0.108923785,0.3206084,0.16249155,-0.19530189
-0.11764247,-0.36550522,0.16840327,-0.12691256,-0.18538083,0.25409976,0.1311307,-0.21506512
-0.074994646,-0.3347179,0.1789675,-0.29183957,-0.14505881,0.18379928,0.106034234,-0.21518268
-0.018245123,-0.27621529,0.14055996,-0.41951892,-0.11211357,0.025806135,0.08559051,-0.19990826
0.005550706,-0.2453008,0.099871986,-0.5078382,0.019803394,-0.059675388,0.0072899996,-0.22610037
0.056771677,-0.24964084,0.052323967,-0.5595774,0.19791679,-0.071411766,-0.015184323,-0.26394162
0.09788113,-0.22738369,0.03068763,-0.53785485,0.2936864,-0.05016328,-0.016345307,-0.27370876
0.15437461,-0.19482934,0.046132684,-0.52989185,0.37578514,0.016972715,-0.055803336,-0.30439925
0.20200588,-0.17801887,0.04098691,-0.5130972,0.366658,0.081743106,-0.13627094,-0.29271355
0.28285685,-0.1543606,0.07758138,-0.47922713,0.33266205,0.12424903,-0.24213418,-0.16388175
0.31139225,-0.13131022,0.106361136,-0.4630812,0.30006757,0.1396807,-0.28791827,-0.05025058
0.2983072,-0.11729295,0.1526375,-0.43796766,0.27774635,0.15587373,-0.35698235,0.09747527
0.25866398,-0.14292076,0.19321059,-0.3891185,0.28196657,0.17573525,-0.33199188,0.23434849
0.15282658,-0.115592346,0.21362458,-0.3591606,0.28923154,0.21728575,-0.2700526,0.33686846
0.032946162,-0.026002832,0.2694839,-0.33127612,0.30753708,0.21337797,-0.26012248,0.39267632
-0.0230396,0.07586221,0.31011695,-0.21762949,0.30107844,0.23539686,-0.14631845,0.41576555
-0.024281831,0.21193664,0.37657952,-0.019719517,0.3047606,0.2550859,-0.08155505,0.4096862
0.012036458,0.3667818,0.34006038,0.20215979,0.30393058,0.23013328,-0.07437311,0.3750368
0.13755944,0.44027877,0.2304632,0.413667,0.27369353,0.24629237,-0.015815016,0.3842257
0.25163522,0.45867112,0.046326995,0.514738,0.229587,0.23335722,0.08069584,0.3865087
0.33965206,0.42393705,-0.10862989,0.5766879,0.31049767,0.23647185,0.11174421,0.3617277
0.41221777,0.37309694,-0.1827043,0.5619432,0.3543376,0.22320336,0.15622951,0.34593257
0.46935982,0.29927784,-0.19501588,0.5465961,0.44928148,0.18517365,0.13531494,0.3070488
0.46458748,0.25155103,-0.18587236,0.5179452,0.47466826,0.15260558,0.07018145,0.2628553
0.481875,0.19833909,-0.13038006,0.48590466,0.52324575,0.08749725,0.06288013,0.26724955
0.48182306,0.16748229,-0.093957715,0.49712652,0.45853022,0.022445992,0.0049314117,0.2800658
0.46672463,0.08028531,-0.05919274,0.47578198,0.42679164,-0.04302927,0.022581147,0.30312905
0.43902376,0.02708987,-0.032734655,0.47600025,0.37052095,-0.079551294,-0.02640494,0.29408956
0.39952976,-0.02997944,-0.028706905,0.4915434,0.28866485,-0.09324712,-0.021600025,0.29101336
0.3523518,-0.07781931,-0.0024214452,0.44656873,0.226064,-0.08497219,-0.051969584,0.30210343
0.2927953,-0.11428642,-0.0008884033,0.44187468,0.17223185,-0.040524434,-0.051470287,0.31524828
0.22548431,-0.10956962,0.007994001,0.40197614,0.109121256,0.016701717,-0.05502726,0.30288905
0.22016788,-0.09381212,0.021041695,0.3647637,0.07231826,0.08758692,-0.03796713,0.29954743
0.17579186,-0.08844541,0.030980092,0.30213472,0.04815146,0.15720709,0.041489556,0.3209286
0.15758772,-0.06013476,0.021107158,0.28433844,0.043989576,0.17082226,0.09351942,0.28759322
0.10042736,-0.028822077,0.03691682,0.26004145,0.018369753,0.20697255,0.13883291,0.24442416
0.13651533,0.01778877,0.03917264,0.22819161,0.014750916,0.21542537,0.1837264,0.23548096
0.12229391,0.041060958,0.035568416,0.2011706,-0.03947931,0.20140985,0.25693142,0.15993541
0.10626279,0.08850139,0.0587795,0.18101913,-0.06797867,0.1961981,0.28030628,0.07516818
0.117658205,0.10119857,0.0697957,0.17233437,-0.06022835,0.16363928,0.28542754,0.046268724
0.010193099,0.14745271,0.06461446,0.16264878,-0.08729859,0.11333155,0.2870361,-0.0016663302
-0.06266512,0.184107,0.017690618,0.14314862,-0.1171549,0.07474939,0.31169802,0.0026828032
-0.11285843,0.18613368,0.0020011787,0.12881221,-0.14643157,0.047527388,0.29278383,-0.023378732
-0.20532762,0.18722591,-0.1124973,0.11521104,-0.17022026,0.029453615,0.2828254,-0.012089712
-0.23435761,0.1880334,-0.1727923,0.104731515,-0.17066011,-0.0060123075,0.23033132,-0.017811378
-0.2795228,0.11719884,-0.289167,0.08037328,-0.20364383,-0.067041494,0.20704244,0.0052046007
-0.32224095,0.0896466,-0.3436965,0.060436413,-0.24443036,-0.13254718,0.17593221,0.027851831
-0.33142212,-0.025001097,-0.38084143,0.081160635,-0.2675827,-0.1589807,0.15486014,0.022258151
-0.35645214,-0.13852906,-0.3761723,0.10075532,-0.27496067,-0.18013519,0.13539743,0.01071443
-0.34126943,-0.22929671,-0.3360083,0.13694985,-0.2862066,-0.1809111,0.061708216,-0.03702616
-0.33624554,-0.30754882,-0.25028703,0.15207839,-0.310075,-0.14237928,0.048865568,-0.11321692
-0.25509775,-0.3643045,-0.1316546,0.103544734,-0.29583442,-0.09244412,0.02083831,-0.16504778
-0.17113154,-0.386516,-0.053480703,0.02758111,-0.2945652,-0.090155914,0.010022985,-0.22092699
-0.06000987,-0.41352206,-0.008845214,-0.0993851,-0.28329647,-0.079381526,-0.021382246,-0.2869051
0.07934417,-0.39538413,-0.030688262,-0.20657596,-0.21263099,-0.11231646,-0.015705323,-0.3029926
0.20621307,-0.38638332,-0.118814625,-0.28947037,-0.16024807,-0.18767498,-0.0297315,-0.33329663
0.3408269,-0.3112094,-0.19880956,-0.30186102,-0.08884331,-0.22077514,-0.042751137,-0.34563786
0.4066717,-0.197146,-0.24096416,-0.28518146,-0.07655943,-0.26294142,-0.041041236,-0.32950288
0.43624082,-0.0865316,-0.2079425,-0.26959273,-0.01127652,-0.26933452,-0.03618577,-0.3271273
0.40212995,0.03607934,-0.05215379,-0.280898,0.058662605,-0.30636525,-0.03511246,-0.31040716
0.3534801,0.06977756,0.08904417,-0.2588806,0.26266888,-0.27267164,0.0091060605,-0.31118318
0.2610177,0.08487709,0.23503043,-0.16151579,0.42430922,-0.21645465,0.027868634,-0.32981238
0.1702429,0.08715899,0.32566157,0.026453342,0.5004355,-0.12949036,0.012968167,-0.3687359
0.059006292,0.121102475,0.34412768,0.24856631,0.5118452,-0.1214727,0.047905695,-0.3393446
-0.055688255,0.13066266,0.24695292,0.40157804,0.4327194,-0.14746633,0.057780266,-0.36862376
-0.123641215,0.099780746,0.09647937,0.50433403,0.2980445,-0.14145176,0.02060545,-0.42015624
-0.19313298,0.03102693,-0.04292374,0.4821305,0.18803303,-0.121851124,-0.002380849,-0.46696
-0.19147383,-0.12924662,-0.0934585,0.47719118,0.10409019,-0.046036493,-0.040336303,-0.4896184
-0.07516465,-0.25131807,-0.060798045,0.39713714,0.10765543,0.0062530194,-0.106927484,-0.552565
0.11836075,-0.27311376,0.0019613404,0.3446679,0.068701215,0.07607749,-0.15416709,-0.5397179
0.3304105,-0.2617631,0.040472906,0.26830053,0.043978214,0.18723316,-0.25362167,-0.43416518
0.47835532,-0.16799597,0.029182818,0.19739164,0.0066009844,0.23815338,-0.36768854,-0.24374013
0.5143495,-0.19337925,0.050592545,0.14011411,-0.051857527,0.32235026,-0.35499054,0.12195885
0.40485576,-0.24320728,0.04826921,0.102554746,-0.058148183,0.37398633,-0.20173782,0.38604185
0.30402413,-0.27655014,0.06800761,-0.005750295,-0.14723279,0.3756665,0.035229255,0.45645183
0.25040624,-0.27612942,-0.0035157134,-0.115740046,-0.23664577,0.2925929,0.2984397,0.39612755
0.23902746,-0.27073404,-0.015213206,-0.22844365,-0.27097023,0.07810116,0.42539895,0.2856848
0.22262062,-0.22811104,-0.034635372,-0.2947353,-0.26740587,-0.18929492,0.4278759,0.20010337
0.20092817,-0.21454255,-0.06471542,-0.3769661,-0.08190721,-0.36673445,0.340205,0.1847727
0.2048606,-0.1935413,-0.06545381,-0.36927342,0.16950752,-0.41568056,0.25579405,0.21331893
0.17701425,-0.18130445,-0.059609637,-0.3733135,0.40659,-0.35780376,0.18729675,0.18161485
0.15270808,-0.14993076,-0.052453898,-0.35088915,0.53533965,-0.21207516,0.16454199,0.14937435
0.12049178,-0.10998402,0.009172365,-0.28534824,0.58379316,-0.040610272,0.1471693,0.11074249
0.10060946,-0.071301095,0.07049444,-0.2046513,0.5729904,0.107006066,0.041192204,0.11617159
0.07157054,-0.023418399,0.1156041,-0.12172577,0.52530503,0.18295854,-0.040588703,0.10795325
0.06816184,0.01969792,0.15865703,-0.03856648,0.4562189,0.22006445,-0.089619376,0.09823797
0.0485074,0.0866099,0.20130976,0.088486776,0.41775236,0.20335083,-0.177323,0.11545327
0.024957864,0.123730645,0.19230658,0.22500184,0.38097998,0.19084318,-0.20236936,0.13061686
0.005177189,0.17480025,0.10858921,0.30234623,0.3526828,0.14319682,-0.23739034,0.12528493
-0.01780417,0.27812836,-0.018400105,0.34397697,0.33321777,0.10457571,-0.2690293,0.11882613
-0.022334686,0.28698418,-0.1857157,0.40579608,0.3359255,0.074733004,-0.27529618,0.11379788
-0.04539972,0.30094087,-0.31360894,0.3258447,0.30931354,0.07499145,-0.33105353,0.06977575
-0.080717444,0.24240923,-0.39432982,0.2094275,0.29312435,0.072217576,-0.32201454,0.009563698
-0.052413363,0.16745213,-0.43626007,0.13069965,0.23102894,0.04395026,-0.34074774,-0.052907143
-0.062047113,0.097377144,-0.42717412,0.03174216,0.14471316,0.08964702,-0.38772482,-0.093638115
-0.033038247,0.017490413,-0.41468477,0.004071139,0.010145778,0.15897752,-0.40336466,-0.106074184
0.02331536,-0.0030555592,-0.36178067,-0.0045666033,-0.123500705,0.20692204,-0.38074753,-0.07172905
0.055639055,-0.02236322,-0.33864892,-0.02647219,-0.25578374,0.2939692,-0.323666,0.019574584
0.0056353714,-0.019921815,-0.28887528,-0.008386867,-0.35841033,0.37518752,-0.15987782,0.097478695
0.011278107,-0.018563325,-0.23093666,-0.0007663237,-0.4885056,0.34596437,0.12224354,0.15282658
0.01632194,0.02546622,-0.1653528,-0.033431306,-0.5731189,0.22326198,0.30777857,0.10490699
-0.02231012,0.045588158,-0.14650016,-0.0559984,-0.60060984,-0.10336914,0.37930447,0.09111068
-0.047654647,0.08261573,-0.112658836,-0.09284383,-0.59262604,-0.35101944,0.3034044,0.09934162
-0.04154072,0.10275584,-0.075436726,-0.12539528,-0.45804873,-0.47191992,0.10691998,0.07497357
-0.08413928,0.11051882,-0.034374557,-0.1811398,-0.23021017,-0.52698386,-0.09973554,-0.036135938
-0.10400942,0.15753625,0.0051571643,-0.13574195,-0.057574484,-0.50140893,-0.14768636,-0.20574102
-0.15465741,0.08579232,0.038088303,-0.12743959,0.22295412,-0.48280525,-0.051689547,-0.38661084
-0.2018683,0.019120509,0.05270601,-0.09378922,0.37048692,-0.41503984,0.07996726,-0.453075
-0.3012227,-0.08147949,0.07252255,-0.062194124,0.45557004,-0.34346333,0.24501626,-0.43398118
-0.38507214,-0.15731314,0.0689659,0.010281137,0.49202207,-0.22618721,0.3158023,-0.36394247
-0.44779077,-0.20114289,0.12744975,0.04835527,0.5169737,-0.10655359,0.32312724,-0.24385539
-0.45968646,-0.19595411,0.123424955,0.073810995,0.5188183,-0.0028732861,0.25985166,-0.19410084
-0.47241625,-0.12960811,0.14053102,0.11325309,0.48314407,0.04592422,0.14521451,-0.18704015
-0.48167,-0.10137226,0.11395325,0.17020194,0.45333993,0.077313945,0.068308786,-0.19117917
-0.46142638,-0.085089,0.096988924,0.20054352,0.41810805,0.07459506,-0.04185538,-0.26298612
-0.3942159,-0.143994,0.092012495,0.2239055,0.3647426,0.039431248,-0.13124476,-0.36490124
-0.22765836,-0.22865328,0.10961085,0.22109193,0.30178067,0.044799436,-0.24265265,-0.46395272
0.051220763,-0.28838065,0.143639,0.19975372,0.29721874,0.020526813,-0.33235115,-0.51097584
0.32417837,-0.24164277,0.15330246,0.10440391,0.27638215,0.043995224,-0.43583074,-0.45322236
0.52628267,-0.18878965,0.16770983,0.10192112,0.26246342,0.049254,-0.5056925,-0.22245851
0.5634127,-0.20836204,0.120790064,0.1174346,0.24059427,0.05680948,-0.50244564,0.10440896
0.44212255,-0.28237563,0.106125966,0.07192151,0.22962223,0.063242346,-0.49114653,0.36888015
0.17103016,-0.32821104,0.06192387,-0.02535018,0.18866867,0.10332783,-0.394209,0.50147146
-0.06849237,-0.21189947,0.078091845,-0.056143176,0.1823479,0.14792381,-0.30942708,0.5014582
-0.21052846,-0.032793246,0.0754822,-0.068357706,0.15292746,0.15165855,-0.2378505,0.4315974
-0.25654832,0.17751643,0.06005402,-0.047201175,0.07582441,0.17146367,-0.13559806,0.34611762
-0.22999428,0.34542727,0.035669096,-0.01824056,0.056697264,0.15290894,-0.10704502,0.24580616
-0.17027542,0.4368385,-0.04897355,0.044279996,0.011344698,0.2121709,-0.04151218,0.18178636
-0.15285078,0.47580978,-0.18971458,0.015320097,-0.0748365,0.23109537,0.009560066,0.15194115
-0.16667789,0.46504956,-0.25860545,-0.031262185,-0.15537925,0.19936833,0.07101678,0.12173477
-0.18529421,0.43303788,-0.31091467,-0.055463824,-0.2675763,0.15054753,0.15882982,0.09099334
-0.20188522,0.39944574,-0.34759906,-0.07630293,-0.3459014,0.04439575,0.18988256,0.080080755
-0.23824914,0.34072098,-0.35955915,-0.07795756,-0.37809208,-0.09199439,0.18408345,0.06559114
-0.24437243,0.25996426,-0.3876057,-0.07944145,-0.4464282,-0.25059286,0.13575387,0.0527131
-0.27047247,0.1717221,-0.41807812,-0.04977408,-0.43902412,-0.30734807,0.018988732,0.004861514
-0.30690262,0.010596162,-0.4310808,-0.016938824,-0.4501569,-0.34954745,-0.049262326,-0.08956585
-0.25981897,-0.1603515,-0.42184335,0.05318634,-0.43894938,-0.2897537,-0.13229738,-0.2744418
-0.12407684,-0.32980162,-0.36491573,0.13187993,-0.43662828,-0.18468574,-0.15048653,-0.40784818
0.11711675,-0.40010166,-0.30054533,0.18825327,-0.4598757,-0.025333466,-0.17246534,-0.46935087
0.33327574,-0.3555483,-0.26488996,0.21163395,-0.45749342,0.1734242,-0.19677056,-0.4255606
0.4436686,-0.1937604,-0.25692126,0.2122766,-0.4690991,0.31611413,-0.14985482,-0.24963513
0.4696154,-0.13242878,-0.23512864,0.19117488,-0.47725746,0.40122697,-0.032786712,-0.11087039
0.42372578,-0.06082138,-0.1953491,0.17998251,-0.4749898,0.44664487,0.17470191,-0.09220048
0.34795627,0.00837115,-0.12436032,0.15422624,-0.51836073,0.38984296,0.33800238,-0.17972879
0.19233051,0.032508556,-0.056006696,0.07233018,-0.53316575,0.19437218,0.39944187,-0.27500224
0.011526223,0.028331492,-0.0058458787,0.0139076905,-0.50442445,-0.0335979,0.4094024,-0.32814637
-0.14324157,0.009699241,0.029991945,-0.08404204,-0.47725752,-0.26840672,0.33664426,-0.29213524
-0.2223564,-0.017870814,0.032160923,-0.15377468,-0.34459352,-0.46238178,0.25917244,-0.18030359
-0.27245015,-0.025091927,0.05708927,-0.20065589,-0.07082656,-0.5072424,0.18283743,-0.13578777
-0.32941845,0.0016094171,0.044459097,-0.19199015,0.25207132,-0.5267246,0.22739495,-0.06447214
-0.36272287,0.031864133,-0.005871124,-0.16357502,0.4285066,-0.46926054,0.27293128,-0.023597978
-0.41937342,0.121986344,-0.028831841,-0.10561652,0.52243,-0.32702494,0.3223642,0.059063282
-0.4066677,0.1829938,-0.11710113,-0.038059045,0.56955487,-0.14711325,0.3190164,0.14816512
-0.37099048,0.26558354,-0.21708938,-0.0128765255,0.5391716,-0.016575681,0.24961801,0.22448696
-0.33214357,0.28939727,-0.29098544,-0.0692017,0.44370505,0.057932932,0.20620385,0.2199407
-0.25941432,0.2514563,-0.34801704,-0.14894256,0.29578987,0.13166443,0.19186592,0.18225773
-0.23260361,0.25513628,-0.32066768,-0.21932468,0.094892204,0.13789499,0.18387862,0.18119122
-0.19608557,0.26474416,-0.28379324,-0.23115404,-0.08181534,0.07447349,0.20724097,0.15187344
-0.17457567,0.30097893,-0.21508747,-0.2391944,-0.16764708,-0.02347406,0.18901405,0.15869278
-0.17299189,0.31320837,-0.17387974,-0.23499036,-0.19644073,-0.15742986,0.14383829,0.15531822
-0.19751857,0.32111543,-0.09972687,-0.26082548,-0.12610443,-0.2807496,0.07389181,0.1188901
-0.22325988,0.36416987,-0.03494278,-0.24749483,0.066252455,-0.29832542,0.033513963,0.048015703
-0.25179303,0.40119562,-0.03976887,-0.1856913,0.15855193,-0.31093967,0.02210367,-0.030700276
-0.3271719,0.3720534,-0.08405509,-0.10146412,0.2879493,-0.28791067,0.0447779,-0.1368555
-0.41618657,0.2565313,-0.20471093,-0.08897565,0.29861057,-0.21219282,0.068240546,-0.2177931
-0.49786565,0.039170165,-0.28174296,-0.14014417,0.25844917,-0.1879976,0.06913615,-0.2900318
-0.49476984,-0.19702901,-0.25728884,-0.15473965,0.22396854,-0.15854518,0.053341664,-0.35403362
-0.37831023,-0.42779213,-0.19458546,-0.14289656,0.15214978,-0.15183727,0.05607525,-0.39927176
-0.15873325,-0.53986275,-0.13079794,-0.17710473,0.1536829,-0.10733852,0.018852098,-0.4491506
0.121431485,-0.5771649,-0.19671609,-0.20485647,0.15501258,-0.061450824,0.011550836,-0.46305126
0.3830285,-0.5066855,-0.36734122,-0.20202895,0.106766544,-0.07292533,-0.020188158,-0.454765
0.57121474,-0.33657235,-0.47451675,-0.11541411,-0.007706862,-0.07649662,-0.060534004,-0.4185494
0.6121148,-0.055781752,-0.42493406,-0.06630884,-0.14155518,-0.06894945,-0.08891278,-0.32538447
0.5288084,0.1588817,-0.24817388,-0.025117638,-0.19918033,-0.037688233,-0.08456376,-0.22888377
0.44765106,0.22408777,-0.0033219336,-0.065825835,-0.22889939,-0.030550562,-0.08062574,-0.13476036
0.38092726,0.22625384,0.26468503,-0.050653923,-0.1683867,-0.02073964,-0.09435974,-0.08242725
0.3138078,0.19920355,0.39163223,-0.02412307,-0.079824395,0.0011961156,-0.12682784,-0.055962592
0.3004878,0.14452472,0.5300323,0.0043608905,0.006808496,0.003836788,-0.12810947,-0.0057822866
0.27898392,0.107804865,0.5960684,0.09759144,0.07464713,0.040720895,-0.13361272,0.04213489
0.22806846,0.07114007,0.6118923,0.17134309,0.08840062,0.11515885,-0.14415716,0.09330914
0.20417951,0.07159528,0.6009382,0.24738695,0.05933559,0.13915396,-0.14369099,0.10981652
0.19003612,0.08972028,0.5933601,0.25958258,0.0088754725,0.2104388,-0.11354965,0.16879871
0.17184517,0.110119425,0.55698204,0.2923509,-0.022506924,0.24469648,-0.066833645,0.17975065
0.17103036,0.13743618,0.5136286,0.3194869,-0.08932151,0.28372148,0.07446317,0.18338533
0.14506246,0.19892359,0.47094655,0.324348,-0.15148862,0.3660108,0.17026947,0.16454406
0.1410693,0.23634008,0.40961516,0.3466971,-0.15932077,0.36785528,0.28711367,0.10899186
0.0718805,0.2690502,0.32637423,0.32780853,-0.15085346,0.34550476,0.34426633,0.006495049
-0.033702083,0.30205935,0.15233761,0.3535865,-0.17300051,0.32434937,0.4051256,-0.07480245
-0.18189465,0.30228046,-0.025096614,0.35450432,-0.1372101,0.2984777,0.41999227,-0.1404056
-0.3374972,0.24801558,-0.26367962,0.31853166,-0.11632059,0.26712483,0.3920511,-0.13302365
-0.42317066,0.04973217,-0.43746993,0.273069,-0.07634279,0.2428234,0.34621838,-0.09065668
-0.47342438,-0.19352637,-0.4878377,0.28185803,-0.06921781,0.21826127,0.3387912,-0.040348895
-0.49231204,-0.35283664,-0.3590061,0.2971316,-0.037593137,0.21415652,0.31956986,-0.0022004659
-0.5046573,-0.3870893,-0.15078315,0.2713415,0.061126765,0.2068472,0.2790926,0.021027789
-0.49718338,-0.30045986,0.03617847,0.2352071,0.020060597,0.22839648,0.2838345,0.06375511
-0.492089,-0.18154907,0.11888911,0.13527107,0.0027183152,0.18338956,0.3049471,0.08243598
-0.49019912,0.02453623,0.0722156,0.08384058,-0.01999135,0.16072711,0.3318831,0.09962041
-0.45066634,0.16527689,-0.04336105,0.058153246,-0.054541923,0.106673226,0.35385653,0.13915919
-0.39231616,0.25397912,-0.19287899,0.06097189,-0.117691085,0.041890472,0.36722502,0.1828474
-0.32077056,0.29921725,-0.32925916,0.012117318,-0.1464876,-0.055626005,0.35667425,0.27266765
-0.22238328,0.30778682,-0.4325916,0.0021838362,-0.20335251,-0.14041972,0.30282134,0.3440352
-0.10280409,0.30817953,-0.4285365,-0.036620524,-0.23408987,-0.23468442,0.21387628,0.34497768
-0.011923001,0.325219,-0.36924648,-0.05599063,-0.25149146,-0.3108496,0.1235126,0.30844986
0.031014327,0.3128327,-0.27602124,-0.085848376,-0.22376359,-0.3373854,-0.016941,0.24439867
0.03418105,0.34667286,-0.15952606,-0.10191697,-0.15871726,-0.34091696,-0.166997,0.14526911
0.014988008,0.3299605,-0.07372288,-0.11703795,-0.06497418,-0.33433807,-0.21576421,-0.0065476852
-0.036705762,0.3464633,0.042082265,-0.07003657,0.0051088636,-0.28114876,-0.2107383,-0.110415965
-0.083824754,0.33605412,0.062017776,0.015512131,0.13867615,-0.2659767,-0.19888794,-0.29758847
-0.16487847,0.276389,-0.0062970207,0.07320931,0.15151556,-0.18488917,-0.18654422,-0.4142363
-0.21698171,0.1254217,-0.07797031,0.09339595,0.12674251,-0.15109323,-0.16921136,-0.5242597
-0.14752926,-0.06349692,-0.08697265,0.07448186,0.10055202,-0.09950763,-0.20126514,-0.62394524
0.0027443846,-0.20116925,-0.08089556,0.0739472,0.09494464,-0.03986648,-0.20802176,-0.6845288
0.27326548,-0.18515494,-0.06417733,0.016967624,0.080745906,-0.009318804,-0.26832026,-0.68408644
0.47215042,-0.05509031,-0.014649312,0.0068894876,0.07153297,0.022010637,-0.34443647,-0.5444302
0.5847803,0.061251905,0.12499423,-0.008712026,0.04833124,0.090419576,-0.41271135,-0.29473546
0.6097627,0.029677488,0.27058712,0.030192839,0.06789354,0.14641395,-0.42500162,0.034260508
0.5209298,-0.13330844,0.34279665,-0.031581666,0.07902039,0.18186077,-0.35691148,0.3492095
0.34699422,-0.2791498,0.33702287,-0.12229556,0.113901794,0.21578287,-0.22313099,0.50301737
0.15190253,-0.28853115,0.27948937,-0.23093246,0.112138875,0.19739461,-0.08232618,0.5544675
0.060538046,-0.22072403,0.256162,-0.30125004,0.1243221,0.17988059,0.03862122,0.5461582
0.022373194,-0.04486203,0.27032512,-0.3101416,0.13225356,0.17718296,0.15800484,0.5189793
0.09276427,0.071291566,0.35880852,-0.24889325,0.22803655,0.20810325,0.24903914,0.4356343
0.16691628,0.15066929,0.43645537,-0.09255901,0.2745775,0.20027053,0.28437123,0.3768919
0.24815351,0.116730064,0.5003817,0.10131865,0.30356714,0.2201823,0.29216757,0.26794046
0.27111524,0.070562296,0.5305194,0.26957035,0.25930706,0.2565804,0.28942296,0.17842908
0.2298564,0.03974302,0.53596973,0.3616016,0.21899028,0.24294955,0.27749133,0.084359445
0.2038831,0.035705004,0.47398353,0.39152727,0.12405836,0.25974914,0.22162902,-0.017466228
0.1346136,0.07785354,0.42616665,0.44917473,0.031990293,0.30578625,0.22905058,-0.044886492
0.05992417,0.09645407,0.30834335,0.44770977,0.014561064,0.33341315,0.18212754,-0.072205074
-0.0100413915,0.13489261,0.22306092,0.44247487,-0.01965567,0.3725953,0.16180491,-0.119491555
-0.11251369,0.17095211,0.026492862,0.4351089,0.036548637,0.41367263,0.12144852,-0.12028384
-0.16793981,0.16210234,-0.1354139,0.4461309,0.11412075,0.4627661,0.03272162,-0.1410311
-0.21062954,0.102415465,-0.29079276,0.3789314,0.23724043,0.46931028,-0.07165218,-0.12098589
-0.19743411,-0.025620433,-0.3890424,0.34815234,0.31020728,0.44709674,-0.23612508,-0.09632775
-0.17877215,-0.1141258,-0.3986282,0.27288476,0.33555314,0.4250266,-0.35612962,-0.05507861
-0.12243686,-0.15145811,-0.3726693,0.21943809,0.33005744,0.35822624,-0.47722074,0.014288466
-0.1093475,-0.1771646,-0.32109565,0.19730745,0.28914973,0.31155849,-0.5013773,0.056600913
-0.11104946,-0.18651395,-0.28784406,0.1706824,0.265402,0.3045447,-0.51997316,0.11386152
-0.14992674,-0.19690076,-0.24445026,0.13061407,0.18912476,0.31260547,-0.4894772,0.16096297
-0.17104053,-0.1309315,-0.19207196,0.11688182,0.09761551,0.3458229,-0.4379239,0.16361837
-0.2232221,-0.106594674,-0.20873423,0.104281776,0.020019285,0.39624062,-0.35402936,0.19727254
-0.2545755,-0.04918068,-0.21969038,0.06580397,-0.082125105,0.4385424,-0.20666555,0.20671205
-0.2567552,0.03444505,-0.23558381,0.04752667,-0.17247202,0.4595987,-0.012101343,0.20493326
-0.27112535,0.030029474,-0.27391493,0.04458985,-0.31430307,0.4466401,0.24067834,0.18472078
-0.23829255,0.070541546,-0.2920053,0.040632635,-0.4140668,0.2857012,0.42286822,0.14362033
-0.23161343,0.071089074,-0.3244223,0.049994063,-0.44580713,0.056185465,0.4883414,0.1548436
-0.18153954,0.05284193,-0.33401754,0.08504048,-0.4866551,-0.20312478,0.47737792,0.25073856
-0.10466175,0.100764304,-0.34843656,0.10568473,-0.49984953,-0.40186578,0.31975257,0.31281716
-0.0539291,0.12583958,-0.3395351,0.1127302,-0.46025997,-0.44402486,0.09039047,0.31273174
-0.045943074,0.14768417,-0.34475207,0.11668676,-0.42074135,-0.37908813,-0.15082902,0.1809644
-0.063689396,0.10766601,-0.36975428,0.14972548,-0.4299547,-0.20651464,-0.23475799,0.054507434
-0.06887719,0.057723805,-0.36943448,0.13625011,-0.44216812,0.012063216,-0.26203227,-0.0789982
-0.042526953,-0.0048813173,-0.3819308,0.17579591,-0.4850827,0.1850409,-0.20085022,-0.116090186
-0.05446992,-0.039591428,-0.36120242,0.1955636,-0.49825427,0.3099431,-0.07846411,-0.10743146
-0.067226775,-0.089112185,-0.3687212,0.22463346,-0.50963664,0.3921539,0.08003112,-0.10825165
-0.108603634,-0.16386175,-0.3424033,0.28165978,-0.47463182,0.39457226,0.24403414,-0.104606465
-0.11345485,-0.23117213,-0.29973805,0.2971209,-0.44606388,0.36858466,0.38199502,-0.18264996
-0.17617247,-0.2950528,-0.24206863,0.31162834,-0.36432764,0.2911023,0.40107864,-0.19264466
-0.22585,-0.34743768,-0.09726137,0.24579526,-0.3105571,0.21419074,0.4140663,-0.21534124
-0.24792694,-0.36900008,-0.004288081,0.14647315,-0.31647357,0.09776969,0.40078405,-0.17956126
-0.2776305,-0.32571524,0.081151694,0.0015566038,-0.31492716,-0.06057913,0.40132886,-0.12014848
-0.30315194,-0.25134164,0.13865545,-0.16397744,-0.27287245,-0.23311462,0.35021248,-0.005489555
-0.32021755,-0.13728821,0.16344336,-0.25923032,-0.05869192,-0.37390193,0.28532127,0.10616449
-0.32190758,0.016853614,0.15868697,-0.27038643,0.24301566,-0.35714415,0.22194399,0.14941756
-0.2963202,0.20809563,0.14160559,-0.12923026,0.46036214,-0.26347107,0.20888436,0.16480622
-0.2563576,0.33742702,0.050296847,-0.012544242,0.5354235,-0.16792558,0.17841078,0.16387826
-0.25112873,0.40073067,-0.099047266,0.117017046,0.51043785,-0.10992836,0.16453208,0.1541477
-0.23372115,0.4394733,-0.28394756,0.10595518,0.44487295,-0.075572364,0.13633747,0.15500653
-0.2417219,0.39892256,-0.41815743,-0.02748329,0.3708825,-0.010257823,0.095224574,0.087233774
-0.23672462,0.32395187,-0.42963693,-0.12618752,0.23574486,0.036263496,0.04318172,0.059151687
-0.2609127,0.17793706,-0.38795605,-0.2275904,0.08136944,0.044114158,0.013358212,0.012541084
-0.29253662,0.07255375,-0.3733705,-0.23886512,-0.10559845,-0.03072229,0.04003105,-0.03280896
-0.3413269,-0.061581902,-0.35643363,-0.22174756,-0.23781174,-0.09734214,0.03839794,-0.12065842
-0.31820324,-0.19233625,-0.35219955,-0.19033377,-0.30739963,-0.15288144,-0.014744633,-0.21775296
-0.221252,-0.30827013,-0.280167,-0.19413233,-0.27818704,-0.20664771,-0.035411358,-0.2986029
-0.06280691,-0.43177196,-0.25417784,-0.14593734,-0.2777338,-0.24621338,-0.023372764,-0.3932151
0.14304535,-0.43182978,-0.26802802,-0.12561655,-0.24783975,-0.23632587,-0.060795043,-0.4293654
0.33755684,-0.3863096,-0.33365193,-0.10516285,-0.24738258,-0.24459809,-0.05129921,-0.46530426
0.45224145,-0.22412913,-0.37177956,-0.004995584,-0.26501864,-0.2592269,-0.050455578,-0.44802427
0.48496744,-0.027172774,-0.30421686,0.03886911,-0.2988755,-0.20542048,-0.036218483,-0.43405756
0.41708612,0.14407209,-0.17053896,0.038874168,-0.2779931,-0.16186981,-0.03816965,-0.40782535
0.3316846,0.19544148,0.0072190254,-0.0026996108,-0.22280732,-0.14741798,-0.07202708,-0.37483087
0.23207472,0.2513225,0.15216248,-0.013467355,-0.15737489,-0.10790672,-0.092878714,-0.3387874
0.14003445,0.25614238,0.26024538,0.03286467,-0.12303333,-0.08212588,-0.12455381,-0.3537766
0.045746457,0.24208546,0.28568825,0.067996204,-0.07744848,-0.015469882,-0.14229067,-0.36792392
-0.0043574967,0.23844233,0.2903233,0.12780334,-0.019751297,0.0020770773,-0.16551365,-0.4171287
-0.052267075,0.2487541,0.2016355,0.18006603,-0.041629635,0.09003911,-0.21982293,-0.42707223
-0.08557918,0.21266355,0.11197853,0.1997535,-0.052145496,0.18006288,-0.28024465,-0.4299024
-0.05068839,0.15710492,0.05070572,0.20011602,-0.06673053,0.2798803,-0.37773877,-0.39968044
0.049112704,0.10473507,-0.0034685628,0.18973164,-0.08235723,0.38340735,-0.46785444,-0.27551842
0.09249731,0.118662715,-0.025160804,0.15755115,-0.09105424,0.49066707,-0.46272498,-0.035447773
0.050475057,0.13722573,-0.015481941,0.122176856,-0.17625101,0.61288595,-0.26405677,0.23967208
0.05043963,0.18921627,-0.0206424,0.10896221,-0.22420119,0.65698695,0.13508917,0.2949486
0.110197484,0.26535273,-0.0017188397,0.09819781,-0.2940805,0.6192812,0.42601213,0.17042455
0.038332008,0.25851575,0.046039246,0.094172135,-0.34151083,0.38606942,0.60695064,-0.02305631
-0.1501139,0.2712615,0.017375445,0.052035786,-0.34960532,0.04127469,0.6263524,-0.080211096
-0.2573105,0.25932756,-0.065472096,0.019446205,-0.35182297,-0.20602237,0.6033621,0.07252011
-0.22374442,0.33049715,-0.17609766,0.0023950944,-0.302616,-0.40335,0.4894679,0.30857456
-0.1144007,0.413247,-0.20545916,-0.016668089,-0.21797809,-0.49923322,0.2494599,0.37111878
-0.0013301141,0.4377566,-0.17106462,-0.044984836,-0.098820455,-0.5298009,-0.024059763,0.29124328
0.042443354,0.48237935,-0.08939644,-0.010760708,-0.010217341,-0.5091375,-0.18727835,0.14219472
0.029532164,0.4480767,-0.034164995,0.0084219035,0.080665424,-0.42497808,-0.221268,-0.046487655
-0.07674342,0.43972796,-0.053709988,0.077888645,0.096249506,-0.34779552,-0.21159828,-0.24427526
-0.17264056,0.36734733,-0.12459427,0.13265367,0.093845084,-0.30642152,-0.17067844,-0.4079491
-0.25051084,0.1710626,-0.22892325,0.10763104,0.10226394,-0.26511672,-0.11891469,-0.53992265
-0.24431224,-0.14445245,-0.26432303,0.060299587,0.09546893,-0.24647413,-0.037581496,-0.6317983
-0.072204955,-0.37461725,-0.23161462,0.053900663,0.08634455,-0.20230548,0.004803997,-0.6965106
0.18374357,-0.3841275,-0.18636142,0.023436531,0.07665235,-0.1666778,0.011311302,-0.70151913
0.4019164,-0.30109796,-0.22200641,-0.0035262026,0.056353807,-0.13557413,-0.005990918,-0.68636453
0.47081843,-0.09549391,-0.19468749,-0.0038707557,0.015790192,-0.13957272,0.00589777,-0.6327616
0.42932513,0.09415828,-0.082030155,-0.010513309,0.02183801,-0.105343476,-0.034384746,-0.6073796
0.28106737,0.17918137,0.07392308,-0.012947339,0.018281411,-0.109148644,-0.00087206415,-0.5734857
0.15901136,0.20304683,0.15560384,0.058522068,0.035612606,-0.023071794,-0.060811106,-0.5606235
0.053322326,0.1892211,0.18560529,0.07325611,0.09184894,-0.0060110823,-0.10979708,-0.55387443
0.00093922735,0.15298605,0.1596217,0.1496106,0.0726186,0.04065755,-0.16741572,-0.564432
0.049992654,0.114609644,0.12304665,0.14309207,0.052328575,0.07803562,-0.24226548,-0.5882101
0.13504669,0.05648139,0.13008973,0.16298427,0.057851627,0.1397409,-0.3681968,-0.534543
0.23273921,0.10130076,0.1458602,0.17200074,0.033026777,0.21917917,-0.48895833,-0.36888573
0.33921275,0.09270364,0.21541573,0.17522903,-0.022635207,0.32064962,-0.52444416,-0.047627717
0.29770035,0.06972484,0.27494222,0.16452494,-0.022044633,0.42077917,-0.42904267,0.30403587
0.21753202,0.042235386,0.2846536,0.12197609,-0.087852255,0.5192695,-0.1348549,0.49902064
0.24103753,0.031057518,0.36497408,0.104367465,-0.06974567,0.51073635,0.19965602,0.52591777
0.31900573,-0.002778862,0.39329073,0.049479295,-0.13336632,0.4226829,0.4835003,0.3134268
0.31423637,-0.057688147,0.40916416,-0.05542051,-0.12554589,0.25470245,0.57467645,0.03559304
0.20750359,-0.08562503,0.43559304,-0.12555306,-0.026996177,0.10922254,0.60805404,-0.13221942
0.053282965,-0.03340929,0.489861,-0.178931,0.12767361,-0.01794457,0.5264942,-0.18601573
-0.13471696,0.07664924,0.51719767,-0.0774531,0.28206202,0.022104865,0.45020017,-0.18138292
-0.28021145,0.17737056,0.44649598,0.12835076,0.38012132,0.08219971,0.38407537,-0.13448173
-0.36693266,0.3065938,0.2324938,0.3376516,0.3152012,0.09795565,0.30420777,-0.134875
-0.4821587,0.3128299,-0.16789562,0.38536808,0.2947363,0.13092446,0.19645858,-0.09667685
-0.5633117,0.13770066,-0.44571722,0.32155553,0.32434168,0.15508161,0.098219395,-0.12093232
-0.5341385,-0.1988232,-0.52143794,0.23000488,0.32866684,0.13838446,0.020080326,-0.18878402
-0.42470664,-0.49377832,-0.37392157,0.21218002,0.26418683,0.15505219,-0.09108346,-0.2686254
-0.15312071,-0.58701,-0.11845363,0.2172612,0.22341716,0.14997816,-0.20151284,-0.34158146
0.18835397,-0.6113095,-0.012337536,0.12565434,0.21779045,0.13737123,-0.31555405,-0.33386782
0.4048295,-0.5353824,-0.08814438,0.024078378,0.14876103,0.1572735,-0.40809232,-0.14987701
0.4212013,-0.5020159,-0.25315914,-0.00066159654,0.08486707,0.20218016,-0.39045143,0.12413759
0.31169584,-0.45733717,-0.34986526,0.031427484,-0.053326778,0.26191142,-0.28685367,0.36491072
0.12968758,-0.42266208,-0.3557003,0.08407858,-0.18210514,0.330072,-0.07941083,0.44071212
0.008675946,-0.38117486,-0.2958508,0.16168323,-0.24298605,0.3486785,0.15034333,0.43296647
-0.036733456,-0.28304067,-0.2466011,0.1675302,-0.29517007,0.26304954,0.3647543,0.37355018
-0.010981841,-0.21664405,-0.21012203,0.14070903,-0.3059098,0.1135094,0.47358242,0.30570903
0.036283717,-0.15978171,-0.15988635,0.119582094,-0.32103968,-0.083584,0.5130227,0.27898952
0.0784981,-0.10221236,-0.15599263,0.064258054,-0.30537093,-0.24060506,0.47507215,0.33191544
0.13381216,-0.06999106,-0.10846715,0.028816625,-0.26865914,-0.38442567,0.33929017,0.35402516
0.14670804,-0.03437714,-0.082617156,0.0065114917,-0.21806797,-0.42026442,0.14375034,0.285952
0.11854317,-0.0013724185,-0.013023374,-0.049868077,-0.10270491,-0.41165122,-0.017705824,0.22610852
0.093509875,0.035911422,0.036792535,-0.06737552,0.029173892,-0.38052338,-0.107244045,0.09588768
0.087524295,0.05962801,0.07253348,-0.042825006,0.16251482,-0.34232625,-0.14206105,-0.0040686354
0.06379687,0.09353828,0.12329181,-0.009164624,0.26914978,-0.3130754,-0.1402671,-0.11778809
0.04077907,0.11281336,0.15854138,0.07836069,0.34337175,-0.25393867,-0.12425561,-0.2200588
-0.0029059642,0.11314134,0.14329629,0.15040672,0.327613,-0.252527,-0.07521395,-0.30287138
-0.047066227,0.11600468,0.118409075,0.23595402,0.29490453,-0.22928005,-0.04886181,-0.37154165
-0.089764655,0.07831005,0.04135271,0.2657606,0.24281488,-0.20428522,-0.042582072,-0.43782994
-0.1537014,-0.023111854,-0.008095967,0.26878235,0.1935746,-0.18526314,0.00389495,-0.49655104
-0.16034569,-0.11105034,-0.039495535,0.25535047,0.15942135,-0.14734726,0.007381581,-0.5523039
-0.0631321,-0.201102,-0.02858801,0.20523567,0.11487537,-0.089394756,-0.0067975703,-0.56771934
0.045784436,-0.24446596,0.033897903,0.14200412,0.08109924,-0.055073395,-0.036726914,-0.6065584
0.23930132,-0.25095394,0.043803483,0.106091514,0.07047942,-0.035800498,-0.09171116,-0.5734564
0.37799212,-0.16885522,0.025875691,0.041575838,0.037120126,0.03502784,-0.16221598,-0.5207461
0.4662496,-0.082238995,0.07487315,-0.009570798,0.06917618,0.052094243,-0.2301059,-0.40899417
0.5391819,-0.029416643,0.16999388,-0.030428888,0.053059462,0.10253441,-0.26853102,-0.21798976
0.5575151,-0.08955547,0.23307356,-0.043080002,0.05992496,0.13752544,-0.28470472,0.00016921759
0.4700174,-0.19039683,0.2632095,-0.08627799,0.081896044,0.17034855,-0.25720844,0.25156724
0.3785058,-0.30022952,0.22230864,-0.18214922,0.096466914,0.1832397,-0.21622065,0.4024278
0.19204035,-0.30321667,0.16040464,-0.25237682,0.117134824,0.18150511,-0.09237866,0.44459414
0.085775234,-0.23840804,0.122877695,-0.3218689,0.0688215,0.15503529,-0.0033332135,0.46680418
0.023716986,-0.16877541,0.09318821,-0.3828697,0.07189975,0.12289256,0.06348315,0.42320848
0.011315244,-0.060644444,0.1543473,-0.37725616,0.09579791,0.09643197,0.1070978,0.37880352
0.019840362,0.04477719,0.2447512,-0.35747388,0.16302256,0.07611121,0.1484271,0.3318562
0.06933314,0.16053782,0.36083326,-0.22473954,0.30118528,0.085822,0.17532687,0.296477
0.119268455,0.21558914,0.4351918,-0.033094995,0.35623032,0.14349125,0.15375768,0.24996608
0.14004932,0.2644751,0.4353051,0.23872118,0.33671564,0.14151335,0.12276145,0.21050872
0.1514651,0.29371408,0.34274137,0.4684164,0.28450873,0.17036667,0.1088734,0.18385409
0.15448716,0.3065126,0.15946425,0.5803596,0.17658728,0.20281991,0.11917979,0.17178296
0.17475559,0.31512076,-0.078893945,0.6262661,0.20150042,0.19704427,0.11480209,0.14794557
0.12727097,0.3183357,-0.31973755,0.5998815,0.2898474,0.20310469,0.07811744,0.11078555
0.12589735,0.32243404,-0.4182403,0.50870895,0.41938677,0.15367948,0.037804507,0.0970583
0.10632144,0.31905353,-0.49709493,0.2993254,0.47109964,0.1355832,-0.03508831,0.102899365
0.06689251,0.26009288,-0.48902422,0.04572806,0.4511813,0.122764915,-0.13229506,0.11578743
0.071050115,0.23619117,-0.41877988,-0.08249587,0.2715971,0.13461123,-0.1594803,0.086600006
0.015225954,0.25613505,-0.30967346,-0.14893804,0.06714564,0.13966145,-0.115925126,0.110366985
-0.009243577,0.25269184,-0.19898503,-0.16327201,-0.10392573,0.14239278,-0.08423325,0.10305533
-0.01295254,0.2564743,-0.043347344,-0.17576618,-0.1914653,0.12865305,-0.053063013,0.07047726
-0.042271446,0.3132173,0.03716883,-0.14777927,-0.21112207,0.079149045,-0.0071128784,0.05454861
-0.07625663,0.32129955,0.118098095,-0.14224473,-0.17563969,0.02233847,0.005882713,0.020064525
-0.11774325,0.3664057,0.15318458,-0.092491,-0.14568764,-0.0025713183,-0.021503009,-0.0116533525
-0.19441928,0.42988715,0.13186511,0.021359846,-0.085590005,-0.004755286,-0.023904053,-0.051130194
-0.2799944,0.4415378,-0.019327775,0.027068092,-0.07833951,0.005612903,-0.053372603,-0.13093261
-0.37644148,0.34266394,-0.18413806,0.014436922,-0.08689586,0.013334486,-0.06119206,-0.22660093
-0.4461558,0.094783075,-0.3523597,0.004639231,-0.1503333,0.05168287,-0.044418305,-0.31503925
-0.38825947,-0.2054963,-0.33385286,0.034938667,-0.23794165,0.09678899,-0.11275809,-0.40061548
-0.17845649,-0.43669564,-0.2658885,0.06922497,-0.29841745,0.14061908,-0.14146335,-0.47735536
0.17135558,-0.4833573,-0.22316559,0.0703062,-0.35365286,0.22475699,-0.19677998,-0.47462165
0.3932752,-0.44890952,-0.25773227,0.082764246,-0.4151162,0.31485292,-0.1721174,-0.3524762
0.49564242,-0.2994542,-0.3095005,0.10231899,-0.47529095,0.39115006,-0.059479963,-0.13808823
0.49015623,-0.1973379,-0.3197511,0.13679832,-0.56320626,0.38425267,0.113588616,-0.045284178
0.41535047,-0.10679629,-0.27243447,0.15626739,-0.5804667,0.35990053,0.3145386,-0.12431694
0.32949275,-0.059393343,-0.19699731,0.1712838,-0.5870437,0.17015928,0.39507586,-0.2657668
0.121464275,-0.01989079,-0.15381783,0.12485213,-0.5706854,-0.028399846,0.41916668,-0.32424456
-0.05148434,-0.0027245998,-0.13434231,0.08541851,-0.57772535,-0.23149075,0.38307363,-0.3185442
-0.14371943,-0.07115481,-0.12450735,0.039013766,-0.54754674,-0.3982648,0.25712857,-0.24499136
-0.18059027,-0.1326954,-0.13932796,-0.031017765,-0.4435384,-0.4999974,0.16634402,-0.19890797
-0.20596689,-0.18260932,-0.107428096,-0.08698245,-0.30574876,-0.52966315,0.04644886,-0.2456989
-0.15680961,-0.25886714,-0.061342865,-0.12042765,-0.13053617,-0.55607426,0.047132168,-0.350431
-0.11707059,-0.26654783,-0.017464569,-0.17627952,0.101940066,-0.5388962,0.104476415,-0.41061887
-0.04659956,-0.33637276,-0.04699744,-0.21607623,0.3238448,-0.48615086,0.2587105,-0.3818446
-0.05312283,-0.33200616,-0.04656147,-0.24502932,0.49073187,-0.41262153,0.37043533,-0.32458255
-0.118217885,-0.35007948,-0.03993169,-0.26013252,0.57327443,-0.26147416,0.45640814,-0.17864418
-0.13947731,-0.35574603,-0.061413854,-0.24956343,0.5689505,-0.012886571,0.39383045,-0.112139836
-0.14980142,-0.3311934,-0.042345043,-0.22134835,0.50492716,0.16909486,0.27043825,-0.101834446
-0.13336371,-0.30877393,-0.02924354,-0.2086083,0.35001916,0.254022,0.13256009,-0.107693486
-0.11567866,-0.2923179,-0.026763707,-0.25090352,0.19848782,0.26938668,0.025589809,-0.14825346
-0.05990303,-0.28506508,-0.03728104,-0.28557393,0.06284436,0.24907145,-0.06608756,-0.113540195
-0.042104445,-0.26942524,-0.04202655,-0.32652047,-0.08671061,0.22267535,-0.09289407,-0.12761101
0.024228577,-0.2351616,-0.037788764,-0.39438817,-0.2177683,0.12640865,-0.08424242,-0.120929964
0.04078406,-0.22936668,-0.07661088,-0.42951477,-0.2683399,0.022695264,-0.07146591,-0.122091874
0.057357565,-0.2032,-0.0811046,-0.4906933,-0.22121024,-0.15238124,-0.0708448,-0.15122797
0.12881385,-0.22615461,-0.097996265,-0.5089318,-0.09872063,-0.2639135,-0.09056899,-0.18695372
0.18121026,-0.16956438,-0.08733988,-0.5225605,0.032254115,-0.2898265,-0.08476169,-0.23438081
0.21276012,-0.13768288,-0.05421889,-0.5254872,0.2531976,-0.2653006,-0.057075627,-0.29137197
0.20817783,-0.114541456,0.0015387188,-0.51451576,0.4434414,-0.18792734,-0.011769604,-0.3096716
0.23027208,-0.09786796,0.08290996,-0.4344323,0.543863,-0.059769575,-0.012545177,-0.32565787
0.21473432,-0.07707917,0.116014615,-0.32855347,0.55310893,0.06579184,-0.1067205,-0.30174047
0.24969496,-0.032078452,0.22802803,-0.20127898,0.5806594,0.10803874,-0.24637862,-0.22525664
0.2901577,-0.012135651,0.27354154,-0.031109901,0.5688102,0.10787606,-0.36638704,-0.09413399
0.3155685,-0.04646138,0.33776698,0.121659994,0.5782506,0.002408768,-0.4543854,0.045272294
0.29564542,-0.0620177,0.32007694,0.2824665,0.521446,-0.11627973,-0.46586442,0.12586248
0.26772076,-0.095521286,0.33213255,0.38022023,0.43822587,-0.23064242,-0.4531918,0.100117
0.23996149,-0.10051305,0.35077327,0.42040735,0.26885512,-0.24934666,-0.43503636,0.013098988
0.26154026,-0.104600966,0.34188032,0.3776372,0.12733562,-0.20957853,-0.39534974,-0.01597872
0.27709505,-0.11014704,0.33082083,0.32501337,-0.016213002,-0.07170887,-0.3843185,-0.014678577
0.3105135,-0.1285695,0.3456072,0.22851272,-0.059374887,0.080721095,-0.39473227,0.0804387
0.25754982,-0.14905784,0.34767747,0.09207221,-0.09063992,0.19453412,-0.33450785,0.1764763
0.1752749,-0.12147431,0.3457261,-0.0013919389,-0.055146247,0.27328116,-0.25616544,0.29717243
0.085719846,-0.08511645,0.36466378,-0.10597043,-0.031182112,0.2706984,-0.09387014,0.37215516
0.0807011,0.00016398728,0.4153076,-0.1371004,-0.01737031,0.25630775,0.039894123,0.3640399
0.113241374,0.082536906,0.45738438,-0.12801598,0.04809993,0.20701203,0.1577311,0.33604646
0.13501635,0.17606355,0.5257317,-0.020992428,0.085372664,0.17607218,0.21154524,0.31176612
0.17050172,0.2155688,0.5506992,0.15160103,0.15419838,0.18936692,0.21858285,0.23605996
0.18951562,0.21945618,0.54111654,0.32763657,0.13456817,0.17660823,0.24259327,0.18366836
0.1727074,0.22751841,0.45607775,0.40208092,0.035122223,0.1980662,0.25454652,0.11031652
0.12538517,0.25949118,0.32556126,0.4717154,-0.029295873,0.25106618,0.27328756,0.049470533
0.06619837,0.27770957,0.16518612,0.5326792,-0.0540242,0.32208058,0.30862,0.032033745
-0.031249233,0.29154426,-0.05830503,0.5238962,-0.0036325145,0.3258157,0.2626882,-0.049619254
-0.1462107,0.26300982,-0.31918398,0.49314845,0.13646415,0.36755607,0.20458904,-0.1013308
-0.21250632,0.11912416,-0.4815606,0.4069835,0.27596113,0.36209416,0.079802774,-0.13219528
-0.26240185,-0.10949443,-0.52623117,0.2899912,0.34154153,0.353158,-0.047796696,-0.14285439
-0.19593763,-0.27304032,-0.50801456,0.24057844,0.34192207,0.3457834,-0.20888197,-0.14889635
-0.08494941,-0.367088,-0.39674646,0.20794117,0.3369343,0.2814557,-0.34875727,-0.13999137
0.05099488,-0.3686395,-0.2987326,0.19151667,0.28800982,0.25966763,-0.45805106,-0.051886827
0.066722386,-0.33735105,-0.26290643,0.20173019,0.2631255,0.26723307,-0.48670238,0.083002284
0.01935384,-0.32386437,-0.1981085,0.18604276,0.22399156,0.2702243,-0.4921821,0.19299372
-0.07810332,-0.28172258,-0.14391747,0.1459191,0.17058207,0.29537728,-0.41948503,0.2524316
-0.17011903,-0.19514251,-0.11264685,0.12030609,0.07838869,0.31912854,-0.30799276,0.29536873
-0.22174208,-0.07480876,-0.0910412,0.07884267,0.013893999,0.34177947,-0.18253131,0.27452934
-0.2600077,0.06233778,-0.116588786,0.049439233,-0.054873936,0.40337357,-0.06667986,0.24776395
-0.24713118,0.12965994,-0.18277413,0.035954565,-0.131746,0.38123685,0.10130542,0.22622687
-0.21743125,0.20099647,-0.21539304,0.021632288,-0.26294675,0.32738784,0.27968773,0.17005205
-0.19667496,0.18081914,-0.271778,0.009642365,-0.33437735,0.17455679,0.40192795,0.1598765
-0.16298383,0.20346421,-0.28248653,0.006199202,-0.38863495,-0.022336314,0.44379175,0.18666072
-0.13272317,0.21343437,-0.30411166,-0.014525248,-0.4059786,-0.24231808,0.38961464,0.24008133
-0.053103898,0.22595602,-0.28922018,-0.009687982,-0.3587465,-0.37944496,0.24999486,0.2996495
0.0074861366,0.2671243,-0.26269698,-0.023161873,-0.33333203,-0.4372018,0.013516422,0.23724023
-0.0042876294,0.2598392,-0.19571644,-0.04009466,-0.23680861,-0.38594785,-0.1592256,0.13341388
-0.030254418,0.2548974,-0.14566526,-0.04674822,-0.20200883,-0.32108885,-0.22170231,-0.05050466
-0.06440911,0.23798428,-0.097017474,-0.04001514,-0.14477079,-0.2821534,-0.22717352,-0.24627477
-0.086459555,0.20580885,-0.054020926,-0.054600798,-0.10522158,-0.19773552,-0.23053089,-0.35543075
-0.06590786,0.11436134,-0.064544275,-0.06759955,-0.06889853,-0.13617532,-0.23787823,-0.46875837
-0.007307824,0.029380655,-0.00044270974,-0.08669186,-0.011746272,-0.09655603,-0.26700324,-0.56267726
0.11561628,-7.414073e-05,0.05541996,-0.09728078,0.02433321,-0.043539546,-0.28033173,-0.577761
0.23965389,0.0060751527,0.10102614,-0.12164932,0.030933976,-0.018617766,-0.30312514,-0.59129983
0.35128927,0.052718636,0.21330523,-0.1263442,0.103542686,0.012498886,-0.35982597,-0.45858836
0.45472106,0.091923915,0.33918294,-0.044949815,0.14627507,0.05627421,-0.4349025,-0.29489547
0.48211503,0.014160316,0.43505627,0.03389127,0.22006202,0.08765913,-0.44492814,-0.06424833
0.43723896,-0.100885354,0.5123723,0.07287658,0.24570367,0.09412774,-0.47242898,0.21694186
0.30065745,-0.21997255,0.52661365,0.0871587,0.2560323,0.13771157,-0.44748452,0.38557836
0.090639666,-0.2165514,0.4672275,0.06025244,0.2954841,0.1279724,-0.34274495,0.4713353
-0.06554164,-0.044894673,0.4611094,0.08581524,0.33668587,0.12463565,-0.28147957,0.43591934
-0.12728149,0.19654852,0.44249383,0.26163253,0.3336944,0.09477735,-0.2263623,0.3811358
-0.116604455,0.40458414,0.23099765,0.3840186,0.26354924,0.11872141,-0.18839021,0.34270224
-0.052015115,0.5063726,-0.13801135,0.5004682,0.22575888,0.10541447,-0.19366144,0.27828726
-0.022110553,0.5278757,-0.41733122,0.43568832,0.27791685,0.14922298,-0.15747717,0.24976672
0.00056452485,0.4836325,-0.53364915,0.20417361,0.30037898,0.165932,-0.16380396,0.20491613
0.014020349,0.40658575,-0.5298961,-0.034963552,0.19464424,0.14107004,-0.17697468,0.2119352
0.009418541,0.40982354,-0.42117462,-0.15603562,-0.041874167,0.15189002,-0.091017246,0.21493527
0.044472836,0.40136036,-0.24899274,-0.20561673,-0.23237897,0.1178826,-0.02045539,0.1804675
0.046029527,0.4111587,-0.08181943,-0.21527043,-0.3205242,0.02631826,0.0034289598,0.1763915
0.042485964,0.45403415,0.09304505,-0.17740801,-0.2590613,-0.06797645,0.034450598,0.14752226
0.029374402,0.46733412,0.24669403,-0.10676308,-0.19763853,-0.12025324,0.03758574,0.09448678
-0.0249103,0.5393273,0.30341974,0.08867059,-0.023788776,-0.11494575,0.007919529,0.06258914
-0.0699823,0.5674361,0.20016763,0.2416745,-0.028867522,-0.116195776,-0.010551651,-0.004972469
-0.172059,0.61184275,-0.12627886,0.2941932,-0.061002083,-0.008947834,-0.018870825,-0.06664083
-0.2708079,0.519703,-0.4521674,0.24391857,-0.08643705,0.056997586,-0.056209713,-0.1374011
-0.3840438,0.23063637,-0.6049979,0.15376398,-0.10067028,0.116331704,-0.070778884,-0.23261677
-0.34231102,-0.16077912,-0.6355565,0.15409464,-0.15493146,0.15712735,-0.097830445,-0.26797685
-0.21666299,-0.45260996,-0.56613183,0.29873273,-0.16592006,0.25517398,-0.11446798,-0.32215136
0.02579577,-0.5447921,-0.33956373,0.39843234,-0.08848739,0.37621123,-0.20658742,-0.28546038
0.21214916,-0.51208496,-0.22039713,0.40864247,0.08258932,0.47350964,-0.25774634,-0.108201854
0.26576304,-0.48685253,-0.11494931,0.36167923,0.16021237,0.55807084,-0.28371814,0.15526891
0.117352255,-0.46094525,-0.09748099,0.293788,0.22590879,0.52795607,-0.21306439,0.35295895
-0.010223762,-0.35762528,-0.0071918247,0.24538225,0.22630784,0.5241528,-0.030000383,0.42185187
-0.11605385,-0.2080916,0.073811844,0.18026753,0.19019736,0.48794645,0.12217456,0.42301002
-0.11117058,-0.061901506,0.07214785,0.17843162,0.17612088,0.49093533,0.26654968,0.35803986
-0.04078853,0.07276958,0.062119186,0.16831261,0.112970196,0.48891377,0.38870904,0.25729394
-0.0049904394,0.13730656,0.026000245,0.16517177,0.07615907,0.45377037,0.4504525,0.12409039
-0.07822044,0.17885785,-0.009166565,0.1621077,-0.013052564,0.39137927,0.47312778,-0.019594798
-0.16662644,0.1662538,-0.07726496,0.1818576,-0.015240838,0.32898045,0.46005875,-0.07358231
-0.29722366,0.13794443,-0.1693907,0.15485749,-0.070473984,0.28837729,0.41730985,-0.116392404
-0.38553965,0.0137638105,-0.27540964,0.10770823,-0.11059592,0.22086391,0.40245414,-0.079947405
-0.42362955,-0.07426127,-0.30742905,0.11989291,-0.16557997,0.13880314,0.39451256,-0.042247258
-0.47597083,-0.15774104,-0.31119823,0.1202787,-0.21222952,0.050792888,0.38713005,0.04167139
-0.46693087,-0.15782845,-0.25200868,0.12562972,-0.2484,-0.024972875,0.37430778,0.1470698
-0.4484039,-0.12899512,-0.2385463,0.13015181,-0.26106066,-0.11132913,0.3459688,0.22874464
-0.38980696,-0.017512782,-0.26688886,0.11108935,-0.2734117,-0.19446738,0.29119185,0.31862885
-0.3459999,0.051091425,-0.30588415,0.08603991,-0.26019436,-0.2667472,0.18947715,0.33097544
-0.2850597,0.11776188,-0.3509662,0.075607866,-0.27504152,-0.29024976,0.061629046,0.28609237
-0.2638019,0.093894035,-0.3971337,0.10266911,-0.27314314,-0.22802024,-0.02050327,0.1799541
-0.28874794,0.03273756,-0.43241134,0.12076252,-0.31375903,-0.17779812,-0.08447201,0.03965696
-0.2836041,-0.093538605,-0.46282285,0.16387175,-0.33300394,-0.07320529,-0.07733417,-0.08192195
-0.23002304,-0.23252054,-0.41214654,0.22265062,-0.3396239,0.035019014,-0.07685268,-0.17041123
-0.12261205,-0.35363016,-0.32313368,0.27528438,-0.33316,0.16228747,-0.08475546,-0.21697842
-0.036204178,-0.4006134,-0.22401159,0.27247807,-0.30028537,0.2913178,-0.030189766,-0.23996168
0.09034757,-0.4011551,-0.11966605,0.20960402,-0.28008685,0.3655271,-0.044550933,-0.18113011
0.16351901,-0.3681905,-0.10849404,0.169338,-0.32079518,0.43105474,0.08633507,-0.13779363
0.17784378,-0.34769765,-0.066327296,0.07157246,-0.33880848,0.40900937,0.15765104,-0.11667885
0.18777338,-0.3008249,-0.08267425,-0.003096794,-0.4312316,0.32662246,0.2414217,-0.18234856
0.18075024,-0.25917554,-0.103813924,-0.08012035,-0.47998244,0.16126205,0.29246655,-0.1970664
0.12806271,-0.2452482,-0.10743612,-0.15232427,-0.49722162,-0.085135184,0.3082253,-0.24168257
0.08062433,-0.25028384,-0.09550956,-0.22733404,-0.42809138,-0.34260485,0.23016141,-0.2367026
0.09189921,-0.2351939,-0.11305041,-0.29736713,-0.25568596,-0.496235,0.15107782,-0.24324706
0.095532976,-0.25971568,-0.10606588,-0.32049543,0.023236472,-0.56825835,0.15063001,-0.2629056
0.06798378,-0.2218576,-0.11008393,-0.3008497,0.32291427,-0.5515505,0.22998619,-0.2284341
0.009242457,-0.21216147,-0.10320539,-0.2984644,0.5377465,-0.45809484,0.3376302,-0.16888085
-0.021645634,-0.20167607,-0.095952526,-0.29614606,0.5956206,-0.2081781,0.36506966,-0.10312231
-0.07365008,-0.21739767,-0.07025062,-0.26711863,0.5582951,0.04129309,0.32827443,-0.067783594
-0.13598035,-0.16494805,-0.048137717,-0.27095163,0.46016687,0.19799484,0.19495305,-0.08850291
-0.09621921,-0.1989658,-0.063517876,-0.23535497,0.32505074,0.24760069,0.068845786,-0.10232629
-0.09339232,-0.17593522,-0.017407678,-0.24968895,0.19380134,0.2546345,-0.023007683,-0.11199522
-0.08804976,-0.13804998,0.0041780267,-0.26064005,0.022045452,0.25275993,-0.08507383,-0.12082874
-0.0652208,-0.14653814,0.028770264,-0.30781996,-0.084887356,0.21703662,-0.10337938,-0.11705295
-0.043767598,-0.10254946,0.03910745,-0.34539348,-0.18326679,0.17550103,-0.09686083,-0.111100934
-0.03295102,-0.050432533,0.14068268,-0.4067114,-0.154301,0.08970774,-0.08406185,-0.12635401
-0.03221378,-0.044592764,0.16482255,-0.44995117,-0.069005124,0.008705992,-0.09004471,-0.15116543
-0.020681255,0.0056911465,0.25396684,-0.447839,0.07611301,-0.013675716,-0.097134896,-0.20021854
-0.028357793,0.05300389,0.35526395,-0.32899904,0.30943722,-0.015173091,-0.14532743,-0.2536147
-0.02776324,0.08952463,0.3727712,-0.19718179,0.4692044,0.0152028,-0.20539095,-0.27992097
0.003666837,0.1593451,0.42317533,0.08128137,0.51614505,0.01838353,-0.29339176,-0.3164327
0.042001236,0.19255507,0.33694035,0.37872994,0.45357314,-0.062888555,-0.3389562,-0.384705
0.08031441,0.18294252,0.22301246,0.5144495,0.3349073,-0.13797747,-0.35411388,-0.42785615
0.106527716,0.15394571,0.08041601,0.5544376,0.18853123,-0.11960596,-0.33551666,-0.49215555
0.15767065,0.13832913,-0.0582864,0.5557244,0.07558883,-0.020301688,-0.32526702,-0.5024116
0.23104385,0.14619018,-0.12271457,0.5166971,0.04606551,0.12321836,-0.38316494,-0.41978604
0.283581,0.22763331,-0.212658,0.48833913,0.11571405,0.2219111,-0.47063538,-0.24310932
0.31948042,0.2367502,-0.23710476,0.43786278,0.18998516,0.2717188,-0.5440643,0.010959947
0.2587685,0.24480414,-0.25154963,0.40645713,0.25710282,0.27448297,-0.5303734,0.28742883
0.16988334,0.23381442,-0.29210228,0.32970685,0.33206725,0.24534273,-0.4653908,0.4615442
0.10175037,0.25784346,-0.30209208,0.2709133,0.3118594,0.20857343,-0.36001098,0.533113
0.10352284,0.30012068,-0.31411114,0.2027746,0.28764564,0.18664739,-0.25071937,0.5487832
0.113823555,0.32780966,-0.28891072,0.14450523,0.22686465,0.17611144,-0.1572804,0.5656127
0.23694074,0.31570947,-0.22503808,0.088040546,0.15976416,0.19435102,-0.017081223,0.5643877
0.35235184,0.287316,-0.055487253,0.08512835,0.080567904,0.1964296,0.12729634,0.55337894
0.4879685,0.14177579,0.13824505,0.12867698,0.02967964,0.19153008,0.26009673,0.5122016
0.5432195,-0.049185667,0.21674697,0.09293519,0.0071080397,0.13548662,0.33093843,0.37268317
0.5414481,-0.18791352,0.258186,0.034251317,0.021617226,0.12244751,0.39822772,0.17431107
0.51253617,-0.31402764,0.19976439,-0.106445864,0.040980622,0.08225996,0.38293993,-0.0025464687
0.46100622,-0.31746352,0.11793699,-0.19252537,0.08524417,0.03019236,0.34714714,-0.11330737
0.41699243,-0.28879565,0.013410033,-0.25218803,0.109354876,-0.029312726,0.2883698,-0.1789007
0.36915547,-0.23961507,-0.040133916,-0.26878226,0.11615481,-0.0556406,0.2543376,-0.23639822
0.3062923,-0.15800995,-0.045021784,-0.29124516,0.14173333,-0.055076037,0.21200544,-0.25464898
0.2755746,-0.14318167,-0.044670302,-0.30714706,0.14670484,-0.052183643,0.16098535,-0.27950203
0.22805779,-0.08761527,0.05224827,-0.31194228,0.24910435,-0.04886052,0.10390224,-0.28954715
0.19430988,-0.061250973,0.08817449,-0.2763154,0.28816998,-0.0062145237,0.079462305,-0.28577295
0.1741677,-0.04577227,0.17169069,-0.25936314,0.3356705,0.021927098,0.006949328,-0.29378068
0.15899019,-0.023848368,0.23711169,-0.14834656,0.38925382,0.059606172,-0.0853016,-0.28693053
0.17213197,0.011079545,0.26003355,-0.05490581,0.40700215,0.084077224,-0.2056142,-0.25297773
0.21570547,0.025008405,0.31426632,0.09980953,0.42711085,0.07486448,-0.29067647,-0.1722897
0.23595822,0.01524994,0.3444562,0.22000182,0.42246753,0.021419017,-0.34854284,-0.09773187
0.260222,0.019244954,0.34749368,0.32689634,0.32933956,0.0016552605,-0.40178785,-0.024614166
0.25699076,0.035810094,0.3412971,0.40595698,0.20625284,-0.009979442,-0.42666548,0.009144148
0.26366013,0.014304001,0.30128905,0.40904254,0.10596761,0.03253047,-0.42681363,0.081851184
0.22195205,0.031821787,0.28023836,0.4078307,0.020678269,0.10052853,-0.38543493,0.16243178
0.18086642,0.027024778,0.25595188,0.390911,-0.014563149,0.21840052,-0.3038064,0.24568221
0.13102837,0.06746972,0.21211843,0.33884993,-0.014698631,0.33856487,-0.17398453,0.35161418
0.11947233,0.14674343,0.14032179,0.34446684,-0.00510829,0.41315368,0.029153071,0.39251518
0.14182582,0.18836519,0.105464086,0.36325085,0.003226865,0.4334195,0.24365932,0.35202825
0.21125829,0.17987758,0.07442878,0.34371394,0.029790308,0.42009348,0.37466103,0.25848615
0.21526134,0.19646521,0.031693123,0.3405967,0.018612143,0.41122404,0.42689627,0.045035366
0.08993227,0.19490738,-0.028277457,0.3742867,0.07733298,0.4188681,0.38154754,-0.105040826
-0.023594597,0.19072038,-0.14602838,0.36895278,0.122557595,0.42312044,0.27798855,-0.18352708
-0.15566555,0.11994707,-0.26541513,0.3388571,0.20490222,0.4019268,0.1180776,-0.21478467
-0.22380605,-0.040961698,-0.34245363,0.29586065,0.23848636,0.41903362,-0.06774768,-0.19812477
-0.16816938,-0.14266089,-0.35206395,0.2344097,0.2500712,0.40965506,-0.20239998,-0.16749746
-0.0859837,-0.19003505,-0.32197225,0.2094804,0.24027306,0.38921076,-0.3614451,-0.1202577
-0.033131354,-0.20102313,-0.26824215,0.19944587,0.17735086,0.4224898,-0.40306294,0.015499721
-0.04041359,-0.18999049,-0.2420091,0.16717526,0.14076412,0.4714823,-0.37375695,0.17276137
-0.10048558,-0.14933397,-0.18895921,0.14850503,0.06159527,0.45116946,-0.26953632,0.29791483
-0.12880394,-0.06756893,-0.186118,0.13710447,0.0096270265,0.49647513,-0.055524092,0.33717197
-0.1435953,0.025707161,-0.20297302,0.107029326,-0.10902472,0.49221012,0.18182515,0.3406539
-0.100972004,0.09773798,-0.22590256,0.08882446,-0.22850828,0.46188432,0.38041735,0.26224506
-0.07347145,0.12552261,-0.22622149,0.07062799,-0.28887266,0.2707525,0.52646905,0.14731985
-0.06768459,0.14296512,-0.21874349,0.023635864,-0.32985538,0.022832,0.54350704,0.12929092
-0.06459768,0.15735449,-0.20528363,0.046566065,-0.36758643,-0.21964642,0.5617212,0.20124446
0.02447751,0.17054628,-0.17499936,-0.0010747383,-0.37069827,-0.41638508,0.43118566,0.3238219
0.12172174,0.23378102,-0.095458284,-0.028948564,-0.23731807,-0.47689906,0.18544763,0.30750647
0.15567926,0.26587185,-0.016867543,-0.02816745,-0.113560446,-0.48096642,-0.05289655,0.25486192
0.15052219,0.27941746,0.07874094,0.010542303,0.0017011149,-0.46485335,-0.14400585,0.12912251
0.1241276,0.2876812,0.13545057,0.09223964,0.083366245,-0.40408498,-0.16594596,0.012913031
0.057355255,0.30767876,0.14981587,0.17036131,0.111631654,-0.3446239,-0.1966587,-0.1417892
-0.016531015,0.28715026,0.08244485,0.24810748,0.093443334,-0.27353564,-0.16445895,-0.30613482
-0.108153775,0.27389252,-0.046331078,0.27687505,0.0075481217,-0.17884436,-0.15918915,-0.39238235
-0.16186196,0.15822612,-0.1709105,0.25963613,-0.022589706,-0.1119541,-0.1465346,-0.45871496
-0.13932583,-0.036301628,-0.2290002,0.21097521,0.0032937184,-0.05310471,-0.17146236,-0.55681854
-0.005170165,-0.17592831,-0.19804317,0.22096281,0.0024388607,0.013931021,-0.19252966,-0.5881728
0.24247545,-0.20685062,-0.16898943,0.15654016,-0.031852696,0.09282601,-0.29666,-0.59217125
0.43043274,-0.10020605,-0.16926369,0.15614691,-0.058871754,0.19288936,-0.3888657,-0.39653
0.52365404,-0.019086337,-0.06875789,0.13249424,-0.09647609,0.33255744,-0.40725937,-0.03307974
0.47495803,-0.04249591,0.023721168,0.091892265,-0.18866527,0.41142952,-0.24583425,0.32772347
0.38555458,-0.10605856,0.06491241,-0.009491129,-0.2678107,0.40353596,0.05928016,0.42113864
0.37190443,-0.17005803,0.08523018,-0.10943263,-0.32424828,0.31773248,0.33899826,0.3345008
0.34312907,-0.21611603,0.08964762,-0.22398263,-0.33657923,0.05625433,0.46966138,0.16549748
0.33236966,-0.23661348,0.0339013,-0.34834635,-0.2532419,-0.2589585,0.46277064,0.049954038
0.2899751,-0.2043681,0.031909943,-0.41018552,0.00365503,-0.42736462,0.37643364,0.05258502
0.25012293,-0.20987082,-0.00505661,-0.40778288,0.34485537,-0.41071373,0.3224202,0.084938966
0.22667848,-0.19304545,0.014021811,-0.40840396,0.57363576,-0.2023543,0.31123397,0.079949304
0.20666987,-0.15562968,0.048630282,-0.33119965,0.58980554,0.019939149,0.256548,0.03909739
0.15285748,-0.13794953,0.08717592,-0.25732082,0.55910283,0.21949191,0.14529109,0.016655805
0.10845221,-0.12500279,0.10361733,-0.1765085,0.47469702,0.29813915,0.03213823,0.01291602
0.11819595,-0.07598275,0.13740216,-0.14328039,0.35314724,0.3294284,-0.11125223,0.039281003
0.09270533,-0.037009116,0.18184856,-0.077791825,0.25386432,0.34950197,-0.16955763,0.09887271
0.07562571,0.01607352,0.21548057,-0.007131053,0.16549674,0.3545586,-0.1505545,0.17937051
0.059047986,0.09951625,0.2593989,0.06969476,0.15199092,0.36485788,-0.121307455,0.2220621
0.042610824,0.2021657,0.27717996,0.14501308,0.113470994,0.38135722,-0.041186653,0.26365584
0.07877181,0.26412994,0.253003,0.19298212,0.08394196,0.3729712,0.042222023,0.2866324
0.10120598,0.32870793,0.15471976,0.3004355,0.07213642,0.38174373,0.15848957,0.24237318
0.14649406,0.31612965,0.08416184,0.33718443,0.05227366,0.39730248,0.22034779,0.18031815
0.15906708,0.34557056,-0.0061557484,0.40781954,0.12028492,0.3916703,0.24825864,0.13018644
0.09713721,0.34239438,-0.13893661,0.40998355,0.16496702,0.4102817,0.2222595,0.027905133
0.023057241,0.33210382,-0.2632395,0.3903232,0.23941077,0.4106283,0.17275658,-0.019848436
-0.04984757,0.30802044,-0.39737877,0.28425395,0.2830234,0.4187984,0.042452823,-0.044694714
-0.09621254,0.24078588,-0.44279492,0.1496562,0.32349896,0.38668463,-0.053629644,-0.016526254
-0.1029247,0.12256807,-0.48455492,0.059588995,0.19692546,0.3890708,-0.12710772,0.0052815727
-0.11805806,0.045288257,-0.4777172,-0.008050793,0.005404971,0.37598515,-0.102005936,0.024559695
-0.14371903,-0.03264969,-0.43806845,0.046438515,-0.23618712,0.41394484,0.014395345,0.031825103
-0.16449708,-0.09472702,-0.4200723,0.07703471,-0.3732498,0.37007725,0.1735654,0.036660448
-0.17111489,-0.15698007,-0.3757939,0.13419566,-0.47067693,0.29008606,0.29036248,0.009791786
-0.21193776,-0.22168832,-0.34646618,0.2177973,-0.45699403,0.19117339,0.38834348,-0.014068306
-0.21849518,-0.27331144,-0.29033512,0.22077413,-0.4651388,0.037399005,0.42509803,0.025803568
-0.23019418,-0.27344722,-0.22782113,0.20788345,-0.4633038,-0.122150734,0.43069026,0.09500984
-0.22686633,-0.23850751,-0.15403539,0.17954776,-0.4695991,-0.22804542,0.36103648,0.1828337
-0.21699399,-0.12810102,-0.08059162,0.10098012,-0.42579776,-0.31072208,0.25792423,0.23995163
-0.21772897,-0.04784839,-0.07877548,0.050862424,-0.39753813,-0.3648485,0.12623063,0.23178004
-0.20297664,0.04633756,-0.11292038,0.011719555,-0.35130435,-0.34724206,-0.04317459,0.115143485
-0.2629497,0.06719349,-0.1504152,-0.026454976,-0.29096806,-0.30187666,-0.14348294,-0.049487114
-0.21784288,0.03085627,-0.13453871,-0.047963098,-0.23449518,-0.24149504,-0.18580581,-0.23479189
-0.17444374,-0.07898687,-0.12974209,-0.076985225,-0.17667277,-0.18609451,-0.20301402,-0.39063293
-0.045282606,-0.18929595,-0.09187281,-0.10541277,-0.18780708,-0.14830968,-0.186109,-0.49287802
0.13784254,-0.20263737,-0.085003786,-0.15111199,-0.12989382,-0.11028588,-0.1894765,-0.5568529
0.30286023,-0.15607592,-0.073107556,-0.17146978,-0.1292445,-0.104436174,-0.16480313,-0.5429084
0.40860608,-0.065008454,-0.021095332,-0.2278319,-0.094770044,-0.08580689,-0.22456135,-0.45442933
0.4785691,0.029245438,0.11771263,-0.23631258,-0.021609541,-0.06817721,-0.22272912,-0.38426292
0.485251,0.032398675,0.25297314,-0.23267716,0.11944394,-0.0554636,-0.22804748,-0.2644198
0.4869466,0.020763755,0.44326755,-0.13165891,0.26465198,-0.030673664,-0.2565588,-0.15207529
0.50365585,-0.07920886,0.5235429,0.001124158,0.39706004,-0.032495674,-0.27039284,-0.021670837
0.47791684,-0.21297647,0.5226971,0.11193664,0.46832022,-0.06510843,-0.32496545,0.11407381
0.3995246,-0.3475738,0.47533765,0.13697551,0.49205947,-0.09150445,-0.3598895,0.21458553
0.27411458,-0.38252246,0.42119315,0.09965517,0.49799865,-0.12700683,-0.3101536,0.23323566
0.19068952,-0.38540322,0.35126808,0.087869704,0.5381214,-0.17702885,-0.3022619,0.221299
0.11619701,-0.29122978,0.3429333,0.13066085,0.54942304,-0.22485134,-0.29698902,0.11709126
0.10560488,-0.2431355,0.333885,0.16761029,0.56386083,-0.28814542,-0.24634127,-0.022918085
0.14688343,-0.21717378,0.34823668,0.21517465,0.54892784,-0.34490395,-0.19228317,-0.12010057
0.18627484,-0.18488067,0.3710822,0.28122625,0.5036801,-0.35745144,-0.12234711,-0.22512883
0.23134893,-0.16458431,0.36904785,0.3125594,0.41792804,-0.36517304,-0.01154399,-0.26464543
0.21314391,-0.14790933,0.35414624,0.29306924,0.28208303,-0.33705476,0.08470615,-0.27747685
0.20216002,-0.114174336,0.36302018,0.2671841,0.119731784,-0.27937815,0.10716934,-0.29465544
0.1513438,-0.11256791,0.3506276,0.20057367,0.06375067,-0.23953271,0.14385718,-0.3148016
0.09142092,-0.066851504,0.36996824,0.1603425,0.031191882,-0.23023443,0.12461488,-0.3385211
0.007725562,-0.03682616,0.37479332,0.12310185,0.024604948,-0.2070738,0.1351964,-0.31561244
-0.03372772,-0.01521273,0.35968703,0.12217297,0.0655964,-0.1665503,0.1256149,-0.34904408
-0.12181169,0.029569646,0.31139135,0.13106087,0.113557525,-0.16808546,0.10919755,-0.35519734
-0.1851785,0.047792654,0.2558488,0.17709634,0.12342396,-0.15338475,0.094006054,-0.38637596
-0.27108663,0.025002122,0.1741542,0.17885801,0.093203,-0.15137517,0.086110786,-0.39028054
-0.3239738,-0.024330497,0.11106918,0.16803554,0.09355388,-0.11202481,0.054837197,-0.42380273
-0.29483095,-0.1677382,0.09976791,0.13268442,0.08627815,-0.0442366,-0.00742183,-0.46814394
-0.15210585,-0.24114276,0.11471939,0.0871656,0.058741637,0.018165572,-0.0618888,-0.5354613
-0.00923196,-0.28996727,0.15945314,0.0056292415,0.08018309,0.01727699,-0.12825026,-0.5548682
0.23230469,-0.27298045,0.12775074,-0.11813312,0.08786292,0.06057783,-0.217267,-0.5494477
0.44106266,-0.21404308,0.08644354,-0.15771893,0.11050726,0.056690343,-0.29732233,-0.42291194
0.5886566,-0.15253426,0.12384762,-0.17093286,0.12312238,0.10488555,-0.38578093,-0.18880986
0.5947041,-0.15781103,0.17239599,-0.18524949,0.14057407,0.10021012,-0.3889854,0.066332884
0.48110044,-0.31152004,0.08576247,-0.2616087,0.12099281,0.12703827,-0.32703146,0.31529835
0.2655502,-0.3393868,-0.005651481,-0.29264894,0.070873104,0.14392051,-0.22597504,0.45776516
0.0790355,-0.30247068,-0.079851344,-0.35562408,-0.00054949516,0.14446093,-0.11352258,0.50937337
-0.03716144,-0.19590312,-0.07873167,-0.4102725,-0.070487835,0.079660274,-0.012414533,0.47982207
-0.08670573,-0.09028028,-0.04663023,-0.42735243,-0.108241476,-0.023283318,0.041873902,0.41717398
-0.0873173,0.036955565,0.019746084,-0.4441055,-0.071577474,-0.10923813,0.05572906,0.34632212
-0.07400927,0.18869698,0.13777082,-0.4087477,0.13580067,-0.1670173,0.00083257054,0.2567329
-0.07080219,0.3331427,0.25924724,-0.21260774,0.33952895,-0.12404519,-0.04546882,0.2197852
-0.054327693,0.42876232,0.3042889,0.05502108,0.46527913,-0.090845495,-0.07002773,0.14518836
-0.08485718,0.49316993,0.17506468,0.33578798,0.44359037,-0.09461105,-0.05605178,0.061602987
-0.12520762,0.51024115,-0.17360803,0.43632367,0.3458546,-0.10382339,-0.07496943,-0.01386145
-0.17796053,0.4357577,-0.48001468,0.3221085,0.33229366,-0.123051584,-0.10554106,-0.12693825
-0.2590589,0.20850007,-0.59077114,0.12760508,0.26480538,-0.10408567,-0.08724569,-0.21344244
-0.2136824,-0.12030113,-0.60142785,0.056292772,0.19758679,-0.09543894,-0.11668596,-0.3581498
-0.0874211,-0.35912344,-0.56259847,0.057128474,0.058747508,-0.035012234,-0.17095752,-0.44896403
0.18349274,-0.40749326,-0.5025807,0.1587127,0.010727031,0.021816703,-0.21122688,-0.4707241
0.4122292,-0.3091632,-0.482793,0.24807347,-0.0014468197,0.10829123,-0.26307234,-0.36105505
0.5094148,-0.12510659,-0.46641278,0.29655913,2.1576881e-05,0.23170877,-0.28860095,-0.15864038
0.5320727,-0.009044654,-0.398933,0.28597206,0.029809201,0.2965651,-0.27004734,0.15106425
0.44160762,0.025891732,-0.31688398,0.24172945,0.031416975,0.360703,-0.15172927,0.36721966
0.39745626,-0.008147521,-0.26871523,0.2134431,0.03134732,0.38163698,0.037590276,0.43423152
0.39598075,-0.04608662,-0.17209752,0.18056732,-0.006650916,0.37260738,0.26292148,0.41443676
0.41445008,-0.08433375,-0.11294152,0.14310157,-0.07732843,0.35685354,0.41423932,0.23112898
0.371929,-0.09351116,-0.076090604,0.12768762,-0.08062926,0.27045265,0.46357465,0.021143533
0.28151363,-0.07149855,-0.018422188,0.08799849,-0.1212575,0.1802282,0.45490205,-0.17866263
0.12622887,-0.023586689,0.029844318,0.039129354,-0.17320882,0.044025585,0.43165803,-0.25601757
0.014100362,-0.020102877,0.07980276,-0.034645684,-0.16724327,-0.097637,0.37919202,-0.2378478
-0.13249588,-0.030301228,0.07692988,-0.10270633,-0.1204623,-0.17276809,0.3252091,-0.18305095
-0.20700307,-0.024250442,0.10263602,-0.15148872,0.054325264,-0.2699659,0.27963093,-0.08861468
-0.27716863,0.0037247236,0.06580804,-0.119943574,0.1333339,-0.23810986,0.260882,-0.0605593
-0.32933825,0.079825155,0.05099791,-0.07896021,0.23873547,-0.20555922,0.2530168,0.008130662
-0.3604433,0.15983634,-0.007761587,-0.061049026,0.2932621,-0.14790532,0.23277383,0.04219953
-0.36402932,0.20210943,-0.08864423,-0.02663439,0.32033873,-0.12238003,0.1988375,0.08734969
-0.3966872,0.21404044,-0.22233431,-0.039654333,0.27920386,-0.07048765,0.18259227,0.08091433
-0.39268428,0.15041938,-0.30435324,-0.062482305,0.21419787,-0.06781923,0.15829633,0.05441517
-0.42801282,0.04943598,-0.35545728,-0.075213484,0.11138122,-0.046004184,0.12939689,-0.0123736635
-0.41125688,-0.05388627,-0.38871956,-0.10747798,0.010915553,-0.050244834,0.115348764,-0.0017311481
-0.39693645,-0.15932435,-0.35509905,-0.11691962,-0.080818035,-0.060942538,0.10013126,-0.055636264
-0.37179375,-0.29322714,-0.2976525,-0.11186415,-0.13873884,-0.10717457,0.027547972,-0.12672012
-0.3577853,-0.36150962,-0.22743437,-0.0812783,-0.18519548,-0.1448945,0.03008176,-0.13821755
-0.22441618,-0.43706077,-0.10928189,-0.12946856,-0.17096539,-0.14440827,-0.012331248,-0.25704825
-0.07989121,-0.48979053,-0.09088141,-0.17488976,-0.11684151,-0.17086555,-0.017321799,-0.28409073
0.11285367,-0.49500987,-0.15330689,-0.20612656,-0.09626568,-0.16526662,-0.040849466,-0.3212455
0.26763532,-0.4660536,-0.2521197,-0.25195318,-0.024459384,-0.21467778,-0.02724694,-0.3614211
0.40581733,-0.38435942,-0.3898388,-0.19102685,-0.03368211,-0.23811868,0.010304838,-0.35192263
0.48040804,-0.14561273,-0.38224044,-0.09101067,-0.10398595,-0.23762424,-0.019173037,-0.4017067
0.45463803,-0.019643134,-0.32784906,-0.08649426,-0.14109382,-0.23360969,-0.024521383,-0.33456445
0.4015411,0.09874303,-0.16817687,-0.08568789,-0.12433644,-0.24940994,-0.00044691,-0.30867016
0.30512604,0.17874864,0.022306273,-0.104922354,-0.02518729,-0.25905308,-0.051970154,-0.33297682
0.1687901,0.22632393,0.17064929,-0.060898107,0.08235319,-0.25697693,-0.030783223,-0.37667248
0.055338304,0.20121458,0.25503778,0.0389315,0.17676109,-0.24282469,-0.0042394665,-0.40020245
-0.09171576,0.22720861,0.1995212,0.12270051,0.21085377,-0.2202381,0.054106887,-0.4117791
-0.1946459,0.14113082,0.16659938,0.21253519,0.21824914,-0.17354369,0.031635057,-0.4638556
-0.26371956,0.023226978,0.04781569,0.18862201,0.20478857,-0.14110115,0.014928517,-0.47737625
-0.27744356,-0.17281164,0.023554798,0.18984012,0.1611415,-0.12655148,0.013311733,-0.5387938
-0.17755349,-0.2824535,0.0132585745,0.15657987,0.1588864,-0.08291907,-0.003802879,-0.58564734
-0.032182068,-0.35091698,0.09019203,0.058123946,0.09954813,-0.04278691,-0.042678475,-0.58516496
0.23783594,-0.3193106,0.055785626,0.011888302,0.12776244,-0.0073360526,-0.111419715,-0.6131486
0.47284573,-0.23172024,-0.0036789535,-0.097883396,0.14584988,-0.00054828817,-0.19676618,-0.53168774
0.6067412,-0.12351103,0.032486256,-0.08151149,0.15966637,0.030815918,-0.2844006,-0.3452097
0.6449165,-0.105309345,0.11785718,-0.10727668,0.15345873,0.07718224,-0.3042852,-0.1385682
0.6048241,-0.19590496,0.18035942,-0.13003382,0.18536216,0.09586425,-0.31107548,0.19151403
0.5111875,-0.31395274,0.15577756,-0.17148927,0.1647249,0.102485776,-0.2660643,0.34819987
0.2937945,-0.3571855,0.061178464,-0.23612776,0.14267464,0.13015676,-0.199804,0.45019463
0.09273895,-0.32610953,-0.03618115,-0.28046507,0.09367044,0.14222953,-0.10562224,0.5183802
-0.043844573,-0.20940834,-0.060497116,-0.32654962,0.023601418,0.11407498,-0.010581352,0.4786032
-0.09811182,-0.09112586,-0.07123163,-0.34592733,-0.024798032,0.022016592,0.028875446,0.44232273
-0.111831225,0.01073793,0.006544381,-0.3865339,-0.025683267,-0.021568675,0.044775378,0.35858068
-0.0636867,0.15545724,0.10230389,-0.34328395,0.0015998916,-0.0749137,0.062735185,0.31156662
-0.07677706,0.29070055,0.19742812,-0.2570748,0.19019079,-0.086994424,0.029801643,0.2472396
-0.011964577,0.38874558,0.30794254,-0.021110214,0.34409183,-0.041746255,0.021029802,0.2164073
-0.020283626,0.44206274,0.27751788,0.24159029,0.3650243,-0.03582595,-0.023635011,0.10860273
-0.012888597,0.5240727,0.099350184,0.39774385,0.27328008,-0.03616165,-0.036418363,0.097718805
-0.04919613,0.5105362,-0.24704449,0.4057909,0.22921729,0.008498628,-0.037792183,0.026479118
-0.056827392,0.49536803,-0.48026362,0.34315884,0.25812876,0.018031677,-0.08350058,0.014051548
-0.14011683,0.35458004,-0.5814172,0.14601588,0.21922076,0.0024715946,-0.10169908,-0.08768558
-0.1317538,0.23448603,-0.57019,-0.05217647,0.09182374,0.061683495,-0.13101041,-0.052135184
-0.17995882,0.039591826,-0.5538999,-0.072889395,-0.10888647,0.065082,-0.11839986,-0.13256189
-0.14226069,-0.15539356,-0.5348155,-0.021645242,-0.27654845,0.08636197,-0.10132943,-0.22743271
-0.06088289,-0.24752212,-0.49544007,0.07084014,-0.38549313,0.14027159,-0.09953449,-0.23323
0.06152106,-0.3159702,-0.4065528,0.21550408,-0.39284033,0.2634592,-0.09394235,-0.22294779
0.12510084,-0.31418365,-0.37978268,0.29258764,-0.39720958,0.36164403,-0.0047670165,-0.18851326
0.20108692,-0.28683057,-0.31761062,0.30099514,-0.35616475,0.45261186,0.057415236,-0.14185174
0.24900676,-0.29574427,-0.2846057,0.31527257,-0.24790314,0.52009207,0.1481675,-0.13739002
0.19543718,-0.26168266,-0.25603268,0.3184039,-0.16474155,0.5496266,0.1687186,-0.11868605
0.22823472,-0.2303678,-0.2063783,0.3015816,-0.097848654,0.56865126,0.15275028,-0.17993897
0.18558012,-0.20769611,-0.18370368,0.27066636,-0.06851687,0.5618487,0.11454891,-0.16425805
0.22234683,-0.22105128,-0.12269516,0.23392506,-0.0011168863,0.58398145,0.04306152,-0.11306243
0.16860276,-0.18383357,-0.094023965,0.16938406,-0.067316644,0.59334755,0.0870584,-0.050093766
0.15701449,-0.11867663,-0.09668769,0.13173726,-0.11643137,0.57966906,0.14991209,-0.047167756
0.14606693,-0.097156666,-0.057164032,0.08731372,-0.2024583,0.55261797,0.24005723,-0.07930295
0.07416924,-0.06673157,-0.016429264,0.011802929,-0.300716,0.49107808,0.3582721,-0.12778373
-0.027851038,-0.07832879,0.05204175,-0.08382049,-0.37228903,0.31136826,0.40034086,-0.17930502
-0.13972199,-0.041333977,0.06609989,-0.1692455,-0.41079703,0.05271131,0.40054017,-0.1888825
-0.21690193,-0.07148062,0.038427852,-0.24068172,-0.4006558,-0.2123818,0.372545,-0.16469538
-0.2787701,-0.04249943,0.06783891,-0.31037122,-0.16725376,-0.3994941,0.27468437,-0.04713665
-0.3398663,0.055255298,0.1100928,-0.29986215,0.12131239,-0.4248834,0.2100749,0.055966847
-0.36957344,0.15289006,0.040927567,-0.24584024,0.41844785,-0.34328642,0.22359058,0.06863593
-0.36759514,0.3020668,0.033007164,-0.101589225,0.52791715,-0.21690564,0.25885752,0.10949253
-0.34589267,0.3792869,-0.1123038,-0.011401807,0.5483767,-0.11088048,0.24522977,0.1944122
-0.33595863,0.3905174,-0.25198117,0.008754874,0.48553783,-0.023523469,0.1918806,0.1618756
-0.36721623,0.3262707,-0.37900645,-0.08117632,0.38706532,0.038735982,0.14181359,0.12246353
-0.29337043,0.29381472,-0.39254618,-0.1710646,0.21775712,0.07860129,0.10351899,0.11807935
-0.32650515,0.19892628,-0.40907738,-0.24175161,0.01934351,0.05446794,0.099018455,0.071794584
-0.33589143,0.09236142,-0.38070774,-0.24025662,-0.1476463,-0.020183668,0.10721359,-0.0024512548
-0.36421832,0.007261797,-0.36930382,-0.22065313,-0.31672242,-0.11642766,0.07382962,-0.027999494
-0.35100585,-0.13720775,-0.33539474,-0.18928865,-0.32975674,-0.2220171,0.018159974,-0.1292933
-0.32602125,-0.2607392,-0.29892638,-0.19462661,-0.32423759,-0.2905314,-0.005115647,-0.2142056
-0.21507153,-0.38386697,-0.2317891,-0.16743478,-0.23203453,-0.33201665,-0.03829983,-0.3283181
-0.0065929233,-0.48052147,-0.2413791,-0.18193829,-0.17729819,-0.31390136,-0.05919512,-0.4202638
0.18207262,-0.4829393,-0.2717092,-0.17157967,-0.09616,-0.33420798,-0.008900844,-0.4709915
0.39281493,-0.38699055,-0.38281006,-0.13387293,-0.03738766,-0.3511201,0.02058696,-0.47914425
0.456136,-0.18058446,-0.37614074,-0.08401909,-0.028689153,-0.3622946,0.056050617,-0.47391593
0.41016608,-0.023733092,-0.29891485,-0.048694905,-0.02010234,-0.3926746,0.11401906,-0.45929426
0.2625192,0.09708902,-0.17774853,-0.09598712,0.04514648,-0.3978919,0.16692819,-0.47169846
0.040687468,0.099557795,-0.10898971,-0.08221753,0.15027472,-0.40082547,0.24722911,-0.41178626
-0.12227517,-0.003125445,-0.12707525,-0.08285633,0.23013552,-0.43270713,0.32784122,-0.35647452
-0.25936967,-0.093120694,-0.104529455,-0.090519585,0.25587288,-0.42410183,0.37279275,-0.21375793
-0.3397517,-0.14623071,-0.094569355,-0.12010578,0.35886458,-0.3253253,0.39818025,-0.021335715
-0.3202081,-0.06801761,-0.10813221,-0.10037778,0.3664284,-0.1881391,0.32942668,0.13587175
-0.32026768,0.023282835,-0.09123864,-0.060663477,0.40078083,-0.12874837,0.31388736,0.24171507
-0.21866186,0.17231737,-0.118486084,-0.077546105,0.38142774,-0.05684879,0.2871753,0.30398053
-0.11742195,0.2630535,-0.16239376,-0.009429306,0.35996252,-0.009102764,0.23876327,0.3129283
0.0074054585,0.30851328,-0.11571427,-0.011137387,0.26246312,0.053939912,0.2382104,0.29764906
0.10082218,0.30270928,-0.072208785,0.0026700285,0.20162237,0.06463838,0.25359765,0.26018
0.17219429,0.32002693,0.031796902,0.0654853,0.16844541,0.109048896,0.22317311,0.23901014
