0.1751464,-0.15003827,-0.18374282,0.20341939,0.23215753,-0.11630991,0.14007026,0.08593221
0.17435078,-0.12031321,-0.13195404,0.16921046,0.20557904,-0.078306645,0.09739801,0.07125779
0.16755143,-0.13200872,-0.12165176,0.15819998,0.13002634,-0.06267239,0.08627576,0.044191062
0.122672796,-0.089350924,-0.07923661,0.12388781,0.12673828,-0.031833805,0.033574328,0.047260683
0.09680198,-0.08115624,-0.081557825,0.11889071,0.09283147,0.009731315,0.018260658,0.011807011
0.078307204,-0.054536596,-0.058748715,0.10071899,0.10536387,0.020055935,0.015861273,-0.0021928214
0.026979864,-0.045548968,-0.039376263,0.05538349,0.043332197,0.050898276,0.0023834035,-0.016792255
0.036717456,-0.007851966,-0.0015367195,0.058050305,0.03800416,0.052561507,-0.028868027,-0.061322227
0.01499385,0.0059682876,0.011171967,0.033671156,0.020430498,0.08015929,-0.043866344,-0.072943866
-0.026079841,0.026837107,0.02789288,0.0021739863,-0.016215421,0.07399674,-0.0730299,-0.09334819
-0.024255238,0.022048544,0.031744413,-0.006264737,-0.038163424,0.10282444,-0.09176278,-0.12879094
-0.038918078,0.057089377,0.07943312,-0.011671406,-0.05280029,0.118445344,-0.08006249,-0.13281614
-0.05408562,0.06755395,0.09963835,-0.01792949,-0.09007462,0.11105075,-0.13008443,-0.13763581
-0.06708064,0.10711299,0.09219245,-0.05375654,-0.04809171,0.1465258,-0.14214629,-0.14601965
-0.084157966,0.13357751,0.1272183,-0.054656357,-0.08678935,0.15893307,-0.13310464,-0.18506052
-0.08347111,0.12848362,0.11220249,-0.04988054,-0.14247379,0.20128833,-0.13865542,-0.18183093
-0.107860364,0.13901293,0.15601191,-0.054299075,-0.14986077,0.19794524,-0.15832765,-0.17170854
-0.12315204,0.18999496,0.13186213,-0.06977858,-0.1540353,0.21194682,-0.14728892,-0.1916715
-0.15398064,0.17056683,0.12686178,-0.081107326,-0.19797082,0.23259015,-0.17050776,-0.19727857
-0.16434094,0.17670539,0.107810356,-0.08385525,-0.23194543,0.22267073,-0.13879538,-0.22998719
-0.21137577,0.1923749,0.11581782,-0.11356034,-0.27661076,0.24979354,-0.14874408,-0.24082015
-0.25652584,0.19613466,0.09564466,-0.13882187,-0.30496308,0.22884408,-0.11774652,-0.26242942
-0.27661398,0.14111613,0.06762303,-0.19391309,-0.34130532,0.19647276,-0.10526392,-0.30420288
-0.2731151,0.0772915,0.07885935,-0.22149707,-0.37173226,0.14306071,-0.10617064,-0.35837427
-0.29408354,0.009913158,0.099402,-0.29217127,-0.38541275,0.059861816,-0.11774857,-0.4004578
-0.21874312,-0.086541936,0.1013257,-0.38696873,-0.30975217,0.0039964095,-0.12033106,-0.48862222
-0.11933529,-0.15406722,0.13238737,-0.50951314,-0.16345632,-0.100300655,-0.14246872,-0.6016586
0.077658266,-0.2121558,0.14387864,-0.5585697,0.06071662,-0.15476191,-0.13912463,-0.61010104
0.25512946,-0.17953862,0.13509643,-0.58908904,0.33135563,-0.12718841,-0.13005495,-0.62982553
0.38017452,-0.1098713,0.1605367,-0.5093174,0.5188431,-0.0772074,-0.14800298,-0.5676933
0.47673216,-0.04862933,0.2598681,-0.34214157,0.5945701,0.05635941,-0.23052603,-0.44426546
0.5792839,-0.010864116,0.3854256,-0.099780075,0.6686952,0.03846392,-0.388969,-0.26800883
0.58266455,-0.12092477,0.46033585,0.11742099,0.69587183,-0.079921976,-0.5020982,0.02186908
0.53533405,-0.29037797,0.43845665,0.305763,0.650914,-0.25636905,-0.46163514,0.17162262
0.4386209,-0.41790825,0.37462166,0.292963,0.5335034,-0.42396724,-0.39728343,0.17074974
0.3633354,-0.4847173,0.3418854,0.21011461,0.40996388,-0.48238295,-0.34998134,0.10427545
0.3874351,-0.518623,0.25625488,0.11010579,0.3958653,-0.46379614,-0.27015042,0.026787076
0.42821822,-0.5187951,0.1350801,0.052034188,0.47317302,-0.4778933,-0.17430454,-0.064967096
0.48891637,-0.47557026,-0.034112558,-0.007611611,0.55709165,-0.43516606,-0.08024667,-0.11798085
0.533184,-0.3924014,-0.17585115,-0.049122985,0.5970609,-0.36972773,0.056139678,-0.14557308
0.53109896,-0.2738856,-0.2812333,-0.051511087,0.600547,-0.26552922,0.14269894,-0.122335285
0.50500613,-0.16914019,-0.2635305,-0.085723326,0.5691135,-0.13957943,0.14839196,-0.12953983
0.44782722,-0.06998554,-0.20162362,-0.08840619,0.4901228,-0.044905543,0.15344062,-0.15664081
0.37786004,0.0008185804,-0.10337586,-0.09423525,0.439344,0.00515379,0.05378607,-0.17876457
0.32770512,0.015758406,0.013653718,-0.08149979,0.37692103,0.063809395,0.006317422,-0.13693133
0.29597124,0.05948835,0.107372366,-0.03367199,0.3696672,0.101156384,-0.08277599,-0.10342127
0.26161876,0.04336377,0.19876987,0.044132672,0.35488066,0.10830334,-0.140547,-0.033640124
0.2790794,0.042288102,0.25333083,0.13479334,0.32605368,0.09532313,-0.19232038,0.037463546
0.23340446,0.0470564,0.2702787,0.20125629,0.29880014,0.100248635,-0.23235564,0.06454897
0.22248241,0.060617708,0.26506087,0.28579953,0.23332721,0.08804314,-0.25497878,0.12467656
0.17897335,0.07533075,0.2567647,0.34373155,0.21086049,0.1288859,-0.2179738,0.2077183
0.14476976,0.08415511,0.20574903,0.36628848,0.13719806,0.14651118,-0.2227665,0.21499461
0.12255134,0.15366511,0.13372886,0.41991013,0.09134055,0.18877985,-0.16531119,0.25052404
0.07522005,0.18008223,0.053819463,0.42261198,0.10374398,0.2740274,-0.099317364,0.281117
0.09718184,0.20595698,-0.046207182,0.4238978,0.10943181,0.3277304,-0.017741293,0.3077706
0.12426026,0.2551211,-0.1304647,0.41640168,0.17104363,0.32896525,0.08379248,0.300338
0.18084097,0.26434207,-0.20781699,0.3963289,0.2448385,0.3282339,0.12367375,0.2663954
0.18311988,0.27266723,-0.23406154,0.3226787,0.2937821,0.338001,0.17075211,0.24209698
0.22456154,0.26436287,-0.23278397,0.2989952,0.30395925,0.35225016,0.15650284,0.22993006
0.2203983,0.2845776,-0.21190643,0.22208749,0.30479753,0.32408214,0.10835527,0.18815655
0.23066947,0.27108163,-0.18618387,0.21170835,0.28166807,0.33215886,0.08026205,0.16222566
0.20331368,0.28023875,-0.13390285,0.21202333,0.24941242,0.33301044,0.072300464,0.13519777
0.20060223,0.27859336,-0.08559795,0.19831721,0.1985079,0.32967156,0.1010368,0.15551151
0.17882858,0.30491805,-0.060680736,0.23992434,0.17483431,0.3810444,0.082749754,0.13956234
0.15298097,0.28810626,-0.039311416,0.2523781,0.13490307,0.3833946,0.09835002,0.1459164
0.17111892,0.3025232,-0.058751658,0.24589473,0.14368457,0.38817835,0.12389526,0.120054655
0.13109827,0.2980687,-0.09712457,0.2434956,0.09675602,0.36467642,0.1251232,0.102075204
0.09681608,0.31160694,-0.10097647,0.25481215,0.0877155,0.42145634,0.1442427,0.07308268
0.051977366,0.3065238,-0.1605283,0.2465524,0.08648852,0.3624581,0.12272829,0.03498367
0.009221062,0.31355256,-0.2448583,0.23376055,0.1099413,0.43214935,0.13660607,0.031594798
-0.054157652,0.2836085,-0.3071753,0.16338603,0.068407424,0.3806947,0.088698596,0.017152235
-0.09751577,0.22846718,-0.36499816,0.100062355,-0.0035729483,0.3922549,0.091478676,-0.00730676
-0.15870559,0.16739568,-0.38373774,0.08083716,-0.107282385,0.39442396,0.14732963,-0.009981282
-0.19787267,0.085862786,-0.39046153,0.0756473,-0.21999732,0.33318752,0.18855882,-0.04690489
-0.23880544,-0.037313282,-0.41256106,0.08179651,-0.34203383,0.2733768,0.24974898,-0.07297673
-0.28180954,-0.15807034,-0.403295,0.15378486,-0.3814323,0.16627702,0.3183749,-0.060554475
-0.29075792,-0.25321454,-0.34428322,0.19128698,-0.41911072,0.08103616,0.3458897,-0.061572198
-0.3302796,-0.30590194,-0.2382468,0.19913463,-0.42909828,-0.011348486,0.3463961,0.013479246
-0.3157066,-0.29275274,-0.12712377,0.16339317,-0.39214423,-0.08006604,0.33561814,0.069555104
-0.3304178,-0.22533683,-0.06629479,0.07331695,-0.3895992,-0.18324347,0.27093327,0.14006652
-0.3406255,-0.10420479,-0.027538791,0.0028167851,-0.3549708,-0.28804606,0.20058352,0.1738523
-0.30238137,0.004508063,-0.034090105,-0.04687715,-0.25351515,-0.3414684,0.08794038,0.13987292
-0.32684425,0.048287395,-0.046643797,-0.108581245,-0.17463294,-0.34563267,-0.026421018,0.036552712
-0.29437545,0.07309653,-0.121185064,-0.09203219,-0.07139652,-0.35083812,-0.066214554,-0.14266889
-0.32404336,-0.0080454275,-0.10678823,-0.123508304,0.021817893,-0.32454956,-0.0716023,-0.29417354
-0.2999485,-0.14515345,-0.09171288,-0.105581306,0.079619266,-0.315499,-0.020081423,-0.42044598
-0.19474915,-0.29493445,-0.080065034,-0.13705571,0.17055598,-0.2666822,0.040001094,-0.51477003
-0.04845541,-0.38687634,-0.06983359,-0.17170396,0.25697136,-0.23295574,0.08962132,-0.51849216
0.058952313,-0.41830194,-0.090131104,-0.21723732,0.3451004,-0.19121103,0.15148717,-0.53819966
0.1911627,-0.40133065,-0.1515415,-0.21085975,0.32673466,-0.14449398,0.14609027,-0.52661586
0.3022721,-0.31624377,-0.2572505,-0.21516488,0.27023104,-0.073557675,0.10640699,-0.53374714
0.36535826,-0.21187793,-0.29205576,-0.24054016,0.22927034,-0.053054973,0.0813701,-0.50661105
0.3647699,-0.072088644,-0.22825378,-0.21173163,0.07324902,-0.02189675,-0.008971661,-0.4842971
0.33586958,0.008855179,-0.10922421,-0.2263188,0.050818257,-0.043358706,-0.022467732,-0.43832183
0.29519776,0.07674573,0.049059466,-0.24249285,0.07740652,-0.032813415,-0.07804543,-0.40794283
0.2335673,0.095039174,0.20245647,-0.17631029,0.12811783,-0.022167124,-0.10451472,-0.38661075
0.22730264,0.11869411,0.3204622,-0.07655774,0.2332058,0.012201138,-0.145093,-0.36490655
0.19692773,0.13919196,0.40922764,0.07011728,0.3032261,-0.013241559,-0.20410353,-0.35095388
0.16275106,0.1543979,0.43083143,0.24299301,0.30369705,0.005571246,-0.27667072,-0.2917513
0.18643245,0.17143074,0.3689942,0.38489577,0.22977948,0.009287797,-0.3052038,-0.28425458
0.17452016,0.17677353,0.29571652,0.47003123,0.08933041,0.061342757,-0.3250584,-0.2303827
0.19149593,0.19750004,0.18324694,0.5137718,0.0061464384,0.18673307,-0.4025194,-0.16308077
0.18475243,0.19142467,0.10169429,0.53466684,0.02984199,0.31935114,-0.38103595,-0.00017748578
0.19367352,0.18607481,-0.016434371,0.57134545,0.09627152,0.43903768,-0.29505146,0.21236551
0.13366118,0.2268123,-0.13320926,0.53637224,0.18211493,0.48988694,-0.17917868,0.38356277
0.1391649,0.24167846,-0.25669697,0.4847331,0.35763997,0.45105195,-0.044399135,0.44321483
0.21239656,0.25642425,-0.31088838,0.3950746,0.4662463,0.38583452,0.011250913,0.4917681
0.28758535,0.23939434,-0.3034415,0.30364704,0.549653,0.33116305,0.06215453,0.48992255
0.33876592,0.22104727,-0.22767729,0.22053976,0.51876354,0.30720407,0.07272774,0.49977416
0.4436255,0.13460714,-0.11436458,0.19200853,0.4618268,0.29772615,0.106119275,0.4491086
0.45474043,0.04266437,-0.029744368,0.21605422,0.43659693,0.29709995,0.15703955,0.4241627
0.47867122,-0.048178233,0.04293403,0.24536337,0.35510427,0.3150919,0.15413713,0.33538857
0.47902134,-0.13810797,0.058918245,0.25411057,0.33300173,0.29681402,0.18418962,0.2994954
0.40405056,-0.19778119,0.06843845,0.21651158,0.33824557,0.32113963,0.1976729,0.21659379
0.38589746,-0.22975911,0.061577506,0.20067097,0.2797084,0.3431846,0.16076946,0.18916644
0.32625428,-0.24910222,0.053280197,0.16083857,0.24483818,0.33704966,0.12808481,0.12424234
0.30626073,-0.28789026,0.06351467,0.14840937,0.17328987,0.33101934,0.13366991,0.1151084
0.26729465,-0.26493812,0.062966995,0.071647376,0.14417937,0.31533504,0.09599061,0.080219775
0.22996485,-0.24560256,0.040019646,0.042560764,0.07783917,0.35071737,0.1237268,0.105123706
0.1968503,-0.21850444,0.070249535,-0.03072144,-0.002579458,0.28359693,0.14437342,0.06025613
0.19456533,-0.21366103,0.048292674,-0.099091336,-0.06678885,0.25483447,0.1819478,0.03995001
0.14350551,-0.15260524,0.08878059,-0.16333768,-0.13472567,0.17393497,0.1778056,-0.0013403537
0.113878615,-0.1379061,0.10114733,-0.25846446,-0.13483419,0.08444798,0.21229625,-0.020966092
0.09711303,-0.11316843,0.14804682,-0.32151172,-0.05519165,-0.05189638,0.20540765,-0.06522854
0.0341596,-0.08298707,0.17977434,-0.3503557,0.09732341,-0.08333342,0.14078656,-0.08813596
0.011826254,-0.02370236,0.2505127,-0.35313714,0.2720238,-0.07781088,0.116073176,-0.098416656
-0.028146744,0.044646356,0.2704718,-0.19445865,0.44965816,-0.031503193,0.07707515,-0.10948418
-0.08187986,0.093049705,0.31188783,-0.049235024,0.5279206,0.028733704,0.023425162,-0.14817296
-0.11512906,0.16596621,0.2562188,0.17862068,0.5114685,0.047558427,-0.07374877,-0.19127814
-0.16901103,0.18996514,0.12743655,0.33234394,0.4319666,0.016173616,-0.14571255,-0.23709936
-0.1725013,0.14125687,-0.05066181,0.40662897,0.37462336,-0.036882408,-0.22321361,-0.3291828
-0.13626462,0.03266375,-0.17987886,0.39631566,0.34172988,-0.07167143,-0.25656658,-0.46540576
0.00032567978,-0.07025993,-0.21812052,0.36967543,0.28542,-0.056168422,-0.289134,-0.5466366
0.20237502,-0.13181429,-0.19230136,0.3182585,0.28248748,-0.0868898,-0.31359595,-0.5622346
0.34478283,-0.064839795,-0.16462582,0.2853799,0.26726124,-0.07656835,-0.3379454,-0.521717
0.477266,0.04683021,-0.090107806,0.25848243,0.24138668,-0.056716114,-0.34027377,-0.4036621
0.51523626,0.1516312,-0.009661503,0.29252887,0.20463425,0.000109285116,-0.40215027,-0.23264028
0.50142264,0.13309634,0.113276966,0.2824093,0.10592259,0.046613157,-0.41646886,-0.00468277
0.47693327,0.07770664,0.16097483,0.31180906,0.096966244,0.123344705,-0.4125284,0.23235042
0.36998218,-0.023858912,0.19554153,0.29400992,0.06150814,0.17926028,-0.30977923,0.40159038
0.23930922,-0.058425233,0.20551455,0.28272414,0.015597343,0.2653467,-0.15179111,0.5338821
0.19307557,-0.07847178,0.24309832,0.22257008,0.025397599,0.32784164,0.064774394,0.53124005
0.19925764,-0.05567354,0.2472615,0.14485143,-0.011906743,0.30371195,0.2513683,0.47975653
0.26188812,-0.049817115,0.2602566,0.12466349,-0.03658367,0.27124906,0.4105394,0.3422986
0.29376522,-0.08616917,0.28123862,0.06669268,-0.01891113,0.18105623,0.48195785,0.18780226
0.26837942,-0.11461349,0.31394613,-0.045836814,-0.03337139,0.093689434,0.49702865,0.058074154
0.23880836,-0.107522994,0.3320921,-0.08206077,0.065085925,0.029325157,0.46002835,-0.05470839
0.10846643,-0.062313065,0.38223454,-0.12194823,0.17015168,-0.007986017,0.40133494,-0.08063675
0.044226527,-0.013049953,0.40829742,-0.0963571,0.24525592,0.0030707866,0.3543478,-0.09846577
-0.029234238,0.0480232,0.4135673,0.023286885,0.32271188,0.03986007,0.28137413,-0.13467509
-0.1342572,0.12564056,0.32226163,0.16795284,0.31579423,0.076536685,0.21950442,-0.13085067
-0.24720207,0.21816857,0.19460192,0.3355598,0.26860029,0.1095521,0.123691544,-0.14730471
-0.30998966,0.20832066,-0.030624822,0.37407997,0.26112673,0.12027431,0.029760689,-0.15577106
-0.36706844,0.124038294,-0.25736278,0.36018363,0.24688739,0.12401533,-0.036080204,-0.2236209
-0.35093352,-0.09369141,-0.36383757,0.3349219,0.26830924,0.1387999,-0.156212,-0.281078
-0.1980049,-0.3035643,-0.29732394,0.2891748,0.26931798,0.14929199,-0.26641744,-0.36819974
0.071511924,-0.354818,-0.22965151,0.252814,0.2612537,0.14800225,-0.38849008,-0.38030297
0.33258036,-0.32206511,-0.16911617,0.22433342,0.23115936,0.15800071,-0.5414175,-0.27388155
0.45725167,-0.24577178,-0.19104409,0.18090913,0.18797559,0.14981374,-0.5667951,0.049053717
0.35574463,-0.25646788,-0.17882645,0.16671725,0.13429657,0.18019128,-0.4988836,0.3332701
0.1661996,-0.23450778,-0.14993834,0.1312204,0.108931504,0.23097089,-0.37894273,0.51519394
-0.03191457,-0.15965964,-0.13858128,0.12285884,0.032122433,0.28193754,-0.17793693,0.5261265
-0.09865662,-0.03312534,-0.116549544,0.10305495,-0.015194915,0.3152256,0.030135766,0.5490862
-0.054396518,0.10283568,-0.10052691,0.06778536,-0.104985215,0.27902144,0.23889688,0.4886464
0.06230776,0.17227578,-0.0929607,0.05148298,-0.15993896,0.2228504,0.3825339,0.38505885
0.18523812,0.2164322,-0.018696073,0.042295348,-0.2103535,0.06904404,0.48596078,0.28687018
0.24577689,0.20369825,0.077825435,0.009718978,-0.19227424,-0.07813218,0.4883299,0.1952922
0.2666164,0.16265182,0.17723626,0.008709771,-0.14614516,-0.17383523,0.44507605,0.12460995
0.26828328,0.14964658,0.29786348,0.04427882,-0.05672821,-0.27999145,0.37543643,0.117575675
0.2490862,0.15035397,0.38718843,0.091838814,0.040854774,-0.28974277,0.2979024,0.12862107
0.23792511,0.13290772,0.42514142,0.13657074,0.09767405,-0.26272398,0.24445122,0.10218516
0.17884344,0.1410769,0.43032396,0.2110826,0.092573114,-0.25884646,0.23555022,0.11001785
0.15783706,0.15426773,0.41658568,0.27121937,0.018298388,-0.22185002,0.15732518,0.08287391
0.12007357,0.16067202,0.36378932,0.32090074,-0.075072296,-0.15474623,0.1320447,0.06365724
0.07754986,0.22173274,0.2738368,0.3222404,-0.15953943,-0.094387084,0.06826776,0.027419558
0.020602316,0.27126628,0.19915521,0.32734168,-0.22925842,0.0054914057,0.050497115,0.005253856
-0.02462633,0.28421533,0.04495673,0.32881832,-0.24286345,0.066792965,0.09117079,-0.037930734
-0.10403406,0.2970432,-0.10565781,0.28979748,-0.23291019,0.11024019,0.123886764,-0.06320989
-0.20572841,0.25611794,-0.26847833,0.27428216,-0.23732725,0.16777727,0.12733498,-0.07136375
-0.23515019,0.15967974,-0.406154,0.23666911,-0.22483405,0.17799595,0.16386947,-0.108661585
-0.2747458,-0.0397162,-0.4795453,0.22080354,-0.21250686,0.20439424,0.15258062,-0.11798021
-0.32507464,-0.23024984,-0.45170367,0.270723,-0.22012764,0.20922412,0.16328278,-0.12790714
-0.3213156,-0.3774838,-0.31535965,0.31425786,-0.12299913,0.25306344,0.18127605,-0.12672307
-0.25818294,-0.43852472,-0.1314484,0.3095735,-0.123170584,0.28026646,0.18467045,-0.14514147
-0.19475776,-0.4201398,0.056013457,0.20000266,-0.09755954,0.33186787,0.16521603,-0.16484895
-0.17233828,-0.3983655,0.1324637,0.061550986,-0.13982743,0.28758174,0.1262815,-0.19254798
-0.115873106,-0.37504834,0.18317363,-0.114190176,-0.12492624,0.25560948,0.11165133,-0.1988978
-0.040396355,-0.30703175,0.16461125,-0.29515815,-0.17276901,0.1492928,0.1150783,-0.19538365
-0.024225093,-0.267475,0.13145527,-0.44636476,-0.11550695,0.031467535,0.045572907,-0.20490107
0.0142880045,-0.26388693,0.0944772,-0.5661092,0.031533614,-0.03806562,0.038753986,-0.2452599
0.05289778,-0.2447408,0.056334086,-0.5610911,0.15052724,-0.07366565,0.023935333,-0.2555772
0.1075747,-0.21538378,0.048721462,-0.5739742,0.28349438,-0.060748026,-0.017571144,-0.2929963
0.14849503,-0.19910167,0.029417627,-0.5492345,0.3501824,0.008741356,-0.056676194,-0.30677778
0.22535625,-0.17587169,0.044013925,-0.51540685,0.35627115,0.07631172,-0.14614159,-0.25189298
0.27822438,-0.15023781,0.06414942,-0.49855214,0.32475752,0.10966262,-0.20481803,-0.18603076
0.28576833,-0.13404791,0.10475267,-0.4645487,0.2964236,0.140605,-0.317459,-0.07508227
0.31406027,-0.13321866,0.1582905,-0.39845574,0.2786593,0.15177038,-0.34430993,0.078489125
0.26654294,-0.13567084,0.17999,-0.38407126,0.28861403,0.17986648,-0.31813398,0.24270177
0.15472566,-0.107902735,0.22631004,-0.3954596,0.28479108,0.18174693,-0.32734457,0.34001887
0.047020502,-0.050486863,0.2641263,-0.30369994,0.2741955,0.20980936,-0.22458643,0.4145474
-0.011790507,0.06812709,0.3264044,-0.18468766,0.28239602,0.23128837,-0.16271782,0.4233067
-0.042292766,0.23128854,0.35993052,-0.031854343,0.29877827,0.21477687,-0.12456618,0.3987329
0.04493179,0.3698762,0.3502791,0.20140283,0.30274063,0.22907534,-0.07078707,0.3915985
0.13255467,0.4605593,0.22855309,0.40755668,0.24599445,0.21149579,0.025285646,0.39174807
0.2383736,0.46490407,0.06433832,0.5602673,0.2632147,0.24402452,0.07863292,0.37869817
0.3304985,0.42521203,-0.0901701,0.59082085,0.27765578,0.2396044,0.13022545,0.37663537
0.4312509,0.35448992,-0.16527659,0.59549713,0.3848774,0.22707868,0.13734734,0.33923423
0.4586824,0.2989989,-0.18274727,0.5575551,0.42969954,0.20192665,0.10501608,0.27709702
0.4733811,0.24782255,-0.15857847,0.503779,0.5250328,0.150732,0.10686138,0.2828992
0.49262905,0.22694026,-0.12048206,0.5152774,0.4809155,0.08533989,0.03308791,0.26688972
0.47501308,0.14366587,-0.08623462,0.49743247,0.47963244,0.004273072,0.03606084,0.2980109
0.46645522,0.08827757,-0.04763338,0.4989538,0.44047207,-0.03368283,-0.010592982,0.2806375
0.43199,0.02280575,-0.030139308,0.52412325,0.36163834,-0.06726618,-0.00422664,0.2935655
0.39747462,-0.033674955,-0.012819514,0.461927,0.29948086,-0.08908491,-0.04071679,0.3037908
0.34912056,-0.09594971,-0.013831899,0.46638945,0.23341358,-0.07386863,-0.044775248,0.31806728
0.27378547,-0.11688429,0.0034478754,0.43555152,0.15808892,-0.04218535,-0.052261278,0.3075965
0.2661259,-0.09809679,0.013524428,0.39563134,0.10676334,0.010093674,-0.05523763,0.28573862
0.21323538,-0.09687504,0.021354862,0.33375767,0.07255211,0.087084964,-0.009577975,0.31092283
0.18409503,-0.07240966,0.016680576,0.30996034,0.06979982,0.11089951,0.03251472,0.2898705
0.12251679,-0.069478616,0.041211672,0.28862184,0.041185193,0.15902284,0.066794634,0.26589933
0.13657948,-0.0021708012,0.029172152,0.23570327,0.041042663,0.18944424,0.10227716,0.26954046
0.11510959,0.012767665,0.04142262,0.22183509,-0.0098189935,0.19749837,0.18677843,0.21614794
0.107576296,0.062266596,0.06827886,0.19820663,-0.03839354,0.20869833,0.22813246,0.13952221
0.1311343,0.081452794,0.06017437,0.17583235,-0.026720736,0.18646054,0.25800893,0.11525946
0.069527,0.11260322,0.07247629,0.15914996,-0.05855253,0.13895828,0.27688766,0.020012578
0.012190182,0.15551305,0.039857857,0.1433291,-0.095749855,0.11932781,0.3048148,0.009158909
-0.022964671,0.16084923,0.038873784,0.13455115,-0.12855542,0.09605522,0.29271746,-0.021820828
-0.1297279,0.18179035,-0.035852328,0.13096346,-0.14682904,0.076880686,0.28377154,-0.02283726
-0.16793025,0.20864804,-0.085303076,0.12202306,-0.14803049,0.029905792,0.2501258,-0.025023732
-0.23293164,0.17810184,-0.20429236,0.10240194,-0.1691817,-0.022975937,0.24436355,-0.007907769
-0.29171917,0.16000016,-0.25962815,0.07690364,-0.20885125,-0.07685922,0.22460592,0.016393742
-0.3034338,0.0628189,-0.34262744,0.07243634,-0.2281431,-0.110081255,0.20609266,0.011819072
-0.34161597,-0.03824213,-0.38195983,0.07861342,-0.24308288,-0.1516441,0.18394059,0.017566506
-0.34759632,-0.1289332,-0.38368955,0.10999498,-0.2697199,-0.20126404,0.10326654,0.024085514
-0.3643277,-0.2140962,-0.32993224,0.13677785,-0.303366,-0.18023334,0.081827074,-0.05331839
-0.3109312,-0.3088584,-0.23729137,0.13353086,-0.29123488,-0.13551496,0.0506258,-0.107623406
-0.25546527,-0.35936767,-0.14972693,0.1107625,-0.29385298,-0.10873671,0.035493523,-0.15837012
-0.18808421,-0.39453495,-0.05198344,0.02355492,-0.29910326,-0.0780001,-0.0029653758,-0.23993665
-0.04131916,-0.3948841,-0.008662932,-0.09521051,-0.260439,-0.07937391,-0.008699194,-0.28578648
0.06910588,-0.41199416,-0.032473482,-0.22509734,-0.23090413,-0.11878753,-0.015952885,-0.30967376
0.22167236,-0.36874795,-0.09961382,-0.28691813,-0.14746605,-0.16520266,-0.04077456,-0.3295294
0.3268865,-0.29778284,-0.21150512,-0.30275488,-0.12361379,-0.21933986,-0.036341712,-0.32830268
0.40092498,-0.2109498,-0.24815664,-0.28303987,-0.061872713,-0.2412935,-0.033453718,-0.34135395
0.42997256,-0.07007085,-0.17976163,-0.25918853,-0.058897436,-0.28121704,-0.0371975,-0.32119262
0.4029347,0.005577974,-0.07395071,-0.26889616,0.08688589,-0.29096603,-0.021346614,-0.3034551
0.3275182,0.06285897,0.103066154,-0.2643323,0.24773493,-0.27856815,-0.00040186942,-0.30108702
0.26191476,0.056352053,0.24445689,-0.14796494,0.42183375,-0.19122683,0.027909473,-0.35823002
0.17279972,0.09569323,0.34030318,0.030843198,0.54095507,-0.14936121,0.06754668,-0.32740322
0.06511109,0.12152749,0.33414033,0.23247631,0.52463275,-0.13369735,0.072948694,-0.34294856
-0.031737514,0.113534965,0.24283794,0.44874993,0.41562986,-0.13139759,0.03968604,-0.3810012
-0.1376841,0.105830796,0.09507952,0.5112897,0.289604,-0.14004217,0.023789316,-0.40891922
-0.2008313,0.022138037,-0.02974394,0.5330324,0.1598694,-0.10155615,0.015657574,-0.46113974
-0.19389823,-0.12519094,-0.09104718,0.4452954,0.12406064,-0.051852763,-0.048707187,-0.5177021
-0.060676716,-0.22381638,-0.051608328,0.4065879,0.07710866,0.007813819,-0.08692743,-0.5476596
0.12616278,-0.28856373,0.01957269,0.34339577,0.06483547,0.11144668,-0.14432411,-0.5319196
0.30990222,-0.25079364,0.025423445,0.26220688,0.036178432,0.15319371,-0.26261857,-0.45764613
0.47833142,-0.19012876,0.035415217,0.19153401,0.006317191,0.23081331,-0.36231494,-0.20936243
0.5340439,-0.17920752,0.03832463,0.1561654,-0.0037929043,0.29554635,-0.35597855,0.115216784
0.41383675,-0.2176377,0.083593555,0.08141674,-0.07322711,0.37067032,-0.21091075,0.35272875
0.29033878,-0.2706827,0.030020833,-0.016813338,-0.1467978,0.3864087,0.05630499,0.4669539
0.25144938,-0.29231995,0.019478984,-0.12431136,-0.23129764,0.27049416,0.2959477,0.39017698
0.22510302,-0.25329703,-0.017763421,-0.2098748,-0.30671063,0.0814881,0.42836773,0.2778604
0.2117506,-0.24218367,-0.050019067,-0.31776243,-0.22956005,-0.17172326,0.4279334,0.19270699
0.22485107,-0.21216406,-0.064324796,-0.34492534,-0.07711286,-0.3671192,0.33747625,0.20010284
0.1949094,-0.1923589,-0.06419861,-0.38579413,0.15769377,-0.43530506,0.21602741,0.20097709
0.16851655,-0.17697044,-0.07763822,-0.38877627,0.38922745,-0.35727257,0.16880956,0.18457223
0.1449109,-0.15158467,-0.043274246,-0.34361175,0.54901785,-0.20368223,0.17757064,0.13269983
0.13072187,-0.115609705,0.029885747,-0.285887,0.61055,-0.025734663,0.11936906,0.1319273
0.09127042,-0.069928974,0.06962406,-0.20234938,0.58869934,0.10911045,0.05943373,0.105867445
0.08169115,-0.02762106,0.10849183,-0.1287033,0.531675,0.17754504,0.0074925423,0.09309127
0.06498879,0.026769914,0.16518652,-0.040250838,0.4866541,0.20089573,-0.10925545,0.10814345
0.045159996,0.05633688,0.20067081,0.08882933,0.43257648,0.2098922,-0.15320382,0.13401985
0.026023258,0.11369089,0.16631743,0.1918184,0.38975275,0.17855546,-0.19719845,0.13268584
0.0010965914,0.22934254,0.104878105,0.25622183,0.3657684,0.1405311,-0.24341518,0.12672828
-0.005764663,0.25029022,-0.013250262,0.38803393,0.33826596,0.115754955,-0.25437048,0.12933706
-0.016337581,0.3032828,-0.16386321,0.36935097,0.30898827,0.10234485,-0.3086096,0.098734275
-0.057862423,0.28927606,-0.307607,0.3079825,0.3092588,0.08323408,-0.28488636,0.07168803
-0.0518044,0.23979491,-0.40447852,0.23810844,0.2866078,0.04486815,-0.30279273,0.010551553
-0.07320947,0.18065554,-0.42031032,0.11506588,0.25092557,0.07026082,-0.3660283,-0.04366453
-0.061361022,0.08919606,-0.4390002,0.044422776,0.13911268,0.10173762,-0.4112053,-0.09229006
-0.014710598,0.02721034,-0.38856378,0.011408207,0.0061526746,0.12252782,-0.40469104,-0.104876414
0.036298316,-0.01320897,-0.38012412,-0.032746803,-0.10560042,0.20334624,-0.38339648,-0.07019479
0.03570914,-0.004043475,-0.3303318,-0.011706193,-0.23420483,0.30452502,-0.3187415,0.023711594
0.037467867,-0.021139905,-0.29083753,-0.011758314,-0.37332955,0.3749292,-0.12582487,0.13004816
0.026736476,0.0013325065,-0.22561204,-0.008522817,-0.5215465,0.3859089,0.08776495,0.1454707
0.0021464527,0.019022554,-0.19483232,-0.040239975,-0.6231581,0.18299277,0.31187028,0.122778125
-0.028355509,0.041815564,-0.14242032,-0.05467548,-0.6614628,-0.07399517,0.3701726,0.08218984
-0.025608808,0.06172401,-0.113697395,-0.082705975,-0.5742736,-0.3230328,0.289473,0.092862695
-0.0584862,0.078966305,-0.066606805,-0.1353693,-0.43246457,-0.5292158,0.043658376,0.09118107
-0.071978785,0.1488826,-0.025847394,-0.14152105,-0.2578163,-0.5403672,-0.097347304,-0.018079055
-0.11199146,0.11525878,0.013080202,-0.16418144,0.011558123,-0.5345411,-0.13749981,-0.23487526
-0.12711826,0.08800085,0.032848403,-0.13179225,0.22229242,-0.47029608,-0.057301544,-0.3795531
-0.20117342,0.0200755,0.05862715,-0.09162676,0.3609109,-0.4245932,0.11596754,-0.4622373
-0.28803626,-0.05298253,0.054740496,-0.019698743,0.46004558,-0.33155668,0.2444787,-0.45417982
-0.3924798,-0.1697162,0.09549279,0.017442105,0.5128998,-0.22248586,0.32631308,-0.34351093
-0.4333243,-0.21104793,0.0982011,0.0329386,0.5482334,-0.10445599,0.31728822,-0.25360897
-0.46743974,-0.1784771,0.13472807,0.04882677,0.5144247,-0.014725968,0.2261188,-0.19154336
-0.48808834,-0.14256954,0.12609237,0.11703326,0.49020326,0.044865694,0.15323094,-0.16682889
-0.49483654,-0.09047106,0.12455248,0.15517204,0.46241832,0.06543206,0.051112756,-0.19740555
-0.47725144,-0.09617585,0.092798285,0.20508768,0.41124117,0.0534774,-0.036453277,-0.2600636
-0.3861427,-0.14311348,0.060259648,0.2227147,0.35276198,0.057450466,-0.13782105,-0.34870088
-0.2193366,-0.23714684,0.102633275,0.21775599,0.33118528,0.03516793,-0.23577392,-0.45005918
0.039537862,-0.26513314,0.1440174,0.14862622,0.29628715,0.037955575,-0.33777824,-0.5217634
0.3194037,-0.2464809,0.15377137,0.12464602,0.26498857,0.03540195,-0.42888507,-0.4485144
0.52635354,-0.17637154,0.123187385,0.12806748,0.25790477,0.044596877,-0.4971909,-0.21272819
0.5708143,-0.19768421,0.13898519,0.1148825,0.2512858,0.044601567,-0.54872787,0.090775825
0.4395333,-0.30534506,0.09896719,0.039811086,0.21171731,0.07678573,-0.4876668,0.37625295
0.17913273,-0.32267267,0.06420482,-0.013240024,0.21323332,0.12998986,-0.41477525,0.4717801
-0.06547142,-0.22992931,0.05824799,-0.04547617,0.1902698,0.14222991,-0.32640392,0.4910404
-0.2149829,-0.015348218,0.07464356,-0.058494475,0.10579326,0.15724128,-0.22936748,0.42546508
-0.22952023,0.18337329,0.073263265,-0.06844409,0.08037486,0.13235956,-0.17105006,0.31985837
-0.20810077,0.33080655,0.03127732,-0.0018455711,0.06687754,0.18675466,-0.09078035,0.24735995
-0.17838672,0.45656884,-0.09801979,0.023047205,0.009020627,0.2105142,-0.048718214,0.20533954
-0.16803184,0.49197686,-0.18393144,0.008642764,-0.05185701,0.1940341,-0.0019202083,0.16921678
-0.15873244,0.490031,-0.255189,-0.005733558,-0.16804571,0.18554258,0.08031881,0.11528026
-0.17960668,0.4722224,-0.2954102,-0.03986319,-0.27244288,0.13379838,0.15169689,0.091653965
-0.20879754,0.41260886,-0.3129401,-0.054540895,-0.32065406,0.03869913,0.20009261,0.062289745
-0.21790278,0.33111727,-0.36774382,-0.084358275,-0.41934568,-0.08846846,0.20320553,0.06398805
-0.2384403,0.26067725,-0.3967535,-0.06841115,-0.43867847,-0.19938438,0.12153599,0.05971728
-0.28920037,0.14233938,-0.42868274,-0.06691536,-0.47438127,-0.30405736,0.06427342,0.0016693418
-0.3028775,0.03428302,-0.43579537,-0.021839352,-0.45669386,-0.3331151,-0.068941966,-0.11950679
-0.2544738,-0.14784148,-0.41901797,0.051857185,-0.4425509,-0.28838027,-0.1258516,-0.28059152
-0.11099788,-0.32911593,-0.35930118,0.13484915,-0.45486936,-0.16918495,-0.16560508,-0.40146184
0.10474137,-0.39240873,-0.29126003,0.18952945,-0.46013498,-0.00162559,-0.19307828,-0.47292912
0.33921507,-0.31654972,-0.26608217,0.19933437,-0.46839187,0.14416248,-0.18212438,-0.42127198
0.4493822,-0.2382115,-0.24798033,0.1984331,-0.4686033,0.2881005,-0.14091048,-0.26021695
0.46464622,-0.13530032,-0.22483528,0.20074348,-0.45424315,0.4361694,-0.009061888,-0.09620215
0.43010598,-0.050112106,-0.18875018,0.17798156,-0.50011456,0.48989207,0.17131594,-0.07053879
0.329143,-0.0065166876,-0.12702987,0.12678096,-0.52571017,0.37538016,0.30142424,-0.17609753
0.19980514,0.03934596,-0.039733194,0.09251663,-0.5145132,0.18612441,0.39279073,-0.2770811
0.019685715,0.032728523,0.0131107345,0.01530007,-0.53129315,-0.031292856,0.37047428,-0.32826668
-0.14133683,0.0030186102,0.027498156,-0.07479879,-0.48861146,-0.25815177,0.35980612,-0.27187645
-0.21403643,-0.013178736,0.033851303,-0.1710069,-0.32232925,-0.43008024,0.2514803,-0.20167455
-0.28908226,-0.02803038,0.04831154,-0.19242944,-0.057309948,-0.56520337,0.20012796,-0.11706423
-0.32328287,-0.012812778,0.026546083,-0.18985386,0.19882497,-0.58582634,0.19629884,-0.08241272
-0.3807736,0.051445298,0.012536652,-0.16725963,0.39843357,-0.4786852,0.2683184,-0.036049582
-0.3994565,0.111286126,-0.040674172,-0.090445794,0.56239367,-0.3134212,0.32602698,0.05621163
-0.40674567,0.19586872,-0.095415086,-0.04629835,0.594094,-0.15307845,0.28882787,0.17162341
-0.3765706,0.26155454,-0.19045469,-0.033724178,0.5380689,-0.037180454,0.25831643,0.20375033
-0.30096433,0.26587915,-0.3150859,-0.06475846,0.4397666,0.08357911,0.23040581,0.18809676
-0.26695904,0.25728738,-0.34011912,-0.16711903,0.28789186,0.13299671,0.18008763,0.1892578
-0.21512079,0.26696628,-0.34130716,-0.20121054,0.09961141,0.13390322,0.19097337,0.1532487
-0.20576018,0.27917135,-0.27901334,-0.23091112,-0.0509495,0.08314133,0.19399661,0.17688961
-0.19937852,0.28056604,-0.2275115,-0.22921963,-0.1662549,-0.03137946,0.19538158,0.18495491
-0.19233024,0.271201,-0.15662941,-0.25074932,-0.19126505,-0.17164317,0.16335943,0.14917316
-0.20164162,0.3133071,-0.08122679,-0.27504888,-0.07211045,-0.255117,0.09933001,0.10386121
-0.20768389,0.37349832,-0.055139735,-0.22328709,0.010826588,-0.3107674,0.05447252,0.05917761
-0.25068614,0.37701267,-0.014282666,-0.16218399,0.17745829,-0.31211442,0.028276712,-0.03790825
-0.32688054,0.35970223,-0.09390378,-0.09652136,0.27090922,-0.23822884,0.04351233,-0.125958
-0.43456736,0.24795315,-0.20481399,-0.11194245,0.28150845,-0.22565325,0.049262658,-0.21259004
-0.5160633,0.06854346,-0.2581074,-0.128755,0.26253092,-0.19388841,0.04622507,-0.27865267
-0.505014,-0.20604633,-0.27992427,-0.13894115,0.19139457,-0.17983814,0.06456807,-0.34643114
-0.3784011,-0.4329269,-0.20579898,-0.16085424,0.18543023,-0.14169985,0.04548244,-0.39494458
-0.14618647,-0.57376444,-0.13470872,-0.17576185,0.18594646,-0.09037165,0.0432934,-0.4276654
0.12854382,-0.6123394,-0.18332988,-0.22626422,0.16156158,-0.09543833,0.015963107,-0.45450988
0.38919702,-0.5442445,-0.35837185,-0.17118092,0.09487923,-0.0795055,-0.01883471,-0.46148592
0.5758739,-0.3059649,-0.47139114,-0.1257725,-0.025027156,-0.06521301,-0.06600012,-0.40571502
0.60113794,-0.027136534,-0.44284174,-0.04547028,-0.10306784,-0.058902726,-0.082913086,-0.3072959
0.5448131,0.13904795,-0.25180057,-0.052136708,-0.21908617,-0.044443227,-0.10986163,-0.21422929
0.45806304,0.2354031,0.023489438,-0.057027698,-0.22233307,-0.026310556,-0.09772967,-0.15592493
0.36374995,0.23628719,0.21792781,-0.06429325,-0.15387236,-0.011211827,-0.10660002,-0.101973765
0.33503106,0.19057977,0.41356874,-0.051107954,-0.0858429,-0.0056439266,-0.1090949,-0.04558018
0.30814302,0.14944258,0.53233516,0.012654558,0.008311048,0.0082075,-0.1144062,0.0049040597
0.24263161,0.09118093,0.6248657,0.09248186,0.06766368,0.06459806,-0.13065603,0.055770677
0.22164014,0.06715518,0.6580931,0.1907748,0.09691397,0.08613348,-0.13157956,0.074318625
0.20654222,0.07051222,0.6571059,0.21770851,0.05799579,0.15341613,-0.1288531,0.13278474
0.18992752,0.07730597,0.618099,0.25988218,0.036130287,0.18925232,-0.10503586,0.15390876
0.17737003,0.09901339,0.56693995,0.30536973,-0.02988305,0.23345807,-0.017206453,0.18545756
0.15036055,0.15756595,0.5317564,0.30932236,-0.101255946,0.3386398,0.045939267,0.1851914
0.15273991,0.19226313,0.48353183,0.32799876,-0.12954883,0.3528582,0.1825406,0.17954238
0.12554266,0.22650325,0.41406256,0.30021548,-0.13418284,0.34749502,0.27687025,0.09422339
0.081380814,0.25516737,0.28174573,0.3438903,-0.17902538,0.3434264,0.35098988,0.0012308975
-0.017998964,0.2989446,0.17025533,0.3663342,-0.1686759,0.33196688,0.41068476,-0.08889676
-0.19595057,0.31449667,-0.028865993,0.35712835,-0.14654277,0.29296142,0.40046686,-0.124764934
-0.33099085,0.23971842,-0.25216886,0.32721263,-0.10591772,0.24880312,0.37246245,-0.12899064
-0.43802902,0.044633955,-0.44604805,0.29116797,-0.077489436,0.23136565,0.3546496,-0.07123794
-0.50056285,-0.19173034,-0.48218378,0.28516343,-0.04766457,0.22076009,0.33951786,-0.035257116
-0.51382405,-0.34448868,-0.35911968,0.29368472,0.047862343,0.1957215,0.31367046,-0.00065723236
-0.50454336,-0.37381464,-0.12579523,0.30027863,0.009273879,0.24071161,0.2986676,0.036344722
-0.48739067,-0.3230182,0.039658174,0.20642896,0.021101117,0.203443,0.3064209,0.045555927
-0.4772342,-0.1558396,0.11361686,0.13566004,0.004110202,0.20058246,0.31518567,0.06960966
-0.46019003,0.009467967,0.072088666,0.0994276,-0.021769546,0.14941998,0.33149052,0.10563657
-0.42916223,0.16284707,-0.038647264,0.104369394,-0.08279807,0.0994017,0.34572694,0.13892467
-0.39960918,0.25746638,-0.18613443,0.058848318,-0.10436289,0.024102472,0.36616662,0.21536618
-0.33346364,0.27943325,-0.3449563,0.037552558,-0.15714177,-0.048076957,0.34874403,0.3102352
-0.2176221,0.29237446,-0.4141712,-0.013706525,-0.19613084,-0.13998985,0.31296247,0.33694336
-0.10491327,0.31844956,-0.41636407,-0.04182812,-0.2398164,-0.2255537,0.2601787,0.32491165
-0.011189684,0.30354553,-0.36699128,-0.06792525,-0.25824013,-0.29713023,0.13184291,0.2991656
0.040817082,0.32649505,-0.27023864,-0.09521049,-0.24516499,-0.3570063,-0.041725464,0.26170543
0.040668644,0.31645793,-0.17227177,-0.11629674,-0.17054048,-0.36880904,-0.14745243,0.14116181
0.0014710799,0.3356319,-0.028274823,-0.10308443,-0.10290708,-0.3194871,-0.1826775,0.039570972
-0.009249173,0.35758877,0.04317414,-0.06585063,0.05117839,-0.28905594,-0.20376661,-0.1403397
-0.08483022,0.3324108,0.05592654,0.011205571,0.115834855,-0.20894445,-0.20059545,-0.28647202
-0.1729298,0.26837987,0.0019175708,0.08219233,0.12995383,-0.18052302,-0.17476638,-0.42255294
-0.21017241,0.11744813,-0.06765322,0.087524034,0.11390493,-0.13511355,-0.1880734,-0.5371947
-0.16830683,-0.04990805,-0.10700299,0.09215083,0.118427746,-0.074202344,-0.16975625,-0.63669014
0.015085906,-0.18928532,-0.07556903,0.051909972,0.09349913,-0.04353804,-0.20095503,-0.72540885
0.27637815,-0.1827151,-0.053080607,0.037069805,0.08042427,-0.019292742,-0.25741494,-0.6824288
0.48724297,-0.04522182,-0.019156832,-0.017224342,0.061778866,0.034306757,-0.3517062,-0.55418545
0.59559214,0.057491187,0.103212856,-0.0066448427,0.060235016,0.08167272,-0.4187267,-0.3133803
0.61321855,0.029324785,0.25796264,-0.0021339254,0.0682456,0.14038599,-0.43551558,0.03344736
0.52298015,-0.13205813,0.362272,-0.035494637,0.08402669,0.18858045,-0.3413671,0.34619433
0.32540825,-0.28210938,0.32421124,-0.12410246,0.0809572,0.1960083,-0.21891855,0.5214572
0.16805094,-0.28598422,0.27842048,-0.23144259,0.100039385,0.1904037,-0.084652975,0.57370603
0.022799265,-0.17507957,0.2187773,-0.31178838,0.096155114,0.19066505,0.0543063,0.5765997
0.03644599,-0.035965994,0.2713837,-0.33503821,0.1658727,0.19801337,0.17075408,0.50014687
0.07736726,0.079998806,0.3555743,-0.24499302,0.21462613,0.1774608,0.24187124,0.45467788
0.18192732,0.12662096,0.4614408,-0.076493904,0.28049865,0.18968722,0.31174463,0.3545284
0.25026974,0.11002952,0.5427792,0.12191253,0.28013313,0.24423943,0.298517,0.27240738
0.25374818,0.05709547,0.5800947,0.25449952,0.2754437,0.22981393,0.301258,0.16878504
0.25711533,0.036012977,0.5113784,0.33968246,0.19985673,0.24762121,0.25273323,0.06316503
0.19347493,0.05116724,0.5045824,0.43685913,0.10368488,0.28142726,0.23796725,0.025543837
0.12180497,0.06390351,0.39684236,0.4511101,0.051825695,0.29916734,0.19320595,-0.026913354
0.072909236,0.09758793,0.3300735,0.44808626,-0.010103278,0.33502603,0.18186453,-0.09092219
-0.022986107,0.14002872,0.1884675,0.45049173,-0.0143658295,0.37899852,0.16513458,-0.111002475
-0.09702521,0.17894942,0.056722827,0.47075492,0.012426175,0.43189538,0.11071186,-0.14184266
-0.17134345,0.17300227,-0.124127045,0.44104478,0.11501717,0.46691358,0.045859635,-0.1274652
-0.2013726,0.088543214,-0.3047,0.42126054,0.21044785,0.45983094,-0.087125026,-0.13790919
-0.21549681,-0.0144184455,-0.37761784,0.33257604,0.3053673,0.47058868,-0.20617284,-0.105479084
-0.16162029,-0.1054807,-0.40672028,0.26022312,0.34953293,0.40841907,-0.39355847,-0.04152099
-0.13770631,-0.16051318,-0.37622797,0.22604133,0.32477328,0.34157234,-0.4722161,0.0055354405
-0.11145248,-0.18091409,-0.33548188,0.19873549,0.31048754,0.3239072,-0.5360631,0.056564197
-0.12148487,-0.21260579,-0.28305185,0.15122767,0.2527238,0.29931235,-0.54590565,0.118357
-0.13656911,-0.16321453,-0.2148894,0.13532348,0.16629565,0.3012398,-0.52187717,0.12370464
-0.17618027,-0.15055807,-0.22849798,0.11805071,0.10112729,0.34756726,-0.46593836,0.16135767
-0.22115368,-0.0965921,-0.21193835,0.08071531,0.018141955,0.4016453,-0.3605187,0.18909903
-0.26278937,-0.019890204,-0.19101265,0.072707206,-0.06762547,0.45248783,-0.20517218,0.21112344
-0.28214398,-0.0048036575,-0.24201995,0.05302834,-0.19573799,0.49176735,-0.004580945,0.20305485
-0.24787694,0.050575856,-0.25876707,0.04606324,-0.31851912,0.4280973,0.22291118,0.18392019
-0.24844971,0.07472467,-0.28524882,0.044535685,-0.39891136,0.27537298,0.40068567,0.14270712
-0.22257885,0.044099208,-0.3152338,0.06743077,-0.49102026,0.050978713,0.5004528,0.16433336
-0.17754081,0.06648825,-0.33711618,0.08240606,-0.52958894,-0.23412426,0.4644906,0.24432191
-0.105911665,0.074076176,-0.33990318,0.09312493,-0.50261605,-0.39574152,0.30676198,0.33565256
-0.043102525,0.14527297,-0.35493097,0.089243256,-0.46029094,-0.4397967,0.042912483,0.3058555
-0.05787698,0.12674198,-0.34689614,0.12719105,-0.43921468,-0.3433277,-0.15754622,0.2015097
-0.07628489,0.11492936,-0.34951654,0.12497845,-0.44425857,-0.16776475,-0.26417503,0.0393681
-0.04364808,0.06097881,-0.38533652,0.14285971,-0.47657505,0.007913701,-0.24672863,-0.08670248
-0.040875025,0.01011651,-0.36718467,0.16261365,-0.49593005,0.17921045,-0.17811313,-0.10234654
-0.050641008,-0.032228068,-0.38062263,0.17386605,-0.5123528,0.32059932,-0.08511614,-0.110977724
-0.098402046,-0.09516451,-0.35300362,0.23874803,-0.49439013,0.3811068,0.07642385,-0.08181833
-0.07647856,-0.15392065,-0.34691998,0.2613452,-0.4720433,0.4312685,0.26085392,-0.1235767
-0.12978527,-0.20345928,-0.31930164,0.3048858,-0.4054887,0.35014296,0.34979132,-0.1522341
-0.18559292,-0.28175867,-0.19176507,0.30194187,-0.3389087,0.28177506,0.40266895,-0.22622989
-0.22004288,-0.35125154,-0.11101231,0.24359857,-0.32328436,0.19483455,0.4066714,-0.21615174
-0.24944064,-0.35815853,-0.0076635405,0.15123849,-0.307156,0.09725916,0.42235416,-0.19394429
-0.28268427,-0.33914107,0.078112446,0.003572152,-0.3225731,-0.040796287,0.4018873,-0.11656414
-0.31252885,-0.24658231,0.13218728,-0.1675248,-0.25061482,-0.23677976,0.36264062,-0.02395254
-0.31394455,-0.1343645,0.14628625,-0.2699686,-0.032959383,-0.3600421,0.26316822,0.08977348
-0.31004012,0.03991282,0.1701886,-0.23886012,0.2421883,-0.38884103,0.22328687,0.14741081
-0.28891465,0.19879328,0.11683754,-0.16968282,0.4556641,-0.28265476,0.19817117,0.16336882
-0.2613792,0.3265903,0.03949041,0.015290984,0.5403431,-0.1958362,0.17927754,0.15069917
-0.2412867,0.43590188,-0.09228288,0.117930524,0.5099185,-0.12767076,0.15635654,0.16494721
-0.23774815,0.46489406,-0.28244695,0.101509914,0.47362334,-0.054994926,0.13733128,0.128071
-0.23104364,0.4178167,-0.38519368,0.0017876254,0.36504745,-0.0008701235,0.09522523,0.10964753
-0.23408568,0.28261346,-0.42276376,-0.14581707,0.26725763,0.038768172,0.034614146,0.06264131
-0.27362284,0.18211773,-0.40434322,-0.22371316,0.059203885,0.01850596,0.03592424,0.03299672
-0.324869,0.066071756,-0.37522238,-0.25297397,-0.123404995,-0.015886925,0.04530236,-0.041208927
-0.32859197,-0.042027712,-0.37352443,-0.23199856,-0.23601317,-0.09465656,0.0005374253,-0.10777351
-0.29016775,-0.18339513,-0.31259906,-0.20450798,-0.25894767,-0.16347142,-0.0071656555,-0.1851221
-0.21490693,-0.32763946,-0.28465772,-0.1505497,-0.29995266,-0.22340848,-0.006502375,-0.3185047
-0.05340687,-0.39911753,-0.2531035,-0.12771316,-0.26538524,-0.24110635,-0.053621307,-0.36304128
0.1498226,-0.45475078,-0.26850104,-0.1401117,-0.24949113,-0.24191023,-0.05612605,-0.44622105
0.3353245,-0.3727333,-0.35446054,-0.04957023,-0.2474016,-0.28388762,-0.06547958,-0.43781328
0.47165668,-0.23008029,-0.373294,0.0036480958,-0.26629642,-0.2357321,-0.044320077,-0.45826298
0.49013534,-0.019192278,-0.32600683,0.042362057,-0.26549405,-0.1968395,-0.04159516,-0.4447071
0.41915393,0.11254887,-0.16333649,0.032236557,-0.253786,-0.18585719,-0.074179105,-0.40963772
0.33303067,0.21648122,-0.0023079142,-0.011809759,-0.21741,-0.13190097,-0.073680684,-0.36126548
0.24436599,0.25747353,0.15844968,0.0041265236,-0.184091,-0.12307297,-0.08851907,-0.3491688
0.12874848,0.24254866,0.24642897,0.018939678,-0.13101798,-0.073483005,-0.104346946,-0.3430013
0.06536448,0.23653202,0.30902058,0.062012684,-0.048726924,-0.05572179,-0.118746705,-0.38479275
-0.00084397197,0.2529009,0.2703376,0.12633325,-0.043550238,0.014358491,-0.15724936,-0.40181714
-0.06386187,0.24152757,0.20789033,0.17255603,-0.039495513,0.0993114,-0.20195173,-0.41605258
-0.08723796,0.2142248,0.12541243,0.19412385,-0.050107013,0.18151793,-0.29337907,-0.42714703
-0.037213206,0.13442545,0.034507863,0.20168848,-0.059197985,0.2722643,-0.3952714,-0.4077576
0.02721889,0.11412736,-0.012291588,0.17249109,-0.05848203,0.40177053,-0.4664071,-0.2735457
0.062231008,0.11822568,-0.0065141395,0.16339695,-0.15206096,0.5843519,-0.47322226,-0.028757466
0.051747106,0.12906009,-0.008016899,0.13105889,-0.17215541,0.7275387,-0.22371444,0.2228848
0.04882236,0.2049915,-0.021442216,0.120053306,-0.2150335,0.7685695,0.117384344,0.30420738
0.12506291,0.25545537,0.017067097,0.12537853,-0.30141753,0.61958635,0.46397716,0.17042716
0.038664058,0.2832579,0.030728646,0.075936705,-0.34648734,0.32278508,0.6409985,-0.020014025
-0.15601298,0.25149,0.01780489,0.05091298,-0.36118448,0.0650964,0.6740305,-0.06642888
-0.29784384,0.2867208,-0.06410054,0.028308785,-0.34022924,-0.21216057,0.62250006,0.10156666
-0.24091691,0.36513448,-0.15528026,-0.0019572321,-0.29288793,-0.42973876,0.46182358,0.29590645
-0.088812955,0.40165782,-0.20259926,-0.026880942,-0.22225925,-0.552309,0.20250744,0.37050426
0.025263913,0.4853096,-0.15672657,-0.032368686,-0.13063413,-0.5855878,-0.05235842,0.30606332
0.055322006,0.4652564,-0.09591526,-0.048778374,-0.005139239,-0.48983437,-0.19466269,0.14043613
0.008953538,0.4815535,-0.020081624,0.015126341,0.06493529,-0.39231646,-0.22450812,-0.05963911
-0.051883988,0.45651639,-0.017515965,0.09871535,0.09662413,-0.35331738,-0.21992998,-0.2448508
-0.15305716,0.36384076,-0.12289448,0.12303764,0.113497876,-0.30764353,-0.1621446,-0.4206509
-0.26258683,0.13768128,-0.23790652,0.0916928,0.1237118,-0.2730015,-0.08038853,-0.553739
-0.24263188,-0.16244568,-0.27663943,0.06431223,0.108700015,-0.22386588,-0.028571233,-0.6572872
-0.061802723,-0.34634268,-0.20402649,0.046251945,0.08117271,-0.18622194,0.0015421957,-0.721482
0.17336419,-0.39553022,-0.19336775,0.01066126,0.07732362,-0.1425277,0.011167198,-0.73841906
0.39622995,-0.27785903,-0.21319711,-0.0007537053,0.050131284,-0.14972971,0.017365456,-0.68809325
0.46416244,-0.08580212,-0.19741243,-0.007841352,0.047581874,-0.116660744,-0.0045493394,-0.6764019
0.40140226,0.09249623,-0.0644643,-0.024787407,0.012422681,-0.11624946,-0.0008087978,-0.6035929
0.2842727,0.1782307,0.08017359,0.022937689,0.022043742,-0.049565464,-0.03878978,-0.58807105
0.15071528,0.19106498,0.14799991,0.018676434,0.05587732,-0.034591727,-0.06413468,-0.560163
0.04711809,0.19077784,0.19054449,0.107901916,0.0796194,-0.008956902,-0.11211571,-0.55829775
0.037807785,0.16264787,0.13850325,0.12297028,0.062747695,0.011491209,-0.17874348,-0.5962127
0.032020558,0.07819034,0.13371727,0.1596441,0.08259108,0.0672712,-0.27472067,-0.5852863
0.1252779,0.08816766,0.121547095,0.1609442,0.053159572,0.1369686,-0.38947338,-0.5331898
0.2350387,0.08504404,0.14498755,0.16811557,0.014453784,0.21793374,-0.49890786,-0.3604085
0.32586685,0.098378986,0.22543201,0.16349876,0.00910309,0.32419893,-0.54702127,-0.036160845
0.28214803,0.060733903,0.25363287,0.15408233,-0.05990693,0.4579445,-0.4160734,0.29586196
0.2240003,0.040174216,0.314344,0.13478743,-0.046341028,0.525914,-0.1301612,0.52530855
0.23727861,0.027878992,0.35659105,0.11101365,-0.094761886,0.55287963,0.25339615,0.5280417
0.30857491,-0.021495283,0.37719825,0.041586276,-0.13722043,0.4262926,0.49749154,0.29156464
0.31978723,-0.08155194,0.4264728,-0.038813002,-0.11065157,0.2676436,0.63248336,0.037168603
0.19486207,-0.07631548,0.47789025,-0.16561517,-0.0375422,0.074752524,0.59024906,-0.16115116
0.036458053,-0.01699239,0.52055633,-0.18111867,0.12611789,0.008214891,0.53230774,-0.21495102
-0.13410872,0.046705473,0.52612597,-0.07876242,0.3160406,0.020072259,0.46716702,-0.16556169
-0.25976446,0.18289629,0.45892018,0.12681206,0.36927545,0.074912325,0.37012208,-0.15079549
-0.39988613,0.30752942,0.20608687,0.3390354,0.31188172,0.109991536,0.27339062,-0.124181174
-0.51155376,0.31184357,-0.1544087,0.39688087,0.29912424,0.13409658,0.1927937,-0.103857234
-0.54250014,0.123297885,-0.47800744,0.3153547,0.3355539,0.12912586,0.10625215,-0.12127307
-0.571775,-0.20965306,-0.5350725,0.20802589,0.3050606,0.14427358,0.0018111542,-0.18539925
-0.40516838,-0.49225402,-0.34057376,0.22138587,0.25793815,0.14257655,-0.09552654,-0.26848415
-0.17037863,-0.6329788,-0.121191815,0.19654785,0.25282302,0.14477682,-0.18827643,-0.34919846
0.17551595,-0.6218169,0.011650316,0.12826657,0.1924384,0.13186277,-0.33466005,-0.31757578
0.380833,-0.57328737,-0.095853284,0.02692464,0.18032783,0.17156324,-0.38220912,-0.13947167
0.43354297,-0.49837,-0.23932117,-0.008756613,0.065708585,0.19891424,-0.40480015,0.12690279
0.30389577,-0.4512055,-0.35228157,0.017397797,-0.06777112,0.2689029,-0.2795684,0.35570902
0.1189097,-0.44835526,-0.35069788,0.113002926,-0.16714172,0.3131839,-0.067567915,0.4476816
-0.0047646984,-0.3622771,-0.3151299,0.1497678,-0.23776445,0.31708133,0.17918417,0.43056193
-0.012413129,-0.2833565,-0.25875574,0.15740387,-0.27821863,0.26074862,0.38742787,0.37489834
0.0024420992,-0.21250387,-0.18064426,0.16565311,-0.31275803,0.113968,0.5338816,0.2878211
0.013680704,-0.15696318,-0.16798708,0.11197779,-0.31100976,-0.048286438,0.5568228,0.28758758
0.075562716,-0.12296213,-0.1214036,0.096646465,-0.29740685,-0.25430042,0.49289083,0.3187392
0.1271854,-0.0737087,-0.119455606,0.05214694,-0.28369808,-0.36795044,0.33729875,0.31720048
0.1366111,-0.049106434,-0.05837903,-0.00876147,-0.21279866,-0.41716987,0.1266044,0.3063374
0.121220045,-0.016433612,-0.004139565,-0.03530443,-0.10331606,-0.424322,-0.039362922,0.20749733
0.10274024,0.020766884,0.031209856,-0.045264516,0.03595873,-0.39679694,-0.14155142,0.13221028
0.075536616,0.06338673,0.07871532,-0.03934076,0.15238571,-0.34323603,-0.16653742,0.018164596
0.056454677,0.089690804,0.12739417,-0.008619942,0.27678835,-0.27363616,-0.14992398,-0.12101127
0.030969009,0.1013699,0.13826075,0.060096692,0.30034897,-0.27271795,-0.10265514,-0.21440944
0.0072932392,0.1212751,0.14984685,0.14545608,0.31770864,-0.24517246,-0.06507516,-0.29746184
-0.03058312,0.115431495,0.09474788,0.20844874,0.29670912,-0.2347938,-0.05926202,-0.38204375
-0.10780036,0.06306263,0.04527253,0.25914863,0.25125426,-0.2170705,-0.010399736,-0.4518221
-0.14825064,0.015367158,-0.011522025,0.2670448,0.20947462,-0.18173172,0.0059755147,-0.5128703
-0.12663001,-0.11761372,-0.04970839,0.23759021,0.14323986,-0.12680162,0.016582996,-0.5312217
-0.0769599,-0.19903247,0.010689326,0.2003286,0.10137356,-0.091242045,0.0019461885,-0.5835243
0.071215436,-0.27343643,0.029013015,0.18118845,0.09104086,-0.086003676,-0.057130627,-0.5751977
0.23020673,-0.24640949,0.02808702,0.10750397,0.061813436,-0.012360722,-0.101756714,-0.57267076
0.36513647,-0.17330967,0.05107615,0.033467308,0.075806595,0.0161837,-0.15847751,-0.51630574
0.49408618,-0.07510117,0.065253995,-0.013758089,0.060375445,0.056083906,-0.21662706,-0.39852628
0.5507165,-0.05549465,0.13947797,-0.028720364,0.058558263,0.09552519,-0.25828752,-0.22278418
0.5316251,-0.07344583,0.2271964,-0.026653469,0.07107834,0.13939297,-0.29178727,0.029495794
0.52238065,-0.17156817,0.25554678,-0.09814098,0.082911946,0.1692169,-0.28324673,0.23375945
0.3500483,-0.2808658,0.22201246,-0.1659791,0.11514934,0.16764551,-0.18328638,0.39401528
0.19773087,-0.28598374,0.15753564,-0.24458827,0.08711889,0.17051241,-0.10689847,0.46602204
0.097671255,-0.26288122,0.09839574,-0.3442947,0.08956192,0.15440318,-0.0012906045,0.4565455
0.032325707,-0.16868089,0.10670813,-0.36857852,0.07601429,0.13044806,0.071298525,0.42207748
0.012473896,-0.06002979,0.1468854,-0.4028358,0.087927915,0.0984263,0.12068406,0.36997148
0.035287067,0.059906248,0.25277698,-0.36328942,0.17181885,0.05856174,0.159515,0.33158204
0.0733058,0.15322572,0.35177082,-0.25778377,0.27539414,0.10962452,0.16799253,0.2999801
0.0997935,0.22076142,0.42788613,-0.01834523,0.32234627,0.105906114,0.16378784,0.25193286
0.14577928,0.26903552,0.42923313,0.24938478,0.3583401,0.15909424,0.1378077,0.20385578
0.149064,0.28303248,0.3495825,0.49582413,0.24896696,0.16461362,0.11541405,0.18302998
0.1715096,0.30587345,0.1646407,0.6363927,0.19653532,0.16128334,0.120597556,0.18313219
0.14268851,0.29925728,-0.07732826,0.698444,0.18230718,0.18791921,0.10297994,0.14930037
0.14391464,0.32151103,-0.26567832,0.647078,0.2932636,0.1756264,0.078245044,0.11242104
0.12390851,0.33646595,-0.44532308,0.48836413,0.40608466,0.16252995,0.022582024,0.10838297
0.074051104,0.29989773,-0.5136315,0.2541101,0.5242739,0.14007898,-0.047929637,0.10563115
0.090368435,0.2592631,-0.49798906,0.069156446,0.414684,0.1290195,-0.10998596,0.07923
0.049169376,0.26949134,-0.42226985,-0.074389674,0.24954915,0.13171148,-0.119653106,0.11307846
0.016013958,0.25898242,-0.32255578,-0.13518976,0.07811182,0.150523,-0.13274221,0.11080728
0.009256437,0.23714064,-0.18377939,-0.17785297,-0.06586619,0.15374212,-0.103981465,0.081102915
-0.010732435,0.2846179,-0.0792317,-0.1521046,-0.16264392,0.11912585,-0.048423916,0.07653248
-0.033920966,0.27040166,0.030284375,-0.15393406,-0.1934987,0.06562077,-0.007047847,0.048294183
-0.067099385,0.3114214,0.10747347,-0.13032682,-0.18803725,0.02032338,-0.013695508,0.030492565
-0.13090053,0.38054723,0.1789281,-0.070423916,-0.12983663,-0.00779289,-0.00085535645,0.0053705927
-0.18852744,0.44088948,0.11355389,-0.011911455,-0.091473326,-0.00151743,-0.02364833,-0.059337936
-0.2752362,0.41059905,-0.0019134358,0.038918834,-0.07352565,0.0073114187,-0.03409913,-0.13700703
-0.37703133,0.36633945,-0.2080538,0.044799563,-0.10429075,0.026978381,-0.032488897,-0.23613183
-0.44978228,0.104660615,-0.30528665,0.026893765,-0.16807847,0.051971573,-0.08828633,-0.3056688
-0.39462793,-0.2127633,-0.34260938,0.026042968,-0.22641045,0.082305394,-0.10229814,-0.41229874
-0.15242985,-0.42748404,-0.25674757,0.053613707,-0.29879823,0.13680825,-0.15547192,-0.49514592
0.13519122,-0.52419686,-0.21634793,0.078332335,-0.37459514,0.21468931,-0.17509794,-0.4730478
0.40957302,-0.41820943,-0.25664654,0.06742215,-0.40877533,0.30555892,-0.16793434,-0.33666497
0.5109733,-0.3000626,-0.31039754,0.10902346,-0.5242425,0.3759858,-0.07770231,-0.1339043
0.48507375,-0.17829801,-0.30581054,0.14236729,-0.5702655,0.4420395,0.12224442,-0.031659957
0.43749556,-0.12857683,-0.25825387,0.1685106,-0.59728235,0.32536173,0.32065558,-0.13640583
0.28676715,-0.027977027,-0.20209539,0.15681632,-0.6054663,0.17091644,0.40839905,-0.2500741
0.12503801,0.024766333,-0.16129248,0.12678301,-0.6299951,-0.02827058,0.41308433,-0.35584947
-0.047102123,-0.023939371,-0.121400714,0.0961236,-0.6319733,-0.2353672,0.34638828,-0.29420018
-0.13504568,-0.07520379,-0.15736571,0.008614131,-0.5495739,-0.39267075,0.2912549,-0.23504104
-0.21510836,-0.12118529,-0.122037455,-0.04047982,-0.44892675,-0.51275736,0.12858152,-0.19572589
-0.2045176,-0.20201744,-0.081942305,-0.059758816,-0.31646514,-0.595199,0.037754893,-0.26294413
-0.15696278,-0.21086393,-0.026580866,-0.12917598,-0.1350596,-0.59087175,0.016793907,-0.3312028
-0.08524444,-0.30450135,-0.041551597,-0.17699052,0.08805079,-0.5597073,0.1173895,-0.39201784
-0.03840544,-0.31671703,-0.04892277,-0.21285886,0.29523346,-0.51118,0.24262887,-0.39883932
-0.07026558,-0.33861345,-0.03663678,-0.23491819,0.45347118,-0.40088987,0.41021782,-0.30277455
-0.107078694,-0.35433668,-0.051763605,-0.24049622,0.5742501,-0.19874762,0.43919843,-0.17603706
-0.12757179,-0.35356873,-0.046962135,-0.21864587,0.61019737,0.022093866,0.39135194,-0.0979343
-0.14428315,-0.32548702,-0.03973911,-0.20398133,0.47684902,0.1800189,0.26864994,-0.09103667
-0.13867146,-0.3011229,-0.03126429,-0.2351985,0.3493485,0.24847803,0.13975042,-0.12992789
-0.08207398,-0.3054725,-0.024609387,-0.2428265,0.2198894,0.26263106,0.011647001,-0.1067605
-0.079588674,-0.27977282,-0.030775283,-0.27592194,0.07410004,0.25758016,-0.049186908,-0.1362652
-0.011209421,-0.2499163,-0.023996856,-0.34063667,-0.11494473,0.21100987,-0.07672905,-0.12976894
0.009230174,-0.25014734,-0.060309045,-0.3887325,-0.20316225,0.1521948,-0.06506152,-0.11743383
0.026866887,-0.22646447,-0.07510064,-0.47449356,-0.2648528,0.010928713,-0.050193265,-0.12392774
0.08223107,-0.23684116,-0.07054364,-0.5023248,-0.24494234,-0.14392678,-0.06347354,-0.14555065
0.13712654,-0.19993629,-0.0900307,-0.5263465,-0.13811117,-0.21519174,-0.0757765,-0.19744803
0.16293383,-0.18103565,-0.079885855,-0.5577144,0.057549022,-0.2713846,-0.08190088,-0.25598907
0.18748921,-0.13994037,-0.053751297,-0.5827515,0.27147433,-0.2822541,-0.050843164,-0.2780907
0.23632666,-0.1258324,0.020205587,-0.51393294,0.4583614,-0.18581165,-0.00015277416,-0.3020761
0.2197038,-0.10400744,0.050579973,-0.42402107,0.5495887,-0.040894747,-0.009829558,-0.31450975
0.23309892,-0.059586912,0.1491912,-0.3388755,0.58135927,0.055787135,-0.10686111,-0.3061496
0.24920076,-0.010530159,0.18912116,-0.19503532,0.5946787,0.13311766,-0.24146059,-0.23380162
0.26250863,-0.025659204,0.2904035,-0.065741874,0.6005282,0.09427449,-0.37409264,-0.089036174
0.30811283,-0.03805425,0.30554602,0.13415335,0.57114047,0.014142327,-0.46248174,0.056808684
0.30132306,-0.071859255,0.33706865,0.27070776,0.5489966,-0.115102306,-0.4873574,0.12764859
0.24017686,-0.09575389,0.35428,0.38980043,0.43563855,-0.20084293,-0.4706386,0.09698967
0.25005296,-0.091139734,0.3398489,0.40083683,0.27796984,-0.24239685,-0.44094163,0.03482341
0.2491329,-0.097307295,0.32534134,0.38981912,0.089340635,-0.19718711,-0.4219394,-0.015270935
0.30445918,-0.11646357,0.3407276,0.31516677,-0.011911444,-0.062852904,-0.439892,-0.008536676
0.2969337,-0.13179414,0.33959138,0.20256044,-0.0721442,0.06699251,-0.40730467,0.055605695
0.25958675,-0.121992946,0.3366141,0.10512087,-0.060469814,0.17897043,-0.36674488,0.16217415
0.16844079,-0.13894565,0.35168844,-0.0073972447,-0.0470401,0.23769146,-0.24422282,0.30879653
0.106606476,-0.08126357,0.37858015,-0.08129896,-0.04602422,0.26199973,-0.09704931,0.351077
0.09040524,0.0038526058,0.38519272,-0.13696437,0.0031471178,0.24036616,0.051554203,0.36022028
0.086149395,0.09430195,0.48608714,-0.1039352,0.020482376,0.20315191,0.12972897,0.3503969
0.12841494,0.16681321,0.5488194,-0.019930545,0.11832679,0.1881627,0.19602346,0.29202044
0.17526576,0.20839247,0.5762255,0.15609592,0.15030956,0.1719288,0.22862452,0.24383782
0.19154024,0.2195073,0.51983273,0.29428267,0.0982481,0.172862,0.2404021,0.17505595
0.16087359,0.23008797,0.43991578,0.40955293,0.039861985,0.20261672,0.2459324,0.110143274
0.11449532,0.23926409,0.34388947,0.53451556,-0.035127617,0.26787448,0.27039498,0.08311432
0.06649321,0.27001226,0.16994634,0.5436354,-0.045546368,0.2853332,0.28881815,0.0029041264
-0.040596835,0.29843426,-0.071610436,0.5587119,-0.00014885515,0.35048974,0.28624612,-0.056757547
-0.13710114,0.25291052,-0.30651942,0.5101489,0.14111716,0.36293852,0.21110678,-0.10693778
-0.23925835,0.090560846,-0.48890156,0.38167387,0.28980997,0.37163836,0.10234007,-0.13713218
-0.23828432,-0.08655842,-0.56352586,0.2773263,0.33987722,0.37000448,-0.05164796,-0.16652583
-0.20828882,-0.26179177,-0.4888811,0.21737386,0.37481377,0.3170033,-0.19827309,-0.16455543
-0.076743044,-0.36141104,-0.37356538,0.19824268,0.32841867,0.27587146,-0.37622303,-0.13563755
0.023326263,-0.37012297,-0.3167697,0.21742286,0.29080817,0.2652055,-0.47146538,-0.041616928
0.05903676,-0.35652268,-0.2536768,0.20730008,0.26278618,0.25575778,-0.53878736,0.07094562
0.013089698,-0.3224423,-0.1985111,0.17013526,0.23251855,0.27005672,-0.478941,0.1790602
-0.071594425,-0.27372068,-0.15665692,0.15157603,0.14460531,0.27530423,-0.41658965,0.26622695
-0.16374001,-0.18390255,-0.1080742,0.11190896,0.09140279,0.30803382,-0.30157778,0.27504855
-0.25046358,-0.063382745,-0.0743788,0.08647922,0.022977792,0.38581693,-0.21975245,0.26355752
-0.2680013,0.036848728,-0.127434,0.07446788,-0.036036316,0.38729125,-0.06938812,0.25818634
-0.24148872,0.1465055,-0.16617382,0.04181252,-0.14856865,0.3744542,0.105308264,0.2118791
-0.22549346,0.15863663,-0.2349475,0.024469841,-0.2479094,0.31413293,0.27890685,0.1873068
-0.19190729,0.19745195,-0.24863395,0.023262177,-0.34900647,0.1896277,0.3966896,0.16289432
-0.18379125,0.20361784,-0.28991276,-0.0068500033,-0.38640696,-0.01358474,0.44048506,0.16539533
-0.12825078,0.19533302,-0.30038828,-0.0015940553,-0.36528337,-0.23111545,0.40109044,0.25356305
-0.03588768,0.24317418,-0.3094779,-0.01191304,-0.38836148,-0.3948487,0.22891283,0.28043738
0.005470164,0.23766781,-0.25575817,-0.03105126,-0.30582112,-0.41708225,0.0006868988,0.26755178
0.0017715022,0.25672823,-0.1940079,-0.033097204,-0.26509836,-0.38040644,-0.13809529,0.113393284
-0.034554817,0.26210117,-0.13639462,-0.036756042,-0.20031628,-0.35081178,-0.19838522,-0.066382185
-0.054505743,0.24427538,-0.083842315,-0.04515413,-0.15717003,-0.26376992,-0.23037624,-0.20661704
-0.061708875,0.18966034,-0.10095242,-0.05009108,-0.10197596,-0.18818669,-0.22751084,-0.36343253
-0.07376947,0.101384,-0.041768312,-0.06758879,-0.05027174,-0.14606304,-0.25319523,-0.47602615
0.009544332,0.024110157,0.004151836,-0.08420874,-0.0035356358,-0.09376551,-0.24877606,-0.52759606
0.10886533,-0.011554748,0.0382756,-0.09542924,0.0031282827,-0.066656604,-0.26274198,-0.6096183
0.2410317,0.0123544,0.1189271,-0.12916707,0.05910652,-0.015703425,-0.29911965,-0.55534256
0.37076965,0.06508027,0.205924,-0.111565486,0.0791887,0.021978091,-0.38319784,-0.4877391
0.43708327,0.06623128,0.32522887,-0.061413165,0.14868408,0.0630475,-0.41412956,-0.30661196
0.45458397,0.023279712,0.4656062,0.013413601,0.20705965,0.08492295,-0.49305892,-0.05080237
0.42665705,-0.10687384,0.5415338,0.100057885,0.23825383,0.11826686,-0.49549213,0.19178976
0.30900198,-0.2333088,0.5097902,0.0960244,0.26021865,0.12420173,-0.42900863,0.40698826
0.09362527,-0.20806904,0.50655663,0.055700585,0.29651436,0.14154172,-0.36689347,0.45055377
-0.07845717,-0.040606864,0.52697515,0.10719668,0.32663047,0.10638231,-0.27052706,0.42947066
-0.123234145,0.19507092,0.41123682,0.21196826,0.29140368,0.112612225,-0.23236808,0.40155244
-0.09026543,0.4105361,0.20015019,0.43413687,0.2545143,0.0880152,-0.21961942,0.33398372
-0.06281691,0.52730584,-0.10322608,0.50271785,0.2206707,0.12345349,-0.1769372,0.29048428
-0.008448482,0.54117686,-0.40977097,0.42582917,0.26120245,0.15737358,-0.16584063,0.22928637
0.0030778274,0.45425832,-0.5592016,0.18615212,0.30250722,0.13363379,-0.17277524,0.21277119
0.009615853,0.4416207,-0.51931804,-0.028813228,0.16633949,0.15596892,-0.13920178,0.20652042
0.035951715,0.41302997,-0.3986815,-0.15512557,-0.030938726,0.1576588,-0.10903155,0.19351265
0.02979397,0.38845778,-0.26297337,-0.20742479,-0.22249416,0.1053927,-0.05969388,0.20934999
0.042394094,0.41803545,-0.07605742,-0.2039524,-0.28848445,0.01806175,0.0093021095,0.18230015
0.045993663,0.43115723,0.10898908,-0.17191267,-0.28593242,-0.045320407,0.04225689,0.12900491
0.00846792,0.5175741,0.27175212,-0.09586112,-0.136764,-0.110658586,0.04987605,0.10512424
-0.0049143657,0.5560935,0.30581206,0.061546523,-0.047666296,-0.14801705,0.009429172,0.053982116
-0.07029273,0.6308837,0.17889124,0.22457822,-0.014632046,-0.06745759,-0.0077404752,-0.009667495
-0.17498642,0.64763254,-0.11169307,0.30713752,-0.071786806,-0.0056445226,-0.039433062,-0.06225693
-0.28597075,0.5443598,-0.43076813,0.24778718,-0.08995199,0.051441126,-0.054997094,-0.16909267
-0.35198975,0.20218572,-0.6201137,0.13713579,-0.08078083,0.11654201,-0.08240007,-0.20300792
-0.36320886,-0.16524969,-0.68355674,0.16946168,-0.15912303,0.17023686,-0.08741176,-0.27678967
-0.22051767,-0.4620263,-0.52193046,0.31856036,-0.17298831,0.26498324,-0.13259248,-0.3296473
0.03704367,-0.534937,-0.34196955,0.4263158,-0.046873834,0.39563698,-0.16919729,-0.2808682
0.23116773,-0.5404498,-0.18157566,0.41897824,0.056685574,0.5042032,-0.262464,-0.11823419
0.23585817,-0.5084299,-0.1515075,0.34303248,0.18490931,0.5415783,-0.28863198,0.16118184
0.12852994,-0.44182652,-0.07000659,0.2992233,0.21384165,0.5615569,-0.16793548,0.34393904
-0.018996865,-0.34345508,0.022092633,0.22108167,0.22518754,0.51628095,-0.05217755,0.43182293
-0.10765617,-0.2231047,0.056557365,0.1853037,0.21835133,0.51792836,0.12917179,0.41358504
-0.097162254,-0.043110676,0.07729951,0.16204467,0.15662709,0.5287908,0.26844025,0.3554725
-0.050633326,0.06152707,0.05158867,0.15933411,0.114550136,0.5106744,0.3827108,0.263008
-0.018691748,0.13235566,0.03127852,0.15710108,0.031161971,0.46630436,0.44171244,0.11170228
-0.058413498,0.1412677,-0.014910821,0.17791283,0.026579008,0.38355446,0.4601652,0.015414452
-0.17758173,0.16405554,-0.07846235,0.16319455,-0.026942793,0.3457831,0.41158473,-0.07572881
-0.2977718,0.12560444,-0.19615024,0.14047177,-0.06013201,0.27411902,0.40132052,-0.11979817
-0.37140948,0.035867024,-0.2572332,0.12911133,-0.11743198,0.20816517,0.38506263,-0.09991588
-0.45730492,-0.07780807,-0.3205483,0.10901074,-0.16626713,0.13222213,0.37913173,-0.044239808
-0.46959612,-0.15410209,-0.2843472,0.12753601,-0.22266358,0.0614578,0.38055557,0.044135675
-0.46803632,-0.16650331,-0.2629782,0.13785061,-0.24436167,-0.027357228,0.3751212,0.11844767
-0.42489618,-0.114934385,-0.24407211,0.122262195,-0.25831068,-0.11360352,0.3518198,0.24297087
-0.39398474,-0.039292432,-0.2688727,0.09495473,-0.25426003,-0.2052836,0.27910823,0.31093383
-0.32974783,0.064800754,-0.30884305,0.0806231,-0.27306685,-0.2536332,0.17047054,0.3359164
-0.27871698,0.09275639,-0.35468957,0.09594363,-0.25699028,-0.2379611,0.057474256,0.2727967
-0.29749712,0.09750569,-0.39244628,0.091276854,-0.2876288,-0.22597994,-0.036075816,0.17513262
-0.29241717,0.047585327,-0.4508306,0.10747181,-0.29461786,-0.14764243,-0.06475426,0.0421049
-0.27148575,-0.09193921,-0.45065892,0.16913068,-0.31656936,-0.06744218,-0.07481804,-0.07914297
-0.22051942,-0.24799065,-0.41735715,0.23591378,-0.34610078,0.017776303,-0.0942722,-0.16380863
-0.15459597,-0.3431089,-0.34320134,0.26230848,-0.32867187,0.17299241,-0.054495715,-0.23077677
-0.018073931,-0.4022107,-0.20127079,0.25668943,-0.2942505,0.27038586,-0.07176594,-0.21066682
0.1020008,-0.3898887,-0.14571877,0.22452027,-0.31193882,0.3849135,-0.0024445876,-0.17541744
0.14548567,-0.38402236,-0.06792105,0.14703639,-0.28607658,0.4079461,0.048763916,-0.13486074
0.17580241,-0.34027284,-0.0696865,0.06568623,-0.36085936,0.41109008,0.12879997,-0.17601322
0.19805357,-0.29218924,-0.08549695,-0.007901057,-0.42910916,0.32733095,0.20161408,-0.15445165
0.17008072,-0.2696364,-0.09723782,-0.072905965,-0.48535436,0.15898068,0.29135787,-0.21092606
0.111893915,-0.25567728,-0.0957941,-0.13033947,-0.503947,-0.099620506,0.27709284,-0.244404
0.09545669,-0.2347923,-0.10354827,-0.23205742,-0.4268613,-0.34002048,0.21419448,-0.23821782
0.07726059,-0.25649405,-0.082817174,-0.2679287,-0.24366891,-0.5400808,0.12798348,-0.231589
0.07489344,-0.22652908,-0.105499074,-0.28880864,0.014600016,-0.6220707,0.13367283,-0.22443996
0.06464606,-0.22866534,-0.108538866,-0.3048499,0.3088587,-0.59409136,0.21893066,-0.23153818
0.04127231,-0.2060269,-0.107650205,-0.30772305,0.5131161,-0.39309508,0.3347969,-0.17240195
-0.017803878,-0.21331142,-0.08864868,-0.27769515,0.59983,-0.15402131,0.40551317,-0.093750805
-0.099600755,-0.16489129,-0.07874277,-0.2962059,0.5719394,0.06180133,0.324195,-0.06283009
-0.09698229,-0.20362814,-0.07230822,-0.23829761,0.45490348,0.1794039,0.19133908,-0.087297946
-0.095727526,-0.20025776,-0.025987305,-0.2480013,0.32659906,0.23794548,0.07493225,-0.09818217
-0.09840309,-0.16105673,-0.011535518,-0.24482279,0.17240417,0.27713394,-0.029850587,-0.11982946
-0.083939515,-0.16541712,0.010642633,-0.2657635,0.044179298,0.2536701,-0.0818645,-0.123548925
-0.060175814,-0.122625336,0.0013177618,-0.3025462,-0.09013036,0.22169925,-0.10938911,-0.11873151
-0.036556534,-0.083789006,0.076954015,-0.36167037,-0.15660304,0.16612445,-0.09906645,-0.11194512
-0.034905918,-0.07796194,0.095276035,-0.415495,-0.14014643,0.091775045,-0.08415267,-0.115788
-0.027785145,-0.030579984,0.17048255,-0.45686758,-0.080465175,0.038936786,-0.07435325,-0.16584776
-0.041140907,0.006159097,0.28498203,-0.42779014,0.097937055,-0.023582757,-0.11549753,-0.20648769
-0.025707133,0.036834065,0.31449476,-0.36703598,0.31158397,-0.011870578,-0.13772444,-0.24932633
-0.013574377,0.100341365,0.4136158,-0.17356794,0.46542847,0.03539945,-0.2066578,-0.29166684
0.010706432,0.15443018,0.40376857,0.1329733,0.5327953,0.014049791,-0.2859981,-0.3184691
0.034737613,0.17904267,0.34982657,0.35233963,0.47152746,-0.081709564,-0.35869837,-0.35748857
0.06801945,0.17486385,0.22537708,0.5172224,0.32963434,-0.14498584,-0.34727982,-0.44484976
0.11817881,0.16503273,0.06857925,0.5923247,0.16703674,-0.11764057,-0.320403,-0.49269974
0.169148,0.1392062,-0.039681565,0.5521766,0.062095977,-0.020649396,-0.34150603,-0.48750675
0.22729498,0.17680195,-0.13996384,0.5331036,0.06883972,0.09861982,-0.4161756,-0.41304454
0.2812555,0.20372234,-0.18868437,0.49068058,0.12282554,0.18542051,-0.52005976,-0.24537568
0.30512375,0.24029593,-0.2215068,0.4581544,0.18266398,0.23560277,-0.5889521,0.032417517
0.25824842,0.24864157,-0.28101927,0.3904278,0.28480166,0.2685221,-0.56764424,0.29973096
0.17318937,0.24608167,-0.2733025,0.3311075,0.3018669,0.22278021,-0.47515458,0.47500533
0.11204286,0.267059,-0.29434696,0.26464075,0.31162864,0.18765238,-0.3491563,0.5241962
0.077342466,0.27601376,-0.30188015,0.18664901,0.28221112,0.16095819,-0.2563136,0.5677595
0.14288324,0.31359237,-0.31448272,0.12403345,0.23933241,0.1775145,-0.13865557,0.57552826
0.20937333,0.33922422,-0.21238977,0.090372026,0.14760122,0.17883103,-0.017677613,0.5876331
0.36298054,0.27570254,-0.049788415,0.11147771,0.07857693,0.18822418,0.121126845,0.56820637
0.48907962,0.12815917,0.10536154,0.108218506,0.035384476,0.15982296,0.25763866,0.49452722
0.5517182,-0.021861568,0.22589463,0.09407368,0.023905665,0.15879264,0.35796627,0.35694927
0.5632856,-0.22222318,0.254658,0.007292161,0.010559365,0.13919482,0.3781196,0.17988123
0.5214041,-0.28300554,0.19465983,-0.10176006,0.05202491,0.084711865,0.37630916,0.013249649
0.47200933,-0.31178987,0.10165692,-0.1973718,0.083025746,0.009707384,0.33343613,-0.1055935
0.41418174,-0.29434657,0.023850098,-0.24279629,0.094096415,-0.025851332,0.30689514,-0.1886621
0.35733473,-0.21718667,-0.04263171,-0.2808694,0.116725005,-0.03615419,0.26580137,-0.2299852
0.31186298,-0.20137466,-0.057667263,-0.2932455,0.1209526,-0.04147487,0.21250623,-0.2694084
0.26240376,-0.12820275,-0.003481619,-0.30633637,0.18422335,-0.079451755,0.14449811,-0.2802498
0.23127806,-0.09270534,0.024805248,-0.28873357,0.23356521,-0.05321808,0.119568944,-0.27751988
0.19108829,-0.06198129,0.09744222,-0.29368302,0.2583747,-0.023345359,0.056188256,-0.28369907
0.16524088,-0.04324136,0.18387407,-0.22079273,0.33073315,0.022828206,0.0006811321,-0.28766483
0.16016522,-0.014405072,0.20106542,-0.1586602,0.37543288,0.070234165,-0.08667332,-0.29401392
0.18762743,0.00855118,0.2674309,-0.03647293,0.4158321,0.09147434,-0.17929703,-0.25103915
0.20919049,0.0092699155,0.31699765,0.07806953,0.4487267,0.07131522,-0.26980406,-0.17389952
0.24204686,0.019367069,0.33004165,0.22041838,0.39856377,0.042921744,-0.35605288,-0.1060833
0.24702176,0.03930468,0.3660627,0.3400039,0.3290903,-0.009568311,-0.4083074,-0.041186653
0.26224396,0.020819638,0.3173503,0.39564633,0.22240347,-0.020946212,-0.43714738,0.014688095
0.24422246,0.02254548,0.29806292,0.4314661,0.10905252,0.0032169372,-0.4353867,0.0938156
0.22169185,0.0024581105,0.27555794,0.44207883,0.031526558,0.094817996,-0.38067618,0.15217926
0.18317525,0.031763032,0.25713617,0.37640315,-0.009963468,0.23429178,-0.31007874,0.2568119
0.13088319,0.08556794,0.19091094,0.3389492,-0.011417069,0.34570646,-0.1648069,0.34801477
0.09911156,0.13383088,0.17251986,0.37016508,-0.013449118,0.41320926,0.040743202,0.38261
0.14223057,0.17549725,0.116521545,0.35411066,0.015449978,0.43632883,0.2213242,0.3799383
0.22654435,0.18211566,0.048231564,0.3373086,0.014652602,0.44633478,0.36858326,0.22855814
0.2000776,0.18140653,0.051177874,0.36826468,0.051582776,0.4381122,0.41669315,0.03981983
0.11144983,0.19650303,-0.028355543,0.37001872,0.07623512,0.42449105,0.36765853,-0.096285254
-0.03961134,0.19267875,-0.14274195,0.35058784,0.152266,0.3979633,0.2678092,-0.19173515
-0.17311299,0.107089505,-0.25884637,0.33207202,0.18958527,0.41811568,0.096712515,-0.22284561
-0.18388292,-0.009941615,-0.32987309,0.2789285,0.24219605,0.4340185,-0.03259647,-0.20453776
-0.1560379,-0.11299166,-0.34629345,0.23713155,0.2644322,0.40564042,-0.20946977,-0.1888704
-0.08150295,-0.18458594,-0.30783042,0.21440475,0.201882,0.40642482,-0.33251524,-0.09827534
-0.023108706,-0.19491597,-0.2768923,0.18541121,0.17422116,0.46177655,-0.4134304,0.019289607
-0.025720328,-0.18722908,-0.21818265,0.16933481,0.11069194,0.42526704,-0.41017523,0.1938944
-0.073889755,-0.13628584,-0.19911167,0.15254207,0.06546528,0.48879945,-0.2571987,0.27402878
-0.14153743,-0.073323324,-0.18592207,0.12601136,-0.02642715,0.51472616,-0.074790135,0.34502447
-0.12633747,0.017333478,-0.20717072,0.10631646,-0.12854183,0.542916,0.124667585,0.34021166
-0.08673889,0.098348185,-0.22304267,0.096854046,-0.20364621,0.46095902,0.3943351,0.25856617
-0.0660074,0.1376729,-0.22044808,0.03870123,-0.28169352,0.26799297,0.52142733,0.14798908
-0.06697678,0.14772624,-0.1925067,0.051926516,-0.3533142,0.048705064,0.63718843,0.10868957
-0.055446588,0.13155505,-0.1935598,0.021922275,-0.38492566,-0.19835906,0.57369876,0.19341245
0.03621663,0.18655582,-0.1545498,-0.0010329381,-0.3236576,-0.39823472,0.40532678,0.28925967
0.13110746,0.23923942,-0.12438874,-0.023135785,-0.23767191,-0.49666584,0.15873489,0.33254954
0.1652309,0.25413847,-0.014397372,-0.009790805,-0.12306893,-0.52327645,-0.030062117,0.25434223
0.15671271,0.26846868,0.088974304,0.030991271,0.03196484,-0.47274125,-0.14735444,0.16185121
0.110886216,0.29127443,0.13798752,0.07943058,0.10939453,-0.40495616,-0.21284863,0.0071668904
0.060748387,0.29531187,0.13472888,0.17230397,0.13509971,-0.33122927,-0.1816954,-0.17722428
-0.030153722,0.30184036,0.08331055,0.24481592,0.07592686,-0.2583049,-0.16387293,-0.2838816
-0.09888563,0.26331842,-0.03614212,0.27905595,0.04183375,-0.19023,-0.1387283,-0.3687116
-0.15743896,0.14036995,-0.17400232,0.24614875,0.029585332,-0.12358998,-0.14884937,-0.47388715
-0.13094518,-0.029321715,-0.21383291,0.24534409,0.016262196,-0.06128511,-0.15556875,-0.53318286
-0.012757786,-0.190012,-0.20035738,0.17941378,-0.012713544,0.011629604,-0.2221472,-0.62044626
0.22708014,-0.20608081,-0.19167277,0.18280734,-0.024991635,0.10328601,-0.28392228,-0.57589364
0.4219124,-0.10113409,-0.1339106,0.1587195,-0.041320458,0.23185383,-0.38378912,-0.3854503
0.532076,-0.015678048,-0.059288066,0.12874688,-0.11745923,0.31594074,-0.41301575,-0.022516465
0.45366728,-0.026756525,0.0011164695,0.063460134,-0.17559601,0.4152153,-0.23791388,0.32475019
0.3907294,-0.099836215,0.06808484,0.0060300287,-0.24382776,0.46819907,0.05488193,0.435209
0.3605972,-0.18809216,0.096400954,-0.08590126,-0.3255287,0.31739458,0.33854952,0.33432028
0.36811507,-0.21395306,0.060433485,-0.24862103,-0.33770213,0.046341408,0.493057,0.17012666
0.33183643,-0.20606439,0.047257967,-0.35676298,-0.23304766,-0.24880467,0.44692528,0.054226175
0.274687,-0.22987296,0.02776394,-0.39600167,0.04641781,-0.4264589,0.36590192,0.053460523
0.2525249,-0.22501244,0.03338539,-0.45994866,0.3936004,-0.38052517,0.3290695,0.09584905
0.23911831,-0.18217866,0.01952304,-0.4079183,0.554275,-0.18055867,0.3108623,0.07917811
0.20382977,-0.15108076,0.044047095,-0.33454356,0.63188803,0.04986385,0.26533887,0.053920716
0.14509232,-0.15098687,0.07248109,-0.23313484,0.5819042,0.19716169,0.17786515,0.026023475
0.13632432,-0.109501705,0.089610584,-0.19364773,0.46782506,0.29232946,0.013200566,0.0076234695
0.10558893,-0.08375126,0.14755803,-0.12679525,0.36316586,0.34191608,-0.08827969,0.04059142
0.096151784,-0.040468067,0.17731535,-0.06317952,0.26448402,0.35463822,-0.13880834,0.116354376
0.082404345,0.03261114,0.21516871,-0.017754983,0.23475951,0.35839593,-0.14472981,0.16694707
0.046986196,0.11766495,0.26135874,0.038639694,0.17056683,0.36014527,-0.11224295,0.22891168
0.04754879,0.1825279,0.2553203,0.082572244,0.1285553,0.34945256,-0.05987879,0.2718093
0.03937049,0.26713783,0.21979117,0.21112888,0.09727024,0.36123532,0.06294778,0.25755557
0.115398124,0.29946125,0.14723632,0.27738,0.06500562,0.38237715,0.144274,0.22526596
0.15534458,0.34275478,0.08643753,0.36932838,0.09457072,0.38051397,0.2257101,0.20612136
0.15070868,0.34523463,-0.008266896,0.40221575,0.10925973,0.41036415,0.2601665,0.11701578
0.09657106,0.33794624,-0.103415236,0.40985605,0.15761173,0.41540432,0.25269032,0.048783734
0.03176845,0.3578375,-0.27543846,0.37689832,0.21094114,0.4251685,0.14693758,-0.029345106
-0.046830244,0.3045565,-0.36739853,0.27588367,0.33806798,0.40043962,0.06011206,-0.033205286
-0.08077837,0.2113852,-0.46376508,0.1744917,0.2772504,0.40454918,-0.054079324,-0.01061116
-0.10332929,0.14444226,-0.5094093,0.046431635,0.16157714,0.3899578,-0.10309663,0.0067353062
-0.12466469,0.043658085,-0.47759643,0.0066621923,-0.07439457,0.41874355,-0.0982507,0.024556099
-0.13999826,-0.031907648,-0.45755267,0.00736335,-0.23074791,0.39481425,0.0032328665,0.041654866
-0.15158036,-0.10144785,-0.42075592,0.053326134,-0.39046288,0.36010903,0.1264635,0.031563897
-0.18851581,-0.1585126,-0.3869637,0.1527583,-0.434465,0.28711718,0.28846496,0.008505844
-0.19491607,-0.23072846,-0.35774824,0.18714742,-0.48177633,0.17312354,0.37885255,0.010739723
-0.21746588,-0.26211417,-0.29668865,0.21587677,-0.4853915,0.026821323,0.44517577,0.015754346
-0.23540872,-0.28440708,-0.21637028,0.223216,-0.49635178,-0.09964688,0.42702895,0.09308916
-0.23786077,-0.22651298,-0.11276253,0.16715215,-0.45818123,-0.20258452,0.37041414,0.18573172
-0.23208207,-0.15050864,-0.07826249,0.114245124,-0.4485451,-0.2958343,0.2679908,0.2397434
-0.19018197,-0.018351734,-0.08804847,0.056201756,-0.40059093,-0.3297748,0.10683328,0.21979849
-0.25900245,0.05330983,-0.11327955,0.0036879592,-0.33876404,-0.3274516,-0.04439961,0.12757204
-0.21636462,0.067556076,-0.10794129,-0.018454695,-0.28420162,-0.3017941,-0.14278284,-0.049207754
-0.22697255,0.021797001,-0.1395494,-0.045418344,-0.20498636,-0.23725216,-0.18840784,-0.23759921
-0.18024427,-0.08397035,-0.12341721,-0.07084791,-0.21794942,-0.19077893,-0.17844313,-0.38324317
-0.042208716,-0.15888464,-0.10122623,-0.10739242,-0.16341934,-0.14930956,-0.18895641,-0.5044084
0.14435422,-0.20593093,-0.0887931,-0.12284657,-0.16065744,-0.12936254,-0.16492909,-0.5507268
0.2856948,-0.14388344,-0.07547809,-0.18351288,-0.12341154,-0.10579495,-0.21263325,-0.50233483
0.4268895,-0.06415962,-0.01059594,-0.20086566,-0.08828709,-0.085509196,-0.2061896,-0.48682183
0.4726362,0.00491599,0.08788369,-0.23282872,0.007991113,-0.06831433,-0.21464619,-0.3660494
0.50348973,0.053882882,0.2851556,-0.21774475,0.106558345,-0.05305974,-0.23567808,-0.26987517
0.51059914,0.026737131,0.43796265,-0.13412765,0.25824708,-0.035431758,-0.23912933,-0.16488394
0.48680255,-0.085223004,0.5252499,0.01132954,0.41346183,-0.04127524,-0.2694733,-0.020230865
0.46905693,-0.22864188,0.5303088,0.10831343,0.47895032,-0.04458508,-0.32876045,0.11811961
0.38511717,-0.33358127,0.49400985,0.11967543,0.48206687,-0.09364337,-0.29626495,0.20546663
0.3031224,-0.39624184,0.40432912,0.10046618,0.5368163,-0.12220298,-0.30367875,0.24714887
0.17605504,-0.34785497,0.36234075,0.09705942,0.5643039,-0.15613152,-0.30643868,0.21202964
0.110067,-0.30459052,0.32386172,0.10887727,0.5938701,-0.22881009,-0.28105038,0.094776645
0.11669828,-0.2593903,0.33088046,0.15365176,0.5968977,-0.2998742,-0.25190017,-0.0027643526
0.13800605,-0.20925839,0.36885688,0.21132173,0.57731897,-0.32774842,-0.19285077,-0.13747896
0.19605151,-0.18898182,0.37480932,0.28067923,0.5030593,-0.3644439,-0.0862414,-0.22041824
0.21437943,-0.16982521,0.3680315,0.31573972,0.3632002,-0.36670977,0.025705785,-0.26209664
0.24307969,-0.13130149,0.36603323,0.31624007,0.2085185,-0.3282404,0.06741315,-0.28593937
0.20228887,-0.13620467,0.34147695,0.25040329,0.12294973,-0.2776332,0.13235438,-0.29491282
0.14822994,-0.09291634,0.3587392,0.20003562,0.05775345,-0.2580135,0.122180685,-0.32267636
0.07246646,-0.06333229,0.37947804,0.16210437,0.01865115,-0.22233476,0.14294374,-0.3083874
0.033003937,-0.04516156,0.37077755,0.13563088,0.051794134,-0.18192966,0.13289052,-0.3390981
-0.04687772,-0.0062066913,0.34344676,0.114200816,0.08704046,-0.18133299,0.11976439,-0.3376871
-0.09841118,0.024030622,0.3114359,0.147507,0.11289113,-0.16076943,0.10843851,-0.36246973
-0.19887105,0.035113223,0.24441412,0.16307849,0.08604243,-0.15742402,0.10129273,-0.3541705
-0.29097328,0.039493408,0.18390602,0.16398972,0.09323094,-0.12197511,0.08289465,-0.38298976
-0.3400328,-0.053692475,0.10602894,0.1646473,0.09536854,-0.06699385,0.0485757,-0.42742938
-0.2684384,-0.13803025,0.10305516,0.1555634,0.06432987,-0.008913137,0.0061639547,-0.50527734
-0.19054815,-0.22454081,0.13724947,0.08163713,0.076706864,-0.01830472,-0.07002525,-0.5210299
-0.019312516,-0.28342575,0.123170115,-0.033116955,0.074938454,0.027665146,-0.14055493,-0.577208
0.22326735,-0.2849028,0.12471493,-0.08604082,0.09504118,0.04594295,-0.207609,-0.5280889
0.46163267,-0.20003618,0.097523935,-0.1400688,0.11395613,0.090734616,-0.3110724,-0.42452708
0.57060635,-0.1256937,0.11913379,-0.17409924,0.11727636,0.079350606,-0.370005,-0.20982684
0.5869338,-0.19864081,0.13582438,-0.2186874,0.13084197,0.12081701,-0.35764188,0.07059327
0.47242138,-0.283863,0.08619844,-0.2442346,0.12275129,0.13147151,-0.3086633,0.34014666
0.27145392,-0.35346222,-0.013605259,-0.31437647,0.08091181,0.15713967,-0.24235746,0.4742621
0.0918885,-0.29297805,-0.059520885,-0.36208767,0.013160519,0.14231177,-0.12066741,0.49927652
-0.038768657,-0.19986828,-0.07617501,-0.39307505,-0.07460771,0.07363705,-0.003106922,0.46168336
-0.087770306,-0.07850216,-0.05791565,-0.42995667,-0.11506971,-0.010528825,0.05892764,0.40662062
-0.073531546,0.05453989,0.01623784,-0.4676609,-0.04797262,-0.12661892,0.025738299,0.32182735
-0.077349775,0.18706591,0.14473769,-0.39318377,0.12650219,-0.16255698,-0.019471355,0.2894065
-0.06577093,0.31606483,0.25798208,-0.24522932,0.33089903,-0.12973996,-0.021894574,0.21095029
-0.05999764,0.4229235,0.3089007,0.047373556,0.4924934,-0.08402158,-0.041721806,0.14020316
-0.07419998,0.5089265,0.16261345,0.35198116,0.4127717,-0.09803969,-0.05999793,0.058339085
-0.11392742,0.5319706,-0.18100503,0.43689823,0.35451376,-0.11616367,-0.09174088,-0.021277823
-0.19089389,0.43945724,-0.47331694,0.29971775,0.31166267,-0.12255843,-0.07481964,-0.10403452
-0.24209094,0.18336597,-0.61175376,0.13322572,0.2898255,-0.119238526,-0.09826389,-0.24497196
-0.24539185,-0.10137728,-0.6280252,0.020348238,0.1573655,-0.0702652,-0.1482009,-0.3419741
-0.084251545,-0.3455041,-0.5749029,0.06265787,0.0672062,-0.04439877,-0.16876577,-0.45024654
0.17973632,-0.40950114,-0.51391464,0.15413874,0.017938972,0.028665692,-0.20142195,-0.45139638
0.40537375,-0.2934423,-0.50866073,0.2428638,0.0021332055,0.11275238,-0.24369168,-0.37561315
0.54321325,-0.1375359,-0.48453093,0.28791198,0.011776619,0.18547419,-0.29618824,-0.14576904
0.5317969,0.006235026,-0.40190023,0.26829845,0.019485958,0.29399684,-0.26672772,0.15077224
0.45891753,0.0060931444,-0.32640612,0.24519314,0.057997085,0.37737972,-0.14650306,0.34825087
0.3949098,0.0013917536,-0.25033247,0.21592101,0.035765164,0.38471246,0.046657175,0.46124905
0.4056588,-0.04356134,-0.17203419,0.16813886,-0.020866752,0.39295036,0.24238771,0.39612034
0.39122528,-0.089298874,-0.12296725,0.14960025,-0.04652065,0.32915932,0.3982972,0.23677637
0.38278115,-0.07839109,-0.060259912,0.12704082,-0.08393048,0.28152156,0.45716703,0.009712544
0.27061567,-0.050628282,-0.0189199,0.08799878,-0.13384831,0.17751274,0.456339,-0.18023479
0.16388708,-0.036577433,0.021555535,0.022404164,-0.17253843,0.044661295,0.409746,-0.25088185
-0.0066197217,-0.025808014,0.03727179,-0.023884216,-0.16227612,-0.03803143,0.3754501,-0.25089356
-0.12483751,-0.02714993,0.07902042,-0.095297545,-0.08754323,-0.18616451,0.33926964,-0.21736993
-0.21037495,-0.018963099,0.06601567,-0.091602586,0.008438423,-0.21235491,0.31452125,-0.17192878
-0.2872499,-0.0031961128,0.08750687,-0.08590016,0.11889548,-0.25316525,0.29235822,-0.07695814
-0.3352555,0.07124102,0.042478405,-0.0947676,0.21552244,-0.23215313,0.27397153,-0.015815366
-0.3683056,0.11603208,-0.01095251,-0.05160082,0.28238043,-0.21093036,0.24667001,0.053070053
-0.3985292,0.1840592,-0.11323732,-0.024728993,0.29863402,-0.14507176,0.23402065,0.057540793
-0.3983986,0.18089312,-0.214966,-0.022846883,0.27587825,-0.12621962,0.20630339,0.05757139
-0.4335043,0.15132497,-0.28881037,-0.041553173,0.20275724,-0.068415195,0.15134281,0.02789613
-0.43511245,0.067311786,-0.37941724,-0.10099909,0.12361849,-0.052461803,0.12337892,0.05200102
-0.41421694,-0.030905396,-0.37603077,-0.12354614,0.036412127,-0.047204375,0.10827443,0.0046561155
-0.40626353,-0.1792909,-0.36154455,-0.12040638,-0.04195074,-0.09681666,0.05100803,-0.030848032
-0.41053492,-0.28084552,-0.3282926,-0.083516605,-0.11838433,-0.1339356,0.065074354,-0.049304534
-0.35384092,-0.38376844,-0.2065407,-0.08065086,-0.15300734,-0.13971329,0.02415961,-0.17955023
-0.25103292,-0.46381056,-0.13358796,-0.09965712,-0.13822384,-0.1646665,0.017481685,-0.23070799
-0.081924744,-0.49903476,-0.11221264,-0.14332347,-0.12362811,-0.15687487,-0.011861242,-0.2864556
0.08730455,-0.50855875,-0.122840494,-0.23400308,-0.062756285,-0.19702764,-0.021175474,-0.32789558
0.2707952,-0.48374605,-0.27223125,-0.22676422,-0.02317001,-0.21915586,0.01547569,-0.34103924
0.4064975,-0.32015425,-0.39486554,-0.1286118,-0.062394712,-0.22544931,-0.0076817125,-0.40686846
0.45507744,-0.1854897,-0.41429973,-0.11428559,-0.105012774,-0.22262274,-0.0053333268,-0.33933502
0.46548685,-0.035249084,-0.3309952,-0.07833943,-0.14093727,-0.23485218,0.019277453,-0.3207931
0.38612714,0.11105343,-0.1692962,-0.075304374,-0.10622512,-0.25418222,-0.03413894,-0.32588112
0.27796334,0.20097752,0.010694347,-0.111181006,-0.044671655,-0.2402652,-0.014375478,-0.33793345
0.17205754,0.20093083,0.15947694,-0.072943136,0.061776854,-0.24009742,-0.0043045133,-0.34616733
0.05928345,0.2084621,0.19785228,-0.0093596885,0.14174458,-0.2211761,0.04318887,-0.3777577
-0.08628131,0.15540998,0.2257387,0.10896328,0.20647913,-0.18381692,0.033087075,-0.43476343
-0.19573727,0.120482065,0.12502852,0.1507194,0.22031665,-0.1554145,0.027170181,-0.4373137
-0.29636037,-0.0011188909,0.049644314,0.1923852,0.18724862,-0.14647205,0.033876777,-0.498462
-0.28100315,-0.12524281,-0.020980205,0.17691365,0.1774151,-0.10422242,0.023652852,-0.54167944
-0.22174147,-0.26909548,0.054029547,0.12774317,0.098164834,-0.07130721,-0.0012595057,-0.5518874
-0.0044855624,-0.33352858,0.057776667,0.09348333,0.12441855,-0.036182135,-0.055814274,-0.62781876
0.25786194,-0.34589458,0.060910948,-0.034587808,0.12897229,-0.011734374,-0.112976596,-0.6075833
0.4889323,-0.24051116,0.01968772,-0.055534292,0.15378863,0.017308045,-0.19237372,-0.50636864
0.6176607,-0.14133915,0.034772433,-0.11620249,0.15141553,0.054402046,-0.23778893,-0.3558552
0.6707213,-0.08492614,0.12984371,-0.12267849,0.15323773,0.075278595,-0.30780298,-0.06017186
0.6502716,-0.15451519,0.2005648,-0.11620729,0.13408601,0.08604318,-0.289276,0.14722392
0.49946323,-0.2778548,0.1555582,-0.1765886,0.15710193,0.10472341,-0.25706762,0.35167244
0.30098855,-0.37044483,0.041121513,-0.2323729,0.14760989,0.1246598,-0.20332181,0.5044765
0.09105848,-0.32569194,-0.030995715,-0.2743794,0.095255606,0.13159475,-0.11048323,0.51323366
-0.031081878,-0.21752577,-0.08216103,-0.30310076,0.023950934,0.068564534,-0.029966332,0.49911448
-0.095220216,-0.11545251,-0.05082103,-0.36466658,-0.028328724,0.040865444,0.027228087,0.42056522
-0.07883919,0.023301262,-0.0013659298,-0.35104862,-0.06842199,-0.022136748,0.069747925,0.3744133
-0.101231314,0.13748275,0.08798481,-0.3648476,0.03443457,-0.080353364,0.054266676,0.30961835
-0.048546523,0.2673378,0.22655839,-0.2579787,0.20139855,-0.08813125,0.06060931,0.26380378
-0.020848297,0.3680957,0.30571055,-0.045891646,0.33192635,-0.058225483,0.018153891,0.16487874
0.0100149475,0.4821874,0.2773552,0.18653433,0.32845178,-0.04933223,-0.022025019,0.16188522
-0.0125413835,0.5226281,0.05636912,0.3722854,0.28601184,-0.027680844,-0.012357473,0.09322144
-0.014815681,0.5552152,-0.20590043,0.46439728,0.2377803,-0.0061552897,-0.049166456,0.08489984
-0.09256972,0.5009594,-0.4601801,0.3323846,0.24022555,-0.014132991,-0.052040204,-0.005280984
-0.09974901,0.37748748,-0.5726508,0.11858668,0.23112887,0.04712935,-0.0837778,-0.0126111265
-0.15177765,0.23040265,-0.6014099,-0.031559136,0.0759676,0.054371458,-0.11744104,-0.087600976
-0.16192806,0.034506124,-0.57979,-0.098933466,-0.1258412,0.054613248,-0.120805405,-0.16784509
-0.13765189,-0.112739325,-0.54538673,-0.058995772,-0.2823946,0.07438195,-0.12455548,-0.20318986
-0.056483828,-0.25391066,-0.47587144,0.1074578,-0.36774227,0.14131512,-0.13468651,-0.24641038
0.028724108,-0.30611277,-0.45205334,0.20396544,-0.4103616,0.24063781,-0.07855039,-0.24411947
0.13604137,-0.30535775,-0.36001462,0.28255832,-0.3891311,0.37180895,-0.043606006,-0.19273235
0.21337166,-0.3105412,-0.3045426,0.32471266,-0.2817942,0.51421654,0.061007485,-0.15142316
0.18435845,-0.26287776,-0.2741624,0.33624,-0.19940758,0.58383,0.09490086,-0.10467382
0.21968147,-0.24070154,-0.22022966,0.31622815,-0.11783655,0.6237252,0.13124025,-0.1597621
0.17081785,-0.20774262,-0.19918329,0.2860477,-0.075727776,0.61162835,0.1042504,-0.15675019
0.19924328,-0.22339965,-0.13423045,0.25857824,0.00790453,0.64910054,0.056058213,-0.14829808
0.15367669,-0.18515079,-0.096373916,0.21428789,-0.034782797,0.6761472,0.015050158,-0.07737754
0.15475532,-0.12567174,-0.09443724,0.17386891,-0.05791373,0.67313206,0.03543991,-0.037637718
0.14531168,-0.115872085,-0.055768147,0.14534676,-0.12088792,0.6581023,0.08459397,-0.02790396
0.10660732,-0.08955288,-0.023075983,0.073572785,-0.18754965,0.62939566,0.18820855,-0.029127492
0.04457119,-0.093844116,0.013885707,0.010501885,-0.2838214,0.5039419,0.28114176,-0.11326522
-0.032190435,-0.055150494,0.029805385,-0.0578203,-0.36531323,0.31179208,0.34369004,-0.16409582
-0.13563588,-0.08048397,0.024316326,-0.13089181,-0.41335067,0.08428794,0.39024562,-0.20737338
-0.22610596,-0.06835957,0.03734552,-0.255236,-0.33625886,-0.19492756,0.35172653,-0.16447666
-0.30396777,-0.024495214,0.0818272,-0.29632476,-0.15789455,-0.36134303,0.2689084,-0.031520255
-0.33194563,0.045719646,0.05785898,-0.30534548,0.17469719,-0.4399444,0.21832192,0.019167807
-0.35353363,0.18649834,0.09441876,-0.21877767,0.41246563,-0.34900153,0.253596,0.060268134
-0.36895677,0.284385,0.02017396,-0.106193386,0.5502086,-0.23097636,0.25790507,0.15218963
-0.3363604,0.37485784,-0.09366627,-0.0045523252,0.5621883,-0.10623057,0.21943685,0.13514994
-0.37365323,0.37250394,-0.25297296,0.0025957339,0.5068468,-0.023710512,0.18653569,0.14254822
-0.31006232,0.35368407,-0.35257915,-0.07709402,0.37142697,0.04346186,0.13855425,0.15494187
-0.3202001,0.2904879,-0.41670534,-0.17877449,0.21110278,0.07346829,0.10198125,0.100887485
-0.3236872,0.18617284,-0.39656717,-0.23842743,0.021842062,0.06474841,0.09732574,0.042691257
-0.35125172,0.08624429,-0.38814592,-0.25982833,-0.2005814,0.0050217286,0.0910227,0.033458553
-0.34978202,-0.025676437,-0.35963038,-0.21954489,-0.28161195,-0.13205938,0.07078567,-0.035114422
-0.36872998,-0.13753717,-0.33131155,-0.21135019,-0.32067487,-0.21677689,0.043533176,-0.099131584
-0.3306124,-0.26814163,-0.2761055,-0.15713215,-0.281032,-0.31455904,-0.018187903,-0.211142
-0.2116426,-0.4052372,-0.24739075,-0.16819057,-0.24391511,-0.32065785,-0.06012673,-0.32506654
-0.032332294,-0.47579426,-0.22366172,-0.15937735,-0.16447155,-0.3438251,-0.02489543,-0.42186293
0.21586767,-0.4898395,-0.2957663,-0.15712592,-0.0821924,-0.35202932,-0.0001360327,-0.47093976
0.37640476,-0.3538875,-0.37765467,-0.10002639,-0.05294834,-0.36685437,0.038453788,-0.4929656
0.4369783,-0.20019542,-0.39078543,-0.032905597,-0.06400493,-0.39067036,0.110533714,-0.48716372
0.3853044,-0.011231154,-0.33194938,-0.0426202,-0.037731424,-0.3819669,0.15778977,-0.4924739
0.20990828,0.071556225,-0.21823102,-0.04216272,0.017934427,-0.38923472,0.23188269,-0.46260026
0.0330565,0.043542802,-0.17452714,-0.04390182,0.07244267,-0.43645328,0.2805111,-0.44819352
-0.14985424,-0.0138812065,-0.10932651,-0.04700653,0.10584309,-0.44044435,0.34750658,-0.34296882
-0.28029394,-0.106030524,-0.106440745,-0.09232899,0.22610569,-0.40231568,0.4118662,-0.20407511
-0.30442384,-0.12770267,-0.099987134,-0.08214185,0.29883745,-0.31618398,0.39253426,0.015555464
-0.34175843,-0.09659846,-0.07724568,-0.0712319,0.35894188,-0.26808614,0.38723648,0.1628048
-0.2918087,0.045728587,-0.08885525,-0.111880794,0.37468264,-0.16161428,0.35803255,0.27350456
-0.22057816,0.16389811,-0.11381286,-0.047594707,0.38366556,-0.09176482,0.29976618,0.31499398
-0.11371107,0.2498537,-0.12650612,-0.044493992,0.3209334,0.0014435872,0.28314415,0.31907454
-0.01261919,0.29717207,-0.120762825,-0.025119394,0.2685347,0.016250461,0.3058833,0.27335775
0.078258395,0.35799944,-0.06362567,0.014664081,0.2349113,0.066221535,0.26453274,0.2568041
