0.23199044,0.1820714,-0.17892963,-0.11726396,0.18465377,-0.15134503,-0.10683132,-0.049065195
0.21766552,0.15015799,-0.12338029,-0.09038196,0.16002832,-0.12935014,-0.082750365,-0.030570872
0.20739837,0.1462156,-0.117273934,-0.07948365,0.09028921,-0.11152133,-0.0771192,-0.008317718
0.16445452,0.10567951,-0.08218836,-0.050541442,0.08342206,-0.0893861,-0.030741557,0.0073658684
0.13963886,0.120626025,-0.08447945,-0.034032002,0.037505426,-0.051678933,-0.010120147,0.015669873
0.11956681,0.08455305,-0.060011696,-0.029358597,0.046526298,-0.039184783,0.0015204276,0.034754384
0.08126558,0.07476452,-0.04619312,0.013148541,-0.020175789,-0.015438001,0.01093915,0.050296687
0.10527699,0.040278975,-0.0063914214,0.020561177,-0.017049618,-0.009989197,0.05440575,0.09210526
0.0797033,0.036323808,0.0010323186,0.026782377,-0.044010576,0.0154890325,0.064497955,0.098457314
0.042350255,-0.0014991041,0.0106858965,0.06150222,-0.06972584,0.0049349116,0.084523305,0.105792224
0.045483246,0.017218359,0.024325987,0.07802885,-0.10004558,0.037282858,0.12346777,0.14789456
0.0145594245,-0.03325903,0.0670949,0.073731296,-0.10685353,0.05186322,0.10451789,0.1511912
0.010408897,-0.044014074,0.07710728,0.07881087,-0.13938785,0.06214784,0.1525983,0.15508404
-0.015778268,-0.08842566,0.079595186,0.10828243,-0.114699215,0.08874485,0.16885594,0.15273517
-0.033314656,-0.102871045,0.10424754,0.11534538,-0.14461073,0.10150436,0.16564484,0.18833
-0.03696963,-0.10310586,0.10128184,0.11787832,-0.21147233,0.15064737,0.15121181,0.17844732
-0.049208503,-0.121746995,0.13256852,0.12238901,-0.21182603,0.15084228,0.17423671,0.18268007
-0.07505898,-0.15683573,0.1130025,0.12673956,-0.23133634,0.15673116,0.16670889,0.19458635
-0.095731914,-0.13833074,0.09842841,0.14549078,-0.28351292,0.18038562,0.16626951,0.18299927
-0.116702974,-0.13137396,0.080814436,0.15636297,-0.31273574,0.1557388,0.13112673,0.22585
-0.16421832,-0.13627587,0.070979364,0.18876417,-0.36629418,0.17347422,0.1310807,0.2545824
-0.20652844,-0.10863481,0.048979938,0.21299078,-0.38807875,0.13968532,0.10557427,0.29056603
-0.19459864,-0.036337573,0.04981569,0.270981,-0.40792784,0.07710723,0.08535499,0.33299235
-0.1850029,0.028378934,0.077149615,0.34274715,-0.39703012,0.002811946,0.10228816,0.38719556
-0.13579366,0.132751,0.09230206,0.4210085,-0.36368012,-0.0991203,0.12775931,0.43514353
-0.02649045,0.22140034,0.08537907,0.51006234,-0.24854417,-0.17144583,0.14273034,0.51324034
0.1208743,0.2537637,0.13528548,0.5954922,0.01992902,-0.24087416,0.15266532,0.5803348
0.3075536,0.22443539,0.12036615,0.5804479,0.27162495,-0.22383475,0.13584375,0.5584494
0.4368478,0.16437905,0.13617577,0.5214665,0.47925478,-0.13255163,0.17800073,0.50715584
0.5121014,0.08993626,0.22790968,0.42766184,0.5904646,-0.060922496,0.24079423,0.4195171
0.56630605,0.07336235,0.3350454,0.20752217,0.6216565,-0.0012951412,0.37414098,0.244121
0.5969099,0.15852599,0.41369507,-0.090728186,0.6562897,-0.1569687,0.47475708,0.02923609
0.55322737,0.33158562,0.41429418,-0.25134552,0.637136,-0.3248834,0.50895804,-0.16967887
0.48564765,0.44803858,0.36418754,-0.28214547,0.54652214,-0.4419254,0.42074177,-0.17237942
0.43928692,0.5133879,0.28031385,-0.18963593,0.46006453,-0.5168125,0.34783998,-0.08128568
0.42121795,0.5350319,0.2115059,-0.08579545,0.3993022,-0.52798754,0.29180354,-0.0008021666
0.47639835,0.5505954,0.08559489,0.019578623,0.4330312,-0.5099007,0.18874855,0.05859972
0.52117413,0.5115238,-0.032425854,0.062997065,0.5111478,-0.50926864,0.05817127,0.10829235
0.5604033,0.42809942,-0.18285336,0.09834705,0.56777686,-0.44270897,-0.06641961,0.14549467
0.56547076,0.32549447,-0.27137953,0.12595272,0.5774466,-0.3486766,-0.14911677,0.14084008
0.53469855,0.20813192,-0.30430198,0.122566275,0.53612125,-0.23317856,-0.16990378,0.1311534
0.48529312,0.12620711,-0.2358541,0.14505842,0.48049814,-0.1121064,-0.13285364,0.14937134
0.41597188,0.053281188,-0.12862475,0.14005087,0.40672806,-0.044649415,-0.09566699,0.16087651
0.38059896,0.004352393,-0.010195007,0.114401534,0.3656879,-0.019772284,-0.00045922396,0.15563889
0.35336292,0.01324584,0.09744395,0.08513528,0.32154235,0.02222637,0.06819974,0.10336696
0.32305595,-0.013546629,0.17004406,-0.016465904,0.32026225,0.037049927,0.17444237,0.04669492
0.3080889,0.0082576815,0.22130464,-0.10218335,0.3058162,0.02690612,0.23755921,-0.016725397
0.30664366,0.011922044,0.2507194,-0.19997092,0.2629281,0.009420668,0.2691059,-0.08450581
0.26698324,-0.0068555702,0.24061632,-0.27270713,0.22332606,0.0171052,0.29113027,-0.117362395
0.25250518,-0.03614117,0.22570726,-0.31833723,0.14121191,0.0343451,0.26222017,-0.1595037
0.20482464,-0.06849302,0.18765566,-0.3668199,0.12612855,0.08733152,0.18498182,-0.20666982
0.16077797,-0.09302917,0.12462035,-0.36034042,0.0805164,0.13293964,0.17684007,-0.23989329
0.16144663,-0.16154267,0.011321061,-0.40327293,0.06381909,0.18483014,0.09313688,-0.27596143
0.14837919,-0.18780813,-0.08159056,-0.40093005,0.10261258,0.25583923,-0.008073512,-0.29698563
0.1941764,-0.19981638,-0.17231208,-0.38987967,0.1303561,0.29896593,-0.09173333,-0.29742444
0.23696464,-0.2295096,-0.23506019,-0.3811568,0.1950792,0.28571057,-0.14496985,-0.26740342
0.27185863,-0.22300287,-0.26091012,-0.32196772,0.25921735,0.26944354,-0.14584962,-0.23066333
0.27179372,-0.2368976,-0.25611642,-0.24371742,0.28951228,0.2758775,-0.16878246,-0.19230942
0.30103672,-0.22587335,-0.22526391,-0.22488947,0.2897076,0.28988433,-0.15513906,-0.17728086
0.27965602,-0.24673122,-0.19836925,-0.16269982,0.25723714,0.26675567,-0.11819535,-0.16818449
0.2753016,-0.23271057,-0.16699558,-0.16727616,0.21892633,0.26969284,-0.08034081,-0.14612682
0.25418916,-0.24911615,-0.12822606,-0.18335411,0.18550886,0.27120677,-0.085747026,-0.13507362
0.25147468,-0.24291472,-0.07809194,-0.19330426,0.13401505,0.2783545,-0.12971805,-0.1290322
0.24046125,-0.26475534,-0.09102715,-0.2346583,0.12729849,0.32269216,-0.11517478,-0.13457167
0.20651516,-0.25363824,-0.08437374,-0.24043271,0.08778373,0.3292251,-0.14128649,-0.11771943
0.21178606,-0.2664337,-0.10291324,-0.22862464,0.099063955,0.33292145,-0.14906105,-0.07762195
0.1754563,-0.26426893,-0.1509886,-0.22560388,0.05445256,0.31567544,-0.14959171,-0.06221432
0.123192586,-0.27962455,-0.18864687,-0.22180113,0.051952645,0.35874406,-0.15994222,-0.024926199
0.081475586,-0.26513326,-0.25162593,-0.18539226,0.031321276,0.31144425,-0.12030783,-0.0064129136
0.034164358,-0.24215241,-0.32643366,-0.1419713,0.045443892,0.36342597,-0.12650757,-0.0009186899
-0.024517544,-0.19941123,-0.37020963,-0.064889036,-0.04653068,0.31799978,-0.1123119,0.0027179725
-0.066749185,-0.10551671,-0.41485777,-0.028018959,-0.15300527,0.3235115,-0.14505038,0.028883372
-0.1353421,-0.016934587,-0.42124024,-0.011706041,-0.26879728,0.28611407,-0.22966206,0.049970873
-0.17433149,0.06555699,-0.42607895,-0.059898715,-0.3637038,0.19408129,-0.28295216,0.084173374
-0.19688128,0.21036522,-0.42922017,-0.10495703,-0.4537109,0.09765513,-0.3330287,0.06882945
-0.22383708,0.30127326,-0.37383118,-0.16386409,-0.4450744,-0.015605189,-0.38617384,0.04226109
-0.23046586,0.3449673,-0.26659054,-0.17578162,-0.4509229,-0.086451136,-0.38906708,0.015874632
-0.2513599,0.32765228,-0.1595901,-0.12630147,-0.46020266,-0.17376445,-0.3620852,-0.07176894
-0.23940998,0.2653624,-0.084188774,-0.0344394,-0.4304558,-0.25909293,-0.32352245,-0.120982654
-0.23104616,0.17016785,-0.06372857,0.05924643,-0.4092037,-0.3507852,-0.20673402,-0.12352829
-0.25624147,0.033416975,-0.065931976,0.10211734,-0.33385146,-0.40406284,-0.059660044,-0.11491173
-0.23059763,-0.049393326,-0.0879703,0.14201634,-0.18910477,-0.42064172,0.033760663,-0.019946767
-0.24517997,-0.029896397,-0.0989197,0.16049393,-0.09843264,-0.41485125,0.06859204,0.119290225
-0.21213877,0.068516,-0.15418293,0.15772974,-0.034216713,-0.41184354,0.034845706,0.28760454
-0.22223754,0.20707259,-0.12532698,0.17706436,0.059611015,-0.39038906,0.007846146,0.4008463
-0.12104162,0.33063868,-0.08190775,0.17674775,0.13455175,-0.36652663,-0.0447282,0.4525561
0.029070558,0.42265493,-0.0694312,0.23655239,0.21031386,-0.30814165,-0.10873324,0.5048307
0.15987295,0.44681138,-0.11872868,0.25390968,0.27127096,-0.25771132,-0.14506096,0.48479196
0.24144158,0.427555,-0.1849739,0.26574603,0.34068927,-0.1915891,-0.18552804,0.49198458
0.36508262,0.35259715,-0.27186835,0.26358798,0.26895618,-0.15585068,-0.15993136,0.4676773
0.43030575,0.2428698,-0.322306,0.26350996,0.14902486,-0.12509505,-0.088507935,0.4779588
0.44457304,0.114290476,-0.2796836,0.27923748,0.1061089,-0.12184818,-0.04100258,0.4523022
0.40914437,0.0040063495,-0.13352004,0.2826419,-0.010337626,-0.11061216,0.04840539,0.43021792
0.36021554,-0.025514621,0.024372935,0.29055032,0.039210167,-0.12988941,0.04997729,0.38204512
0.2989521,-0.05808207,0.19383046,0.23087333,0.13398081,-0.114737086,0.12152793,0.3599585
0.25591815,-0.066064134,0.2907238,0.14588204,0.20903061,-0.09480102,0.15918429,0.33908552
0.25454855,-0.08428407,0.37004688,-0.013505442,0.27995506,-0.06497003,0.23388562,0.3089552
0.23372068,-0.110382505,0.4021442,-0.2085256,0.28033853,-0.08831535,0.29608083,0.3042153
0.23076019,-0.1295806,0.3424338,-0.3889196,0.18404654,-0.074109234,0.35945135,0.25054514
0.2510904,-0.14059828,0.25428778,-0.44660935,0.07140063,-0.023033828,0.38350725,0.22142646
0.25668,-0.14308253,0.1769876,-0.48766187,-0.0255488,0.09485585,0.38476652,0.15565133
0.26203936,-0.15064657,0.05215249,-0.4948339,-0.020164505,0.2542823,0.4146433,-0.0028189644
0.22674042,-0.15422767,-0.04606594,-0.49450845,0.071335666,0.33894923,0.35586,-0.17741016
0.21697113,-0.15358394,-0.1619124,-0.50324345,0.19497427,0.39269263,0.20312162,-0.3468894
0.20969781,-0.21497023,-0.26529896,-0.444574,0.28592843,0.4098593,0.044622615,-0.44261345
0.27611485,-0.21468946,-0.35127968,-0.36841246,0.4203851,0.33180287,-0.030105893,-0.44898435
0.359585,-0.19841951,-0.31985304,-0.28315535,0.4760728,0.27431443,-0.053513896,-0.48667997
0.41748554,-0.16417848,-0.25558892,-0.20295821,0.5045254,0.23848538,-0.08296363,-0.47423556
0.45733318,-0.11261073,-0.1541891,-0.16073734,0.44900265,0.23438878,-0.12390885,-0.46692392
0.5050042,0.010520301,-0.04755007,-0.18020183,0.39317927,0.23523903,-0.16073996,-0.3994238
0.49813253,0.092822894,0.004901791,-0.212152,0.3715158,0.24163988,-0.21458812,-0.344868
0.49303374,0.18252243,0.042387057,-0.23126756,0.30969122,0.25995865,-0.19666973,-0.2728957
0.4775592,0.26300725,0.039496936,-0.20983022,0.2795384,0.24297318,-0.20995055,-0.21954958
0.41961285,0.26913762,0.056697816,-0.1745864,0.2797124,0.2711465,-0.19104621,-0.14064685
0.39882237,0.2876422,0.04092692,-0.13376777,0.21198997,0.29091164,-0.16331932,-0.12668604
0.357468,0.29013625,0.028115453,-0.0796569,0.16921422,0.285103,-0.11980408,-0.09219183
0.33198097,0.3124014,0.028633257,-0.049596343,0.09669369,0.2731508,-0.15301237,-0.07691102
0.30192316,0.29078546,0.035019595,0.031544052,0.049185388,0.25501147,-0.114951916,-0.07492142
0.27168182,0.2579242,0.030757912,0.08032932,-0.031082338,0.25984538,-0.18641554,-0.06037915
0.24071017,0.23176837,0.0599238,0.17630918,-0.105421975,0.16070653,-0.20979924,-0.01948221
0.24065019,0.21845385,0.035371903,0.23487508,-0.16194014,0.09849024,-0.2445761,0.0019667905
0.18438816,0.16987349,0.09460856,0.31406733,-0.17338806,-0.010195051,-0.22251922,0.01923983
0.16118595,0.15157007,0.10957968,0.37096065,-0.11009278,-0.11528352,-0.20406896,0.059370745
0.1329719,0.13570939,0.17452535,0.39885977,0.101209186,-0.19463019,-0.18143474,0.10191233
0.078571275,0.084970556,0.20626883,0.37599826,0.27139884,-0.14675915,-0.12336175,0.121291004
0.048477255,0.010947375,0.26404282,0.2617258,0.42314455,-0.08615678,-0.08314981,0.1289067
0.0037154236,-0.07532378,0.26142302,0.03680984,0.48217645,-0.036520325,-0.009659198,0.14024024
-0.05154201,-0.13304432,0.2395679,-0.13128623,0.4923644,-0.019963928,0.070202716,0.17281568
-0.08723362,-0.14061266,0.10168006,-0.32389265,0.40521574,-0.08470425,0.1528965,0.23177634
-0.10558089,-0.11063764,-0.07335554,-0.3761892,0.3354862,-0.11465729,0.21618292,0.300423
-0.039894063,-0.000754468,-0.20206872,-0.37670976,0.31182638,-0.15087487,0.28326324,0.41438675
0.06570513,0.14627568,-0.2393098,-0.3293371,0.28802207,-0.17844962,0.31779927,0.50828505
0.24303101,0.16155979,-0.23352706,-0.29278475,0.23899871,-0.14136657,0.33714366,0.5165713
0.41297317,0.09346539,-0.18921036,-0.2687846,0.24018517,-0.16600965,0.35136488,0.4773454
0.5090925,-0.015547267,-0.14327033,-0.23833664,0.21072619,-0.13283278,0.37532115,0.38818842
0.5380884,-0.07986349,-0.037623882,-0.22808646,0.14963202,-0.08135447,0.38357732,0.21267849
0.52776706,-0.11169365,0.05778138,-0.27440283,0.106689,-0.011777646,0.42722663,0.022905232
0.5034668,-0.021935878,0.15650423,-0.28576165,0.028666165,0.04704261,0.3898063,-0.20919178
0.42138016,0.050307497,0.17521705,-0.28261065,0.02850271,0.12569623,0.32236162,-0.41964573
0.31952837,0.11330229,0.18327317,-0.24072537,-0.0042123916,0.18095577,0.17632486,-0.48700678
0.24095917,0.08258488,0.17959006,-0.20088598,-0.0632462,0.2571219,-0.082748294,-0.53093386
0.2747315,0.11027053,0.22483788,-0.14116761,-0.046901148,0.27007324,-0.31553113,-0.4493971
0.31077993,0.10278332,0.25217932,-0.060614023,-0.08122857,0.1874998,-0.43958804,-0.33302397
0.35168666,0.12256427,0.26193354,-0.0029112243,-0.07945566,0.11796803,-0.5115735,-0.1623549
0.33992627,0.15740485,0.2708829,0.06286054,-0.02643455,0.021234434,-0.51562965,-0.01754387
0.25715664,0.1554011,0.30803704,0.1733145,0.013962636,-0.08149247,-0.50275075,0.053151425
0.19623698,0.14210486,0.35734534,0.1575999,0.11612619,-0.07401616,-0.42902976,0.10909325
0.088893816,0.056829024,0.3899527,0.09554919,0.24984188,-0.060732298,-0.3669801,0.096881434
0.029462198,-0.012741201,0.4006058,0.01757858,0.3029388,-0.021385776,-0.32414198,0.101999834
-0.049396772,-0.080050975,0.33159804,-0.14354521,0.31147683,0.021023037,-0.22218773,0.1388315
-0.14665887,-0.15753397,0.15821806,-0.2755652,0.25616834,0.02482442,-0.14014852,0.14467755
-0.24658842,-0.18252316,-0.07411919,-0.3621948,0.20709944,0.05405724,-0.058551617,0.18387532
-0.2756815,-0.06870511,-0.2901578,-0.33716616,0.24290143,0.06568696,0.04530111,0.19608775
-0.26091415,0.14937794,-0.37875575,-0.25446174,0.22020473,0.067273006,0.14117432,0.29898432
-0.12522149,0.3470834,-0.3504882,-0.25023827,0.22822484,0.07774058,0.2981906,0.36873642
0.14187795,0.40118405,-0.21415725,-0.23273009,0.23635031,0.07335933,0.4194516,0.36475322
0.3866462,0.3628412,-0.2101685,-0.20218274,0.22017074,0.05426394,0.51268274,0.23673895
0.48393708,0.30752456,-0.21440928,-0.17037298,0.16178891,0.10308185,0.5751995,-0.033099685
0.40483183,0.28240567,-0.21140999,-0.11699627,0.09173995,0.1379566,0.5188799,-0.32893333
0.21259998,0.29059348,-0.18360433,-0.12289239,0.05149143,0.17514464,0.37862512,-0.47171742
0.048151776,0.20699465,-0.15522635,-0.06860927,0.011624364,0.21826321,0.2011683,-0.52989197
-0.027254142,0.076001965,-0.14536636,-0.0572732,-0.08325981,0.24408539,-0.048895437,-0.49834022
0.026710764,-0.05281538,-0.13587095,-0.03625145,-0.11960431,0.22364312,-0.29141542,-0.47650525
0.13033254,-0.15960638,-0.11653445,0.0010830271,-0.21378334,0.13810927,-0.4435784,-0.39478347
0.23587161,-0.1473912,-0.05577561,0.0222213,-0.2698672,0.027117487,-0.5051584,-0.27415007
0.3010486,-0.15662035,0.059730943,0.01144024,-0.2420652,-0.14899369,-0.4934421,-0.18558681
0.31910047,-0.13344124,0.173099,0.032436047,-0.16437918,-0.2677541,-0.4388626,-0.134473
0.31867474,-0.10165116,0.26107532,0.015959486,-0.08644972,-0.3326367,-0.38853332,-0.11886508
0.31097072,-0.10679416,0.35035688,-0.02820747,0.0024428244,-0.39177597,-0.32207274,-0.106458
0.2905861,-0.1047511,0.40258506,-0.11712806,0.048163313,-0.3630355,-0.26599464,-0.10377328
0.27343675,-0.089777134,0.41433302,-0.18824738,0.06475622,-0.31920132,-0.22356328,-0.07138795
0.22220826,-0.11615207,0.3793858,-0.25655413,0.0037195473,-0.2986296,-0.21285094,-0.07523024
0.19509654,-0.13913058,0.3447946,-0.28316617,-0.116578236,-0.24616653,-0.14452972,-0.02711908
0.14989081,-0.15688917,0.27134988,-0.29275656,-0.20765835,-0.16305998,-0.11869777,-0.021910949
0.10706157,-0.2118716,0.14656256,-0.30492833,-0.25859722,-0.0968545,-0.08388421,0.012499657
0.031749178,-0.26498705,0.043242227,-0.2982699,-0.30412945,0.00607346,-0.06805118,0.042448495
-0.029908847,-0.25322542,-0.13170479,-0.2735713,-0.29700872,0.052917246,-0.10873272,0.070017256
-0.117180794,-0.2089071,-0.30046615,-0.2103608,-0.26913282,0.0734692,-0.14977577,0.08482388
-0.18663882,-0.09328843,-0.4488453,-0.20749588,-0.26459345,0.13420834,-0.16605456,0.0949276
-0.22020543,0.069300205,-0.51738584,-0.20425688,-0.27652305,0.13468249,-0.19278078,0.120775655
-0.22606403,0.27426717,-0.49044067,-0.24007815,-0.25562832,0.18068,-0.17967823,0.12758411
-0.22848055,0.40714523,-0.34257275,-0.29354668,-0.23103231,0.19880675,-0.19306037,0.13953435
-0.19554946,0.47224703,-0.1509503,-0.26714835,-0.129992,0.23156981,-0.1826793,0.14596973
-0.12681228,0.4712041,0.008527281,-0.18115795,-0.14339928,0.2396301,-0.16929223,0.17982247
-0.06738415,0.4333195,0.1305822,0.006450087,-0.16226308,0.25553167,-0.13874854,0.18325998
-0.04582374,0.39883745,0.14291197,0.17035393,-0.19522928,0.1689363,-0.13355084,0.19285232
0.003985928,0.36813542,0.13296479,0.33427972,-0.19561996,0.10422839,-0.13130371,0.20347042
0.049556375,0.31320387,0.11478812,0.45942327,-0.17234714,-0.044081837,-0.12807222,0.20336854
0.09334566,0.28403163,0.06778624,0.55367106,-0.031095177,-0.13912225,-0.046406813,0.2294284
0.13711224,0.28739282,0.024877086,0.5943219,0.15746857,-0.13169144,-0.027150324,0.25831687
0.172779,0.2619088,0.011999315,0.6055249,0.26801795,-0.11559455,-0.0023423354,0.2684891
0.2147193,0.23691338,0.016359583,0.5878178,0.3534375,-0.061831057,0.031354453,0.2776443
0.26511508,0.21618992,0.019081026,0.55535966,0.3535306,0.010651163,0.10353142,0.26047963
0.34103116,0.19719185,0.03570361,0.51054245,0.31755877,0.05489885,0.23217404,0.16813953
0.36895463,0.17832108,0.08582643,0.4926357,0.282989,0.068746276,0.29169914,0.07544022
0.34668392,0.17788945,0.12316727,0.47967502,0.25274077,0.087811954,0.36244783,-0.062816285
0.3262097,0.19937944,0.17118949,0.4177057,0.25407118,0.093987115,0.3627929,-0.2061144
0.21294543,0.16719791,0.20036316,0.3919654,0.25701392,0.12537959,0.3009399,-0.3297251
0.10767493,0.07504426,0.24312893,0.36249158,0.26816538,0.13565892,0.27923876,-0.38205796
0.04529379,-0.02805198,0.29054064,0.27342492,0.25425553,0.16524482,0.17531134,-0.39986622
0.057126053,-0.18447836,0.3468423,0.06291495,0.2768142,0.17959526,0.10066926,-0.40390518
0.09583146,-0.32878715,0.31042635,-0.1504415,0.28695017,0.16827881,0.06280365,-0.3718362
0.2152193,-0.40059206,0.19715104,-0.39076024,0.2579916,0.16541663,-0.009573901,-0.38926613
0.30882198,-0.44018042,0.0069650775,-0.49611932,0.2257226,0.16223875,-0.10544481,-0.36707127
0.3906731,-0.38430473,-0.14244741,-0.5345052,0.29882377,0.18279228,-0.14651923,-0.35787612
0.4685266,-0.33065888,-0.21811527,-0.53409404,0.35128617,0.15842676,-0.17896482,-0.32448477
0.5068837,-0.25484872,-0.23449966,-0.530678,0.4467599,0.11037084,-0.12587823,-0.28914797
0.5111705,-0.20104246,-0.1970953,-0.49267796,0.45744163,0.07871935,-0.088501856,-0.24143468
0.5125342,-0.15102719,-0.13770038,-0.4588822,0.4979492,0.014046527,-0.06831257,-0.24559045
0.518513,-0.12152599,-0.11380441,-0.4814434,0.44034776,-0.048288886,-0.020761065,-0.26689476
0.5004027,-0.025205234,-0.08803269,-0.4715046,0.40406102,-0.11896728,-0.02249276,-0.29419684
0.47947708,0.008146329,-0.06369885,-0.47761133,0.35907006,-0.1528286,0.015051785,-0.2887382
0.44293094,0.07475057,-0.055871565,-0.47651607,0.28326735,-0.16092424,0.019200062,-0.28321117
0.40673494,0.11687815,-0.029358355,-0.42493406,0.21093044,-0.15821189,0.050741613,-0.28647426
0.355675,0.15531279,-0.025421292,-0.41283572,0.13904384,-0.121468544,0.05022442,-0.2973768
0.29980844,0.15654048,-0.0166409,-0.36104155,0.08321901,-0.06426428,0.024388155,-0.28563806
0.28993237,0.14540748,-0.0009973334,-0.32759935,0.040921796,-0.0050726994,0.018940158,-0.27739897
0.231951,0.12800534,-0.0043429243,-0.2809095,0.002317797,0.06078796,-0.07395855,-0.2894937
0.22432905,0.10126422,-0.008034991,-0.25168893,-0.0030589418,0.08161679,-0.12514551,-0.25787866
0.17599185,0.07232734,0.0014867893,-0.22505069,-0.029118203,0.1207698,-0.17974852,-0.24592245
0.19352353,0.013072379,0.012533386,-0.1957618,-0.027912099,0.14395446,-0.21420541,-0.22555436
0.18216771,0.002163865,0.017030533,-0.16926596,-0.08233079,0.14586735,-0.2803585,-0.16256905
0.17202497,-0.050220992,0.04994244,-0.16652226,-0.1120554,0.1531928,-0.29439163,-0.08178973
0.16808967,-0.062212233,0.04704761,-0.13924666,-0.10523523,0.1185499,-0.2993673,-0.048051823
0.08349044,-0.09728504,0.031206463,-0.117516,-0.12950362,0.05591886,-0.2978341,0.0139874555
0.013692782,-0.12969103,-0.0126183415,-0.09303359,-0.1646367,0.015140286,-0.31978142,0.012941733
-0.027272932,-0.1362102,-0.024311524,-0.06375698,-0.19614439,-0.023567474,-0.3091675,0.039181527
-0.12303132,-0.14084837,-0.13982663,-0.04560615,-0.215215,-0.045569293,-0.29119563,0.01980626
-0.15913683,-0.14360726,-0.19972128,-0.026682263,-0.21616343,-0.08367478,-0.24452707,0.027666228
-0.21669297,-0.07410209,-0.31479025,-0.024920775,-0.251024,-0.13886628,-0.25502375,-0.0067440886
-0.24992085,-0.040948063,-0.35812506,0.0011812852,-0.28464955,-0.20061365,-0.22977643,-0.014580587
-0.25088972,0.07267884,-0.40151027,-0.008017436,-0.3220407,-0.22669521,-0.18456909,0.00554468
-0.26493347,0.18469319,-0.40415725,-0.061684113,-0.33071852,-0.2541973,-0.16488409,0.0102275545
-0.26206693,0.27238628,-0.36607042,-0.09835986,-0.33822837,-0.26845524,-0.0747111,0.05126494
-0.24602593,0.35464332,-0.26805916,-0.116831526,-0.34825096,-0.22120047,-0.059240095,0.12030274
-0.1794425,0.39678404,-0.15835498,-0.060179103,-0.3403304,-0.17160022,-0.04252153,0.17073904
-0.09772893,0.42279232,-0.080289885,0.0040119747,-0.3405009,-0.15658423,-0.04140007,0.21548024
0.020835044,0.44594848,-0.03623188,0.13773167,-0.31857464,-0.15523057,0.0017799307,0.26586455
0.16055503,0.43143642,-0.07445836,0.2603239,-0.26422885,-0.20982988,0.0023856044,0.29858485
0.26150683,0.42408675,-0.1400815,0.33548486,-0.21467553,-0.2624848,0.02070372,0.32032394
0.3813783,0.34060043,-0.204921,0.35010034,-0.12403201,-0.28690284,0.04545197,0.3087633
0.4460265,0.24050094,-0.26565543,0.3410111,-0.11754335,-0.33211854,0.032920968,0.30123827
0.47230822,0.13159385,-0.23054823,0.3220787,-0.058406077,-0.3392965,0.018568091,0.3087779
0.44631037,0.024185611,-0.06765075,0.30238158,0.029019194,-0.36619306,-0.009131405,0.3069833
0.40799028,-0.02454587,0.061523456,0.3051789,0.23830159,-0.359419,-0.03678959,0.2971179
0.32093027,-0.032528933,0.21564993,0.20144303,0.39460322,-0.30321452,-0.044721827,0.3101431
0.22975853,-0.040189542,0.2926323,0.023268538,0.48848832,-0.19826208,-0.031571247,0.3348991
0.13529737,-0.09273285,0.31511763,-0.21368995,0.49218002,-0.18788654,-0.046000075,0.32531497
0.015304145,-0.09908323,0.22664718,-0.38798365,0.37208295,-0.22794434,-0.06357279,0.34968475
-0.05041531,-0.05435532,0.06869371,-0.48218343,0.24189955,-0.22948395,-0.033886578,0.38314864
-0.1238904,0.022953896,-0.056548055,-0.478866,0.17464364,-0.19088358,-0.021719575,0.4281716
-0.09485539,0.16606893,-0.123661995,-0.45306873,0.10309237,-0.10571834,0.0046242927,0.47043398
0.00604456,0.29629803,-0.078016855,-0.35268837,0.07337447,-0.058292985,0.09039285,0.5205716
0.17556544,0.30854958,-0.03483372,-0.31277406,0.016859505,0.00313883,0.18411021,0.49805316
0.39246035,0.292392,0.00055366376,-0.23854832,-0.018491331,0.10444176,0.30017382,0.4183229
0.49077734,0.22225343,0.013138198,-0.16205543,-0.032004405,0.17227928,0.37621844,0.21865235
0.5328005,0.22919534,0.024153767,-0.09310785,-0.055948414,0.25296858,0.37201425,-0.1125161
0.45223778,0.27793762,0.021864956,-0.048090268,-0.09274492,0.2950871,0.24520083,-0.37299064
0.3627031,0.31470177,0.039007075,0.053498905,-0.20056102,0.3134284,-0.023205554,-0.43645713
0.3007307,0.32361054,-0.020216739,0.16665058,-0.29751587,0.21114191,-0.3245471,-0.37548116
0.28517213,0.3055818,-0.037728153,0.27812886,-0.31192738,-0.0061647706,-0.48235387,-0.25466254
0.29937962,0.270586,-0.065322906,0.3353344,-0.3200565,-0.25569582,-0.46736577,-0.1801005
0.28084916,0.26414528,-0.09695034,0.40655303,-0.12306068,-0.4205416,-0.3428489,-0.17715414
0.26370463,0.23243476,-0.086801626,0.39869413,0.1433679,-0.4702645,-0.25995597,-0.20489308
0.23888908,0.21774673,-0.088344015,0.41457903,0.37946075,-0.43283644,-0.18539387,-0.15926214
0.22149822,0.18238114,-0.08276085,0.39843592,0.5208022,-0.30216354,-0.17696135,-0.13758539
0.19163606,0.15441102,-0.029702485,0.33356696,0.56785184,-0.12372274,-0.17722793,-0.103972286
0.15574816,0.122305155,0.0380344,0.24573377,0.55383986,0.022802409,-0.06848485,-0.09057352
0.14395367,0.065580666,0.08553542,0.15545438,0.4916894,0.106184885,0.033139188,-0.08175005
0.122172,0.021983903,0.11261705,0.07186005,0.4402314,0.13740106,0.09445275,-0.080700256
0.11254254,-0.034030437,0.158539,-0.030371442,0.41929504,0.12523648,0.17689209,-0.111504145
0.08689808,-0.07965453,0.15690152,-0.18464547,0.3772571,0.112862505,0.21781482,-0.12578921
0.080444776,-0.1326324,0.08472258,-0.26149857,0.3247509,0.07832903,0.25187325,-0.11919158
0.06088221,-0.24109973,-0.041250426,-0.32158086,0.2913991,0.032800145,0.28841397,-0.10401594
0.047042675,-0.25187063,-0.19716345,-0.362285,0.31016245,0.0112483045,0.29753911,-0.08987028
0.019387163,-0.25567558,-0.33929297,-0.29547086,0.29502404,0.01011626,0.35901505,-0.045735355
-0.010149853,-0.18380553,-0.43569106,-0.18711124,0.26325753,-0.007053452,0.3476352,0.0022379644
0.021032033,-0.11807125,-0.47378787,-0.09519306,0.20305294,-0.028641293,0.34678236,0.057484556
0.020841092,-0.04810442,-0.45358673,0.0028996312,0.095805846,0.005134295,0.40437958,0.10213355
0.046767224,0.013068535,-0.4348304,0.035727162,-0.041012827,0.07900797,0.42998573,0.09937775
0.10706198,0.047600873,-0.38401136,0.054316495,-0.17787965,0.13596639,0.3873767,0.06256208
0.13699548,0.06352971,-0.3662269,0.07171777,-0.28904355,0.24513486,0.3211851,-0.013196916
0.0898764,0.047193546,-0.32634932,0.058989726,-0.41694015,0.32812762,0.1538826,-0.07417207
0.08040006,0.043655705,-0.2615434,0.0419909,-0.53430086,0.3035873,-0.14410548,-0.13428806
0.07322845,0.021186354,-0.20056549,0.07871849,-0.61412364,0.18376191,-0.3686219,-0.07973901
0.04632768,0.007153659,-0.16930985,0.11380395,-0.6390117,-0.16486335,-0.42032406,-0.06757785
0.032462288,-0.028233977,-0.123184174,0.14046583,-0.5842466,-0.4089779,-0.31025705,-0.08568312
0.021448117,-0.056535672,-0.10329739,0.16305807,-0.47335675,-0.54447603,-0.105918914,-0.07382555
-0.011368835,-0.07092076,-0.0669965,0.2224332,-0.27516398,-0.5895843,0.113405295,0.05004757
-0.040991005,-0.106327094,-0.0135502005,0.21211556,-0.0659426,-0.5539223,0.13638394,0.20032337
-0.061842665,-0.021446828,0.014104052,0.19759354,0.19030215,-0.5519652,0.04594845,0.37057653
-0.11940538,0.025084969,0.026058879,0.1417662,0.338188,-0.47872183,-0.089851946,0.40549886
-0.23294435,0.11319709,0.030180782,0.08278494,0.44097972,-0.40950382,-0.26361352,0.4001109
-0.30762845,0.19172055,0.047811773,0.034543116,0.48035175,-0.29632133,-0.33252364,0.33621073
-0.376078,0.25154576,0.10144027,0.0015201557,0.49336228,-0.1884385,-0.34848252,0.2373297
-0.38501227,0.2435982,0.09568454,-0.02726315,0.49329063,-0.08522218,-0.29486203,0.19031203
-0.3725181,0.17264672,0.11784651,-0.08171462,0.46071273,-0.022001857,-0.17374167,0.17795067
-0.3811139,0.14831668,0.09915243,-0.1272015,0.42560846,-0.0010693069,-0.089530036,0.19235006
-0.3677604,0.14749105,0.07490624,-0.16847074,0.3883954,-0.019582953,0.019456975,0.25946125
-0.31980866,0.19765641,0.054954283,-0.20041917,0.3442795,-0.029067362,0.1067442,0.34695667
-0.16188261,0.26769108,0.06850185,-0.18746908,0.30076116,-0.010059681,0.24823643,0.42811224
0.11954377,0.30800235,0.1215689,-0.14620464,0.27831182,-0.046601545,0.3713036,0.46333408
0.3918224,0.27676076,0.11766735,-0.067260146,0.24341857,-0.037941635,0.4519519,0.41597092
0.5530777,0.24148199,0.1221067,-0.057271168,0.21915089,-0.04059847,0.50424284,0.22836071
0.5805872,0.25582725,0.115700915,-0.062370777,0.20759797,-0.020258315,0.5289648,-0.11066535
0.48314005,0.33165696,0.0959904,-0.007937607,0.1893392,-3.0994415e-06,0.49880007,-0.348426
0.2438875,0.3558179,0.02679159,0.06446781,0.16114573,0.02518789,0.41649672,-0.48161697
0.014566345,0.2577974,0.0409577,0.116666205,0.14235277,0.08573326,0.34716597,-0.46831667
-0.13418135,0.08164832,0.053480636,0.11713626,0.13313948,0.089414015,0.25625998,-0.41284302
-0.16264282,-0.16187781,0.03539811,0.097854786,0.029058946,0.09023978,0.15662917,-0.31934097
-0.1302218,-0.29725933,-0.0049706474,0.05720072,-0.011304348,0.073889755,0.112695985,-0.22708382
-0.09740552,-0.38650045,-0.07824211,7.854402e-05,-0.054506555,0.14164844,0.023969641,-0.17916122
-0.07708814,-0.4349327,-0.21450204,0.04409953,-0.14915639,0.15214042,-0.030791927,-0.12429392
-0.08605544,-0.43651336,-0.28665796,0.086420804,-0.21146707,0.11556884,-0.07225079,-0.10896336
-0.09929055,-0.4053175,-0.34443918,0.090545096,-0.30579573,0.064429104,-0.15165216,-0.08107337
-0.13272193,-0.36244273,-0.36889997,0.122839764,-0.39805254,-0.035851628,-0.20932615,-0.068655595
-0.1650214,-0.2933284,-0.38529536,0.13399753,-0.42166567,-0.16404575,-0.22382171,-0.04650579
-0.16563083,-0.20939645,-0.41857502,0.1258348,-0.48842204,-0.3142087,-0.18804966,-0.0466217
-0.1918027,-0.11708126,-0.44688594,0.10545034,-0.49400207,-0.3724753,-0.07572044,0.012248887
-0.21612799,0.031071084,-0.4667233,0.0695727,-0.49991164,-0.41130537,0.023727909,0.11467814
-0.1737293,0.18331613,-0.46134484,-0.0036661013,-0.48131832,-0.36332378,0.13031705,0.26548886
-0.03025337,0.35325852,-0.38493466,-0.08264955,-0.46664554,-0.24830338,0.17178261,0.3849865
0.17596908,0.42471275,-0.3180438,-0.13700123,-0.4901361,-0.09516671,0.18732163,0.43450597
0.38067198,0.3798835,-0.28692478,-0.16854805,-0.50257,0.08864557,0.19545531,0.37532315
0.48416153,0.25631973,-0.28649455,-0.17375591,-0.51550376,0.23054849,0.14744031,0.25285468
0.5009901,0.18827225,-0.26550364,-0.16428222,-0.5248355,0.332325,0.001486211,0.106062055
0.46586522,0.1146998,-0.20569754,-0.15313731,-0.51240665,0.36986968,-0.19543752,0.07933588
0.39500168,0.04264309,-0.14101999,-0.098682046,-0.54056287,0.31342706,-0.36848462,0.17395297
0.27393574,0.005801404,-0.09251126,-0.0325547,-0.56534535,0.119284734,-0.4175271,0.26317483
0.092669055,0.012225034,-0.020900268,0.018744731,-0.5498282,-0.110591345,-0.4270859,0.29780054
-0.04191779,0.044295236,-0.0023660243,0.13227217,-0.50558704,-0.3417007,-0.3569477,0.25431663
-0.1588794,0.05986612,0.004974029,0.23474017,-0.37214965,-0.5138436,-0.33312362,0.18693781
-0.1817104,0.057387993,0.028474886,0.26798284,-0.12946586,-0.5695215,-0.23291835,0.16773714
-0.2572523,0.0434042,0.012681147,0.23043647,0.18650162,-0.59255016,-0.24252126,0.08169983
-0.2960535,0.036310345,-0.029659737,0.1973768,0.40614825,-0.5542727,-0.27803722,0.023099478
-0.33732858,-0.06202142,-0.065414846,0.1436169,0.5073377,-0.4297346,-0.33504084,-0.053003836
-0.33120808,-0.15725149,-0.14813456,0.098062545,0.5551051,-0.23709816,-0.32773182,-0.13412261
-0.29508215,-0.2270484,-0.22556846,0.08096045,0.5295351,-0.09406024,-0.27297837,-0.19210114
-0.25886023,-0.24022523,-0.31440076,0.11795358,0.42631465,-0.013622916,-0.23856863,-0.19601871
-0.17632115,-0.19072413,-0.37151152,0.19586769,0.27758247,0.068442315,-0.21213841,-0.16788012
-0.14608324,-0.1949153,-0.3479229,0.25378573,0.07609518,0.053931437,-0.19889973,-0.16556264
-0.116435245,-0.20618428,-0.30490175,0.27749282,-0.11603189,0.0003908537,-0.19356291,-0.12963153
-0.11124674,-0.25625348,-0.23855856,0.27862635,-0.20993833,-0.11259003,-0.19955553,-0.1534609
-0.1048794,-0.26706263,-0.2000899,0.27189922,-0.234868,-0.24950041,-0.17659801,-0.13269229
-0.09566976,-0.27211353,-0.12797804,0.28919926,-0.13940388,-0.36851582,-0.11525021,-0.11007674
-0.1497876,-0.31132156,-0.054271597,0.28762135,0.03827266,-0.38858962,-0.06619066,-0.029634662
-0.18939042,-0.34996456,-0.07039212,0.22995348,0.11284778,-0.4070557,-0.043308537,0.053818524
-0.2546466,-0.32214487,-0.115615316,0.1467452,0.245164,-0.3623329,-0.05026169,0.13856591
-0.3366798,-0.21014372,-0.2280935,0.11856238,0.25163436,-0.27762935,-0.06800339,0.20004216
-0.41369453,0.02676539,-0.27700984,0.18339698,0.23611331,-0.27852148,-0.08829125,0.27046764
-0.43031532,0.2500215,-0.29157692,0.20054382,0.20356621,-0.25233394,-0.07976068,0.3401779
-0.30497444,0.46147758,-0.23891231,0.1814593,0.14704096,-0.233211,-0.079826765,0.3752329
-0.07906365,0.5810093,-0.18312192,0.24702045,0.15290903,-0.19105236,-0.03683603,0.40912583
0.19573644,0.62054986,-0.21045177,0.25537163,0.12511955,-0.16099724,-0.0084396945,0.43351662
0.43278253,0.5507392,-0.38018396,0.25317383,0.05726194,-0.17102762,0.018426862,0.4267461
0.5740952,0.36339194,-0.5025734,0.14630835,-0.06190365,-0.13382773,0.06345731,0.38861609
0.6172477,0.08401341,-0.46203816,0.13302875,-0.20303491,-0.13263883,0.09532712,0.29552507
0.5649119,-0.11766412,-0.28433517,0.10044504,-0.19337709,-0.11676307,0.1000776,0.22260779
0.5036911,-0.16425307,-0.029357072,0.10702485,-0.27162933,-0.10884651,0.09351964,0.1444717
0.42187446,-0.18464407,0.24723698,0.12482675,-0.23045443,-0.09981049,0.08165211,0.073289104
0.36725673,-0.14886558,0.37257478,0.095480986,-0.1283769,-0.07114899,0.12434241,0.0517613
0.35551706,-0.096523575,0.4814946,0.046424463,-0.017508542,-0.060981493,0.15560174,0.03284301
0.3345809,-0.0560932,0.5512486,-0.044141036,0.04100196,-0.04001041,0.14321631,-0.022413928
0.2859561,-0.03371273,0.5800772,-0.13482031,0.051260103,0.024555126,0.14974879,-0.07957173
0.25935593,-0.0127058495,0.5691995,-0.22575176,0.021805368,0.040963728,0.13426836,-0.09694395
0.24392918,-0.037656683,0.5641245,-0.24163163,-0.030645298,0.12597235,0.08804333,-0.15388708
0.22711796,-0.060693376,0.54233813,-0.27081448,-0.06506367,0.17349045,0.048817944,-0.16037473
0.22630411,-0.08768707,0.49327818,-0.28610837,-0.12387582,0.2331015,-0.07696595,-0.18130219
0.21700038,-0.15799841,0.4347467,-0.29829872,-0.17897855,0.33565003,-0.17860056,-0.15795113
0.19925673,-0.19369687,0.38884443,-0.32049638,-0.20650043,0.31901976,-0.31337294,-0.08747515
0.13762711,-0.22592865,0.30290508,-0.3161591,-0.2072167,0.28582263,-0.38352963,-0.0054085176
0.055890765,-0.24996483,0.12152374,-0.33206657,-0.23159409,0.25468197,-0.4260866,0.08840891
-0.09569335,-0.27082205,-0.05700098,-0.32274193,-0.18990579,0.22708786,-0.43886614,0.15742259
-0.2632863,-0.2117357,-0.29019448,-0.30283013,-0.14441735,0.20530081,-0.4261059,0.13993467
-0.36674023,-0.009868108,-0.45674244,-0.24731968,-0.11659445,0.1686613,-0.3893624,0.114539824
-0.4163317,0.22674856,-0.50781703,-0.2606319,-0.07279914,0.15600795,-0.37055737,0.05044566
-0.4075235,0.38689324,-0.38402465,-0.277769,-0.041178778,0.15299706,-0.33222762,0.006193082
-0.40740758,0.41334194,-0.16408221,-0.24812856,0.034792956,0.13728088,-0.29986075,-0.019973412
-0.41290325,0.3466959,0.025886057,-0.1818127,-0.014592696,0.16556045,-0.32951,-0.040582325
-0.40611562,0.21758609,0.0927941,-0.08808378,-0.031420697,0.10287742,-0.35143977,-0.058396928
-0.37865782,0.037124433,0.040636778,-0.047730982,-0.0740727,0.07720762,-0.35728785,-0.08195856
-0.35251155,-0.1194558,-0.0809114,-0.02878321,-0.09623323,0.012283669,-0.37072945,-0.13821626
-0.3271797,-0.21326515,-0.23022248,-0.021988293,-0.16154622,-0.0419717,-0.3908574,-0.18338074
-0.24650092,-0.26467004,-0.35418537,0.022122376,-0.17089453,-0.13018946,-0.38447243,-0.26263896
-0.15124963,-0.25979903,-0.4501112,0.03692618,-0.23749241,-0.215084,-0.33598456,-0.32430363
-0.025859892,-0.267992,-0.4466251,0.081496924,-0.29116797,-0.3102728,-0.25361735,-0.32650742
0.07324676,-0.2900637,-0.38790837,0.115679465,-0.31473082,-0.3833507,-0.15624896,-0.3032692
0.10019679,-0.28104603,-0.30060092,0.14232631,-0.29747277,-0.41699424,-0.0007990895,-0.22838303
0.103169,-0.31575415,-0.1749405,0.14400831,-0.23153289,-0.42391878,0.1611475,-0.13283187
0.07539035,-0.29933858,-0.07554079,0.16011389,-0.11271388,-0.39340982,0.21877876,0.012796523
0.049954366,-0.31692487,0.023647467,0.11914536,-0.009104418,-0.34475204,0.22582017,0.12193975
-0.00040725616,-0.3054983,0.028715363,0.046106245,0.10576085,-0.31949002,0.21040362,0.27011955
-0.08798465,-0.23033881,-0.034641646,-0.029574946,0.113024555,-0.26089683,0.1954516,0.38222978
-0.14059927,-0.08142672,-0.100737266,-0.04610986,0.103080146,-0.22417004,0.17608885,0.5009182
-0.08912805,0.099415384,-0.12910451,-0.033439267,0.0728833,-0.17289577,0.20248127,0.57289296
0.07542427,0.22798254,-0.12941062,-0.018500036,0.062111903,-0.12022089,0.21805586,0.6274976
0.34217918,0.21262965,-0.07797916,0.03234785,0.066278875,-0.09866663,0.28022823,0.62981355
0.52049893,0.09377898,-0.037955634,0.04527105,0.038493812,-0.047105294,0.36252347,0.5121832
0.606179,-0.010468652,0.06861798,0.07054641,0.02151294,0.022187496,0.42043746,0.2922636
0.6035734,0.01585685,0.24876083,0.043198843,0.022939494,0.06477776,0.44806263,-0.028315423
0.5509931,0.18507156,0.3188866,0.06641475,0.053702027,0.12883034,0.394394,-0.32325143
0.3955179,0.30016744,0.30309084,0.1563715,0.07362709,0.13934043,0.23065948,-0.49843833
0.22211011,0.32323214,0.24156986,0.26449743,0.061768953,0.1297919,0.10929321,-0.5538791
0.12628259,0.25153387,0.2302729,0.34689477,0.09314769,0.122098014,-0.037141144,-0.53436476
0.08229049,0.07731362,0.24439014,0.35280713,0.11298703,0.103289865,-0.18396267,-0.5003786
0.16864017,-0.02549145,0.31859678,0.31468946,0.18933532,0.12835813,-0.25482094,-0.4173599
0.24334544,-0.10230177,0.41673127,0.13281128,0.2365808,0.12419714,-0.31156334,-0.37326142
0.29723218,-0.07865982,0.49168363,-0.049051538,0.27803528,0.14844875,-0.34386778,-0.24580762
0.31950772,-0.03625949,0.501259,-0.2350131,0.2043016,0.17753999,-0.31903157,-0.1494997
0.2962271,0.014325101,0.50613993,-0.3403432,0.16066042,0.17017016,-0.29852295,-0.062242787
0.26825988,0.027150938,0.431105,-0.37144047,0.0861579,0.1984469,-0.24994977,0.006725966
0.19963244,-0.021569762,0.38910806,-0.4379817,0.011351086,0.24102873,-0.24109396,0.048631556
0.11592784,-0.061474446,0.27855358,-0.4273843,-0.036568094,0.27732503,-0.17180158,0.08564173
0.054283664,-0.09237528,0.18946084,-0.4343878,-0.060381252,0.3178708,-0.17907713,0.12679029
-0.020540575,-0.12818731,0.012719168,-0.43334982,-0.006240421,0.35720724,-0.13994658,0.11951347
-0.084181204,-0.12421138,-0.14374773,-0.42724675,0.07635924,0.39605686,-0.047267817,0.15080522
-0.1160439,-0.058783416,-0.31398195,-0.38036528,0.20435196,0.41122326,0.06414905,0.12624387
-0.12032194,0.062012985,-0.4163715,-0.31829685,0.28777936,0.39058882,0.23313782,0.10530023
-0.102896966,0.15447316,-0.42259383,-0.24102578,0.31580868,0.36361605,0.35613456,0.067958824
-0.04300238,0.2101322,-0.4035536,-0.18914367,0.3025943,0.29622942,0.47982758,0.0006272047
-0.032329608,0.22155349,-0.35821652,-0.1629624,0.26311046,0.23893255,0.51342255,-0.04273111
-0.035416584,0.22844146,-0.31401026,-0.13548514,0.2340352,0.23095843,0.53685,-0.0978291
-0.07576762,0.22891459,-0.26651374,-0.08339586,0.15481155,0.24090426,0.50550276,-0.14569044
-0.09820815,0.16495657,-0.21765381,-0.0638827,0.059804752,0.2754505,0.45607987,-0.15765885
-0.13029772,0.15845874,-0.23417702,-0.047213666,-0.014842136,0.32933462,0.37107223,-0.17911309
-0.18405053,0.09564007,-0.24315667,-0.025740912,-0.11803993,0.38660017,0.23526597,-0.19524124
-0.17714514,0.011219262,-0.2528623,-0.010783057,-0.23059647,0.40561774,0.0073013348,-0.19530278
-0.18464725,0.015335579,-0.3076151,0.0027339354,-0.34410563,0.36399844,-0.23440833,-0.15151457
-0.15741844,-0.031668507,-0.30730733,0.01733846,-0.45230648,0.21222936,-0.44062045,-0.13410325
-0.15085095,-0.03760454,-0.34052318,0.008409667,-0.49846414,-0.040197916,-0.5264861,-0.13829583
-0.09980048,-0.0046361354,-0.37958068,-0.04417214,-0.53279287,-0.28944957,-0.4995168,-0.22934215
-0.032224007,-0.049266215,-0.3861861,-0.052903797,-0.5358844,-0.4745339,-0.30207792,-0.31443763
0.032842584,-0.06962331,-0.38220072,-0.06504464,-0.5007828,-0.5120532,-0.059224833,-0.31433043
0.033204734,-0.10737028,-0.37410298,-0.06350892,-0.47770685,-0.45299405,0.15149489,-0.1978795
0.006288222,-0.06324352,-0.39386895,-0.09476815,-0.47453952,-0.28614035,0.25498825,-0.01758768
0.0019066385,-0.02836426,-0.3988798,-0.09262392,-0.4925732,-0.060940295,0.25069886,0.08573735
0.037787363,0.043984827,-0.40995806,-0.12257392,-0.5234224,0.11417178,0.19522944,0.13235243
0.020891137,0.09229747,-0.39282116,-0.16742769,-0.53223085,0.26207003,0.06563388,0.09844719
0.0059425877,0.1451621,-0.40005898,-0.19232479,-0.54779416,0.34313664,-0.09515242,0.098821655
-0.031703975,0.19047137,-0.3683782,-0.24320826,-0.502868,0.3426646,-0.2617151,0.11205588
-0.037675884,0.26527265,-0.32170442,-0.26972893,-0.4745377,0.30056763,-0.40978578,0.17251271
-0.09794549,0.32561862,-0.26419553,-0.28821278,-0.41866586,0.2207293,-0.43681484,0.17696247
-0.148966,0.37485626,-0.11810534,-0.23142755,-0.36980438,0.14207435,-0.43792585,0.20586167
-0.16400053,0.40295482,-0.026429376,-0.09789572,-0.37871233,0.027760241,-0.43567833,0.17276162
-0.2060687,0.36774543,0.049707185,0.050896555,-0.36939883,-0.12871274,-0.44299552,0.112184286
-0.2300005,0.28889877,0.11699095,0.22131586,-0.29805493,-0.31245235,-0.39765802,0.01943191
-0.23881622,0.17983538,0.13182405,0.28471014,-0.08013923,-0.43207765,-0.31565183,-0.07485633
-0.23798968,0.032046396,0.111859195,0.30148256,0.21729259,-0.43673602,-0.2363125,-0.12838013
-0.21129195,-0.15549603,0.1249316,0.19490644,0.46067193,-0.37121832,-0.20728233,-0.14591263
-0.17867503,-0.29674265,0.025583614,0.07577511,0.5217504,-0.23957361,-0.20645063,-0.1445618
-0.17321227,-0.38644972,-0.13140263,-0.06136982,0.4833883,-0.18277448,-0.17666055,-0.1458378
-0.15509264,-0.41360554,-0.31894037,-0.067466654,0.41815466,-0.12955639,-0.13212119,-0.13063484
-0.16773066,-0.360829,-0.44340685,0.05793028,0.36392286,-0.07532919,-0.10245557,-0.08728635
-0.1609453,-0.27980807,-0.46639925,0.17798449,0.20795506,-0.054247376,-0.08119633,-0.05160979
-0.18083291,-0.14545132,-0.42690957,0.25993085,0.039151583,-0.042124957,-0.03464222,0.012739126
-0.22818874,-0.014172931,-0.394734,0.2861703,-0.15668935,-0.09750417,-0.023790248,0.05606583
-0.25754213,0.10475253,-0.3670824,0.27320802,-0.2882826,-0.16905221,-0.01766639,0.12581158
-0.22752824,0.22969216,-0.36350894,0.22465202,-0.33532006,-0.25103313,0.004830736,0.19634995
-0.15253642,0.3419724,-0.3000227,0.21701367,-0.32072148,-0.31202415,0.030978391,0.27320194
0.031878676,0.46364516,-0.29393595,0.19352262,-0.32692128,-0.33932963,0.03384422,0.36858225
0.20275351,0.4671609,-0.29630518,0.17607938,-0.29574454,-0.325406,0.06301908,0.38507476
0.38612413,0.41521552,-0.35791942,0.12845534,-0.30624,-0.32576394,0.06359137,0.4239802
0.49094197,0.25064287,-0.398877,0.030107649,-0.31606123,-0.34735054,0.047999322,0.41696098
0.52462786,0.06813481,-0.34244964,0.01669748,-0.3311429,-0.3026904,0.053284176,0.39582565
0.46004033,-0.09288204,-0.19482534,-0.0012860142,-0.2997671,-0.24925467,0.038427826,0.3782701
0.38616383,-0.1496862,-0.019794293,0.05107071,-0.26988846,-0.22009921,0.081022605,0.3425588
0.30466002,-0.20224436,0.13742101,0.071496814,-0.21479768,-0.178592,0.088501915,0.32194144
0.21958123,-0.21449217,0.21803814,0.016337594,-0.17423806,-0.16501415,0.11812671,0.33414748
0.12952371,-0.20257631,0.25184536,-0.004693608,-0.12710439,-0.115424104,0.15324724,0.3444914
0.06176675,-0.20112382,0.26281714,-0.084125325,-0.07682042,-0.087123275,0.17028995,0.3824645
-0.007107969,-0.20458801,0.18050122,-0.1286022,-0.09372474,0.017993102,0.25462878,0.39534134
-0.0032933683,-0.15308121,0.10120227,-0.15291727,-0.09529689,0.1188102,0.3207216,0.37890348
0.00869706,-0.10379739,0.022748852,-0.16290297,-0.11778115,0.22107235,0.40222913,0.3707747
0.12094473,-0.047443908,-0.037471645,-0.15798807,-0.12999023,0.33041662,0.48784894,0.26371926
0.16285102,-0.0702609,-0.055228923,-0.11334125,-0.14372228,0.44028085,0.47664723,0.045539808
0.12262302,-0.09353752,-0.036205992,-0.09936916,-0.23787247,0.55610186,0.2833881,-0.21114455
0.13987134,-0.14004038,-0.052731667,-0.06781089,-0.28008035,0.584007,-0.10357253,-0.2725568
0.14672023,-0.20832676,-0.019630179,-0.03931531,-0.32667333,0.5204892,-0.44227988,-0.15721369
0.12237155,-0.2385613,-0.00419695,-0.046379607,-0.37261674,0.30543095,-0.6472557,0.05429838
-0.05949186,-0.22746411,-0.026580926,-0.028235033,-0.41244972,-0.03491594,-0.6831541,0.09030766
-0.20743321,-0.22870156,-0.078506894,0.031911697,-0.39480478,-0.3024513,-0.6497752,-0.059387613
-0.16772653,-0.31606475,-0.18802921,0.0597445,-0.33550322,-0.4863431,-0.53449166,-0.28036588
-0.0075583956,-0.3910307,-0.22988397,0.06392414,-0.27770174,-0.5745507,-0.24178672,-0.34312245
0.080552205,-0.39653203,-0.18997046,0.091094516,-0.16514142,-0.6036655,0.046880722,-0.2876019
0.107322544,-0.4499168,-0.100149155,0.05914038,-0.056432523,-0.5733905,0.21256617,-0.1354766
0.0889883,-0.42196438,-0.037632104,0.041532453,0.05072536,-0.4773973,0.24664898,0.06096143
0.0103745535,-0.40035814,-0.07255653,-0.02392439,0.07057505,-0.40759805,0.2141236,0.23514126
-0.09931796,-0.32452157,-0.15601498,-0.08197742,0.08087268,-0.38626263,0.17832461,0.39076835
-0.16241635,-0.13319382,-0.25026548,-0.06021153,0.08552799,-0.3456714,0.112849385,0.50210035
-0.17306432,0.17964442,-0.29262358,-0.01199601,0.085067056,-0.31560665,0.025718633,0.59092075
0.025921006,0.3981119,-0.24973232,-0.012592592,0.059623614,-0.26712582,-0.02728059,0.63429385
0.26412448,0.4366443,-0.19655617,0.020917691,0.04653649,-0.24170999,-0.018808132,0.6479059
0.44586208,0.3426756,-0.22604829,0.0389272,0.023141742,-0.21590349,-0.0022385716,0.63375413
0.5045186,0.11693168,-0.23026967,0.052409183,-0.0112057105,-0.21916318,-0.015259463,0.5767484
0.4704591,-0.041346435,-0.120478906,0.053255737,0.008320866,-0.17850868,0.0057234587,0.5597419
0.34919333,-0.13397957,0.062705435,0.060658377,0.013820752,-0.1763642,0.008659657,0.51896
0.22872509,-0.14565457,0.1241061,-0.011163084,-0.004504181,-0.12158885,0.07029293,0.52254766
0.11386918,-0.12881742,0.14980409,-0.030210426,0.026832065,-0.097262934,0.116572365,0.51618755
0.054843444,-0.11505616,0.13239397,-0.11185175,0.037812065,-0.055996593,0.20040686,0.5114199
0.11176161,-0.07138122,0.100707814,-0.102217585,0.019927083,-0.020401478,0.29081953,0.5361443
0.19372097,-0.008385223,0.1026012,-0.122260734,0.029322216,0.05202039,0.39316326,0.50211465
0.31531543,-0.061632328,0.11361391,-0.1287498,0.00096792885,0.17393523,0.5219385,0.35457122
0.38398194,-0.058454018,0.15240107,-0.13032115,-0.0234273,0.29045165,0.56412256,0.06005799
0.3543291,-0.02331484,0.2420547,-0.10521353,-0.052087888,0.3565957,0.48125902,-0.29696628
0.29388762,-0.0016067312,0.26286054,-0.09715475,-0.13497712,0.46222264,0.16011238,-0.4697741
0.3058837,0.018317774,0.3198425,-0.074339695,-0.13197021,0.44999367,-0.20324117,-0.49230012
0.3582976,0.062421255,0.3665425,0.0009824854,-0.17099144,0.37337586,-0.526598,-0.31160033
0.35803184,0.105546094,0.38203326,0.110881776,-0.16143139,0.1797168,-0.62079203,-0.020318216
0.27655432,0.1483724,0.4173395,0.18691754,-0.07212392,0.010415178,-0.63715523,0.16283678
0.110184774,0.08133818,0.48594475,0.24066174,0.08589657,-0.08928764,-0.5585809,0.1774075
-0.036537014,-0.027366687,0.4848682,0.116960235,0.26515046,-0.053637136,-0.49326032,0.17076854
-0.17518684,-0.1278303,0.4128671,-0.08500392,0.350653,0.011485422,-0.4361235,0.13507362
-0.31590065,-0.2769614,0.20686552,-0.32662347,0.3147315,0.020164438,-0.32714763,0.11973555
-0.4057975,-0.2926358,-0.1889301,-0.3602491,0.27437428,0.04491924,-0.23019266,0.1088855
-0.4569586,-0.08701849,-0.47507367,-0.28133777,0.2857897,0.06816639,-0.12127758,0.10934253
-0.43747613,0.25969708,-0.54326075,-0.1737786,0.30703214,0.03679625,-0.021824365,0.17615503
-0.3635069,0.5320699,-0.41257268,-0.19951017,0.24203199,0.06354707,0.12057713,0.2612216
-0.08068684,0.58998394,-0.16248855,-0.19315855,0.18116897,0.090884626,0.21753111,0.32480845
0.23901623,0.6175284,-0.0412443,-0.0783955,0.20525998,0.085352935,0.34354672,0.331466
0.4552597,0.57288146,-0.116508015,0.010318994,0.11007559,0.081335686,0.4070818,0.14413907
0.47239092,0.53959095,-0.28503096,0.044030968,0.05360739,0.1369907,0.39086002,-0.13568231
0.369219,0.4959556,-0.35473284,0.034580577,-0.08816193,0.20375922,0.31092867,-0.34564754
0.19713168,0.45009938,-0.39720678,-0.05768382,-0.21767624,0.2614418,0.07623454,-0.41911098
0.07458218,0.41376114,-0.33870077,-0.1143198,-0.2851133,0.25169316,-0.18972619,-0.43392268
0.036996465,0.3255561,-0.27752757,-0.1125632,-0.32139874,0.18165155,-0.3938626,-0.36717522
0.068290636,0.2592449,-0.23678133,-0.0864598,-0.34869462,0.05146053,-0.5147569,-0.29879588
0.112911135,0.20810463,-0.17965561,-0.062247798,-0.37386435,-0.15218402,-0.551626,-0.26033598
0.14695191,0.15964378,-0.16556045,-0.025200745,-0.3599295,-0.31713542,-0.5002476,-0.30271137
0.19446221,0.12048609,-0.10917796,0.0020955845,-0.30329853,-0.44972542,-0.35187548,-0.35761207
0.21772671,0.079269625,-0.101907626,0.038679782,-0.26477677,-0.50588655,-0.16331054,-0.28903842
0.19672999,0.062369373,-0.050233684,0.106676325,-0.14172314,-0.4903058,0.027809214,-0.20246547
0.14801705,0.023697242,0.0135168955,0.09775002,0.007215032,-0.46002406,0.13474555,-0.08250421
0.12104056,-0.018017458,0.050114524,0.080016956,0.15196094,-0.41065794,0.18350135,0.016531749
0.13570902,-0.05686087,0.09778131,0.03378373,0.23683278,-0.3747981,0.15735908,0.120719776
0.10285101,-0.054849982,0.1416822,-0.038499095,0.30013552,-0.32878855,0.12743534,0.21447612
0.063787766,-0.060733296,0.12537453,-0.108063236,0.2898724,-0.32817948,0.08740575,0.28522453
0.022310182,-0.07708066,0.08262876,-0.19831537,0.25016007,-0.3053174,0.033467103,0.34808356
-0.005874544,-0.03282066,0.016704064,-0.23446327,0.22014233,-0.2898871,0.014718897,0.4228317
-0.0722275,0.060229544,-0.030814493,-0.2517223,0.17356166,-0.25984436,-0.032758836,0.46997032
-0.063041046,0.14766398,-0.06943776,-0.22296014,0.13963266,-0.22535506,-0.03423588,0.5127148
0.014787981,0.26751328,-0.04919784,-0.15863915,0.08238834,-0.16165072,-0.019794468,0.5343302
0.113917336,0.30072471,0.010543075,-0.12068816,0.055220455,-0.128424,0.023582201,0.57139593
0.28854933,0.29086545,0.026830595,-0.07931112,0.03879264,-0.13126373,0.09236444,0.5353179
0.41315687,0.20943363,0.0075873495,-0.0012023667,0.00039677878,-0.058933627,0.18288143,0.46731776
0.50216043,0.12673953,0.04396008,0.05203176,0.020738361,-0.024758829,0.24430989,0.37624082
0.55390054,0.070116244,0.11968354,0.0875062,0.02015256,0.015246372,0.30630806,0.2047069
0.58396584,0.13166675,0.19203986,0.08726171,0.03631122,0.04124374,0.32132727,-0.0010547932
0.49764007,0.23248914,0.22602645,0.13386714,0.055109814,0.09595817,0.27379236,-0.23255727
0.42062223,0.3278189,0.20041034,0.22465333,0.07282595,0.100424126,0.18426482,-0.37910298
0.25690645,0.3425371,0.11526054,0.29493317,0.078563996,0.09495428,0.068090715,-0.4466303
0.14201954,0.28359154,0.08856951,0.36394995,0.044506848,0.087323345,-0.025785377,-0.46748543
0.09756673,0.21150032,0.07039944,0.41701746,0.058569178,0.051602736,-0.107011475,-0.42851153
0.08966763,0.11189401,0.117459334,0.42729136,0.06897283,0.015579158,-0.15348017,-0.36672285
0.11351828,0.0051482087,0.20339963,0.39956164,0.13205698,-0.008767451,-0.16801395,-0.32016933
0.15859902,-0.12300974,0.3340359,0.25945917,0.2697163,0.001544735,-0.16294628,-0.28147814
0.1956665,-0.17539445,0.4086928,0.058675747,0.32344368,0.080942445,-0.18195653,-0.25290933
0.19387095,-0.22410695,0.39691842,-0.19898267,0.30872676,0.058268983,-0.16224635,-0.2002866
0.2235805,-0.255279,0.30217308,-0.44556385,0.26975986,0.07619219,-0.13189049,-0.17212933
0.22160676,-0.2626668,0.14801775,-0.55966264,0.17606674,0.103197046,-0.12488948,-0.151167
0.2448241,-0.266665,-0.08385437,-0.6012077,0.17767942,0.111394614,-0.123324186,-0.15436761
0.20402631,-0.2607763,-0.3536542,-0.5874859,0.2769031,0.12639223,-0.058104526,-0.111935996
0.194133,-0.27482468,-0.47423023,-0.48759937,0.38279453,0.084825695,0.009916234,-0.078882016
0.16915649,-0.27663183,-0.5559984,-0.27228376,0.42724094,0.06370334,0.053861562,-0.11230823
0.12512821,-0.22954796,-0.5262617,-0.0056966078,0.43687147,0.03924868,0.124786995,-0.09760927
0.14960551,-0.20480569,-0.4586227,0.14005537,0.2627409,0.061430693,0.14597927,-0.07877829
0.09577332,-0.21109316,-0.3447821,0.20516758,0.021428345,0.05643074,0.12201787,-0.09077985
0.055043742,-0.20801812,-0.22625473,0.22022787,-0.14539857,0.05886248,0.105383955,-0.08560034
0.05150328,-0.22500502,-0.07597175,0.22423439,-0.22512737,0.050709415,0.06966701,-0.07271927
0.035882484,-0.2892871,0.015711557,0.1923238,-0.24893914,0.00031935796,0.010426616,-0.04727835
-0.0023419592,-0.27548397,0.10000788,0.19492513,-0.19940053,-0.05429577,-0.01240648,-0.000190299
-0.038032357,-0.32330197,0.115759216,0.13771908,-0.15737107,-0.08111315,0.011771794,0.038571898
-0.10537074,-0.40368354,0.096234545,0.028807357,-0.10181247,-0.09426656,-0.004261535,0.06259589
-0.20053287,-0.41188788,-0.037576165,0.010174192,-0.11941643,-0.07561147,0.029413959,0.14267679
-0.28871775,-0.29059702,-0.19349553,0.018516898,-0.16793919,-0.0512803,0.04233366,0.21090795
-0.3590205,-0.06148702,-0.37311476,0.05279316,-0.20461494,-0.028647488,0.059737023,0.30514014
-0.32066923,0.22547063,-0.3676616,0.030876787,-0.28339934,0.024122862,0.11540365,0.38711554
-0.100404665,0.46335182,-0.29313,-0.02407108,-0.32918695,0.056322377,0.15102035,0.45861286
0.23810785,0.5147795,-0.23828655,-0.0022356957,-0.40413827,0.12779023,0.21763158,0.43076882
0.4359892,0.48859763,-0.254858,-0.041479897,-0.4707317,0.24245675,0.19152854,0.31418872
0.5304838,0.3419767,-0.32621473,-0.059206404,-0.514478,0.31837782,0.062311083,0.14522539
0.5250808,0.26004425,-0.33390337,-0.105296865,-0.59465045,0.33609372,-0.13988101,0.07049646
0.46138543,0.15588073,-0.28104275,-0.1128522,-0.6152202,0.29144555,-0.35736078,0.122271925
0.37011045,0.089910045,-0.2189936,-0.130931,-0.6143771,0.08551954,-0.4482106,0.26844913
0.18691778,0.051884394,-0.16138524,-0.09359423,-0.61964846,-0.107555546,-0.4499135,0.30465707
0.037703767,0.072546184,-0.16306345,-0.05452059,-0.61652833,-0.31718212,-0.41329652,0.29332405
-0.06879223,0.13256364,-0.15580897,0.016563257,-0.5778123,-0.45733142,-0.29736218,0.21966913
-0.13587582,0.1689858,-0.17228667,0.07473011,-0.49408427,-0.55920327,-0.19166623,0.19955269
-0.14100166,0.21204144,-0.11946226,0.1366752,-0.3600005,-0.6028089,-0.04202857,0.24248658
-0.094621725,0.29526088,-0.0864089,0.16369922,-0.17727081,-0.62919253,-0.049881544,0.32968637
-0.028190913,0.30781937,-0.056102574,0.21765585,0.06615055,-0.60625595,-0.10827197,0.36216468
0.039693233,0.37338573,-0.057349566,0.27292404,0.2972354,-0.56084937,-0.2791735,0.34702784
0.02183529,0.37169868,-0.06808588,0.2871931,0.4413928,-0.46139306,-0.40101957,0.3094634
-0.049603418,0.3724026,-0.07323608,0.2818845,0.54046595,-0.29964188,-0.49111885,0.18154284
-0.08195451,0.38599584,-0.07487383,0.2852717,0.5566662,-0.07060805,-0.43735844,0.1161978
-0.061196405,0.36672089,-0.06325167,0.25646034,0.48434144,0.113428615,-0.30851325,0.10282646
-0.06579808,0.3575123,-0.05988718,0.2518156,0.33006194,0.20053868,-0.15170416,0.11897942
-0.04151963,0.33069316,-0.05155494,0.29044202,0.19397959,0.21759765,-0.032919668,0.15358528
0.022245402,0.31955165,-0.0656288,0.33269027,0.033930354,0.19367935,0.05459825,0.116879396
0.03937269,0.29871526,-0.061985135,0.35611764,-0.105604835,0.15920633,0.08651868,0.12870038
0.09968684,0.2735655,-0.0602333,0.46264258,-0.26637492,0.0654923,0.055068757,0.1216086
0.11360508,0.27653924,-0.09433756,0.49881104,-0.3191595,-0.03489725,0.04316809,0.12301065
0.12966861,0.25094008,-0.118069924,0.566835,-0.26500142,-0.21888864,0.0684321,0.15097956
0.20472018,0.26403785,-0.12500805,0.5514283,-0.13562968,-0.32435977,0.09591916,0.18146673
0.24481894,0.21359193,-0.10128312,0.5671582,0.011375518,-0.3604549,0.08515344,0.23059991
0.25628328,0.20978013,-0.08053746,0.56146073,0.23005563,-0.3483538,0.06777407,0.28124627
0.26985094,0.17162615,-0.02730179,0.5411223,0.42731893,-0.28901646,0.020346139,0.29727906
0.29680714,0.14135449,0.054109253,0.4663261,0.53292084,-0.13802561,0.009608026,0.28306466
0.29172212,0.10949444,0.09887115,0.39469278,0.5459701,-0.007927535,0.08346047,0.27058887
0.3234548,0.06683782,0.19505922,0.23860791,0.56495774,0.03631661,0.25093892,0.2098641
0.34970665,0.04843517,0.23707522,0.08401779,0.5533369,0.009779652,0.39548436,0.11428192
0.35881498,0.098599866,0.32133093,-0.06472085,0.5639546,-0.08743279,0.4659887,-0.03571578
0.33837038,0.11172322,0.3076204,-0.25034928,0.5016061,-0.18649317,0.49788094,-0.09858188
0.3275874,0.14488581,0.30728093,-0.33585975,0.4293931,-0.29056576,0.48924237,-0.09367122
0.29744405,0.15286793,0.31052008,-0.39549783,0.2674703,-0.3208287,0.4337411,-0.03816625
0.32006034,0.14353655,0.30079553,-0.3480908,0.10685847,-0.27658847,0.41947684,0.03391434
0.33567297,0.15263401,0.30460826,-0.2928635,-0.064391665,-0.14764325,0.38821274,0.026870264
0.3666877,0.17685758,0.33349854,-0.19048443,-0.11052964,0.024872461,0.40008324,-0.06702971
0.32071325,0.19908622,0.3270312,-0.04154211,-0.11025897,0.13081124,0.34849322,-0.17719862
0.24735945,0.15750548,0.31401,0.038879286,-0.105917975,0.20266175,0.2581825,-0.27506143
0.15096937,0.12733777,0.32875866,0.14892259,-0.078168236,0.20613053,0.096413575,-0.35665074
0.1506519,0.053710163,0.3846557,0.18202189,-0.05108858,0.1806879,-0.06378595,-0.349081
0.1682362,-0.03564966,0.42458555,0.17466347,0.019304179,0.14731541,-0.18812396,-0.32536536
0.20622922,-0.12970647,0.5124441,0.06696818,0.06721665,0.12043894,-0.2377174,-0.30302325
0.24465258,-0.15873164,0.54171556,-0.092025094,0.13860846,0.119769104,-0.2431997,-0.23190583
0.25753307,-0.1710123,0.51203954,-0.28914997,0.06990395,0.11406664,-0.26883695,-0.16805173
0.24852327,-0.17768468,0.42547724,-0.3911938,-0.01619555,0.13343023,-0.2685791,-0.095423736
0.18535934,-0.20634699,0.28863108,-0.45970234,-0.058367215,0.18428202,-0.2852117,-0.044990737
0.1411548,-0.22689897,0.12685403,-0.50455433,-0.07797758,0.24871895,-0.32688642,0.0021049648
0.05233184,-0.23821841,-0.105467565,-0.5046234,-0.026537541,0.2521604,-0.2985172,0.058396254
-0.0612933,-0.21348643,-0.34363672,-0.46271533,0.10487724,0.30643478,-0.24588643,0.11505281
-0.14081189,-0.07363048,-0.51051575,-0.37778187,0.26396066,0.3178967,-0.100091,0.13461955
-0.1845366,0.15925041,-0.5656345,-0.24090049,0.35324386,0.30089828,0.04245696,0.13786726
-0.08165253,0.3021489,-0.536355,-0.19995248,0.33354753,0.28720272,0.1950773,0.16208082
-0.016281826,0.39829883,-0.42909864,-0.1819142,0.3015056,0.229183,0.3592144,0.14756486
0.11289131,0.40908998,-0.32267424,-0.17154294,0.27536663,0.17466873,0.48995352,0.07719961
0.14034553,0.38721073,-0.2800253,-0.17129113,0.24561064,0.18569393,0.51750195,-0.06512589
0.09802725,0.35805264,-0.22186026,-0.14312279,0.21290565,0.20754737,0.5245258,-0.1871493
0.0013292573,0.30526948,-0.17228362,-0.09495485,0.15546864,0.22899643,0.4281774,-0.24518509
-0.10083917,0.24689531,-0.134685,-0.063180216,0.053896617,0.2516078,0.32026422,-0.27007493
-0.15856342,0.117292725,-0.10808188,-0.030217476,-0.018735712,0.27951843,0.18102153,-0.25921443
-0.18549812,-0.003010249,-0.12701328,-0.030088497,-0.10169361,0.35103434,0.040332865,-0.24263461
-0.15605015,-0.07905265,-0.211063,0.0085717505,-0.19856945,0.31968418,-0.11602541,-0.20305799
-0.12752277,-0.15021056,-0.24569535,0.021018371,-0.30974504,0.23784983,-0.26676875,-0.1563941
-0.12165931,-0.13263322,-0.28342512,0.03928907,-0.38234645,0.09592117,-0.41813892,-0.14471675
-0.08298419,-0.16662921,-0.29191488,0.03081821,-0.44428924,-0.09907724,-0.48024565,-0.17090288
-0.044282798,-0.1666494,-0.33468807,0.052349612,-0.4377237,-0.31108952,-0.42198268,-0.22435589
0.032556944,-0.1819171,-0.3192396,0.053785708,-0.3918836,-0.44573694,-0.260818,-0.28590325
0.093302056,-0.20918266,-0.2861417,0.07005047,-0.38585532,-0.50909334,-0.013226632,-0.23426028
0.07049625,-0.21312594,-0.2236417,0.092341594,-0.29577532,-0.45990995,0.16099052,-0.1229964
0.047733795,-0.21608591,-0.1643457,0.096043386,-0.23028468,-0.38510576,0.23360749,0.068994895
0.009135983,-0.1971152,-0.12517545,0.1074959,-0.14636417,-0.35154456,0.24398363,0.22360235
0.017557634,-0.14879353,-0.093085706,0.1184455,-0.12938079,-0.27956364,0.251058,0.32049364
0.025673624,-0.055920828,-0.09909327,0.112228975,-0.10499523,-0.21291384,0.24875572,0.4272534
0.071329415,0.017741457,-0.025622692,0.1388241,-0.0582141,-0.1755805,0.27944306,0.5246715
0.17437738,0.048906337,0.022459764,0.15704986,-0.008458368,-0.1365339,0.2851604,0.5393383
0.2843611,0.026470298,0.08439925,0.16185416,0.012219648,-0.09810715,0.3199573,0.532603
0.40841952,-0.017079823,0.19104911,0.14935273,0.099773645,-0.05257889,0.37362775,0.4365551
0.4968922,-0.038564056,0.3205755,0.0953428,0.11370757,-0.004039258,0.44678092,0.27819806
0.5158845,0.02336893,0.41719282,0.039884157,0.18137549,0.025184654,0.4769337,0.07100095
0.47909203,0.15971208,0.4730533,-0.038254093,0.21849902,0.035170205,0.50348794,-0.18853083
0.36368114,0.25358263,0.4854898,-0.061984736,0.24057516,0.056686174,0.46202818,-0.3585882
0.16848974,0.2502963,0.4272788,0.008897923,0.2612504,0.07121457,0.38171145,-0.45391065
0.001372873,0.079163246,0.43119898,-0.03668095,0.32076252,0.11546214,0.34230384,-0.430427
-0.050262906,-0.14769007,0.4175496,-0.18010177,0.33956128,0.06336892,0.2535084,-0.35766855
-0.028615626,-0.33990216,0.21347082,-0.34239158,0.2326982,0.060193446,0.17469354,-0.2997936
0.021151673,-0.48380184,-0.16248266,-0.46457472,0.20887491,0.030060085,0.1924876,-0.24643858
0.050564393,-0.49369517,-0.43723416,-0.41647533,0.24365863,0.055375837,0.16430508,-0.21164574
0.09009806,-0.42788947,-0.5772209,-0.1724906,0.2482029,0.08112543,0.16294533,-0.18521817
0.1086737,-0.37544227,-0.5737149,0.086175196,0.19498551,0.06957164,0.16366996,-0.16780628
0.09119851,-0.3631809,-0.47541785,0.2087028,-0.051615223,0.08384036,0.09131336,-0.16671017
0.11647009,-0.35740536,-0.26876944,0.23032449,-0.26240978,0.046315696,0.03944998,-0.17372622
0.10829194,-0.3790477,-0.10206084,0.24028973,-0.36922058,-0.048970647,-0.030351913,-0.16656093
0.11301927,-0.40568486,0.08914714,0.23184635,-0.29855144,-0.14833413,-0.062468454,-0.11866556
0.10531984,-0.42567647,0.21851574,0.15374123,-0.22061206,-0.17817625,-0.051700406,-0.07624083
0.045706708,-0.5095914,0.25905368,-0.03261562,-0.0735245,-0.18808508,-0.022362538,-0.05222628
0.0014695291,-0.53797185,0.16972964,-0.21744546,-0.059116427,-0.19543102,0.008705698,0.02103995
-0.08483019,-0.5633918,-0.13496712,-0.28632495,-0.07994174,-0.10655883,0.028238885,0.0753662
-0.20917808,-0.4735107,-0.46191964,-0.21540788,-0.1020312,-0.025722684,0.054589193,0.13360393
-0.3008297,-0.18279421,-0.65211314,-0.09274968,-0.14610699,0.031625926,0.07513563,0.20789948
-0.26763096,0.2067372,-0.67547494,-0.11966012,-0.18696226,0.11708068,0.08648685,0.25695187
-0.12965986,0.4933265,-0.5917163,-0.28418127,-0.19871968,0.1972125,0.13042168,0.30725938
0.089592576,0.5658316,-0.3719812,-0.39890307,-0.108294345,0.316849,0.20852928,0.26986575
0.29645377,0.5434931,-0.23081514,-0.367942,0.02839549,0.4184034,0.26816908,0.110688105
0.31778014,0.51404774,-0.14100674,-0.3266987,0.10324288,0.48529404,0.29524735,-0.13584712
0.18164645,0.48396444,-0.12515573,-0.25838736,0.17865954,0.48572022,0.25050932,-0.3355432
0.05867628,0.39980713,-0.039334565,-0.21953288,0.19299713,0.48813552,0.03601477,-0.40060186
-0.016565513,0.2379656,0.040913288,-0.15266097,0.18347602,0.442875,-0.12296767,-0.40443426
-0.02610444,0.11036724,0.04675968,-0.12435866,0.16824502,0.41899538,-0.28214267,-0.33756283
0.026420627,-0.025898997,0.029495351,-0.11473269,0.07838041,0.42065534,-0.40967765,-0.24212688
0.045714255,-0.07865892,0.015209746,-0.12802438,0.036188178,0.39539033,-0.4655074,-0.09771199
0.0025238602,-0.13053176,-0.02910239,-0.12101673,-0.053461798,0.32068342,-0.48559004,0.02509021
-0.093589514,-0.09713568,-0.11731123,-0.13607043,-0.05268587,0.26244304,-0.46407515,0.071212195
-0.21102718,-0.06810691,-0.19675612,-0.11110629,-0.11645144,0.21372014,-0.41949686,0.105923094
-0.32144013,0.02169396,-0.3123092,-0.08770427,-0.1620062,0.12814803,-0.41105896,0.08741752
-0.3442239,0.11832673,-0.32234353,-0.0785401,-0.21961282,0.062026083,-0.40114173,0.041553278
-0.3866004,0.2044779,-0.31518334,-0.06320785,-0.2645017,-0.02568804,-0.40289345,-0.03712054
-0.39334548,0.21001232,-0.27407148,-0.086164795,-0.29412913,-0.10267292,-0.41488475,-0.1282141
-0.36801922,0.17855188,-0.25389826,-0.07793537,-0.30390528,-0.18746209,-0.3974337,-0.2021761
-0.3064985,0.07765363,-0.2863083,-0.046229146,-0.3197382,-0.2696435,-0.3198937,-0.29229352
-0.26293328,-0.0029662463,-0.3422779,-0.033507753,-0.30886832,-0.33286977,-0.19658302,-0.31805283
-0.20821649,-0.083778374,-0.37544614,-0.026223583,-0.32577407,-0.33984914,-0.058184367,-0.27815586
-0.18857647,-0.067813896,-0.421037,-0.04789443,-0.31622773,-0.28585234,0.011624156,-0.16970095
-0.21985485,0.018612716,-0.46966454,-0.069690324,-0.36322543,-0.24008232,0.07357525,-0.025003808
-0.20607209,0.136729,-0.4902265,-0.10852209,-0.38517246,-0.15197915,0.06666384,0.095074296
-0.14498487,0.28577548,-0.4281877,-0.20235106,-0.37987885,-0.030028298,0.07740187,0.17013238
-0.055658873,0.39183497,-0.34587333,-0.25796837,-0.38065425,0.09389881,0.06848755,0.21090268
0.030556677,0.44394523,-0.25289908,-0.23617433,-0.3593818,0.22968318,0.020803992,0.22054315
0.17033598,0.44389307,-0.16477019,-0.16589439,-0.3443106,0.3092201,0.021598047,0.17578347
0.24558905,0.396898,-0.13299279,-0.13183059,-0.37774035,0.37003672,-0.08676982,0.14282204
0.23807386,0.38294905,-0.09120362,-0.020976156,-0.37369198,0.33277416,-0.16452616,0.12189892
0.24795298,0.34206966,-0.1117251,0.059985448,-0.4637376,0.26689592,-0.2481381,0.17133968
0.24545199,0.2960682,-0.12716182,0.12910481,-0.5285515,0.098574616,-0.31618094,0.2071235
0.19357787,0.29315263,-0.12319369,0.19263972,-0.5313298,-0.143551,-0.32453588,0.2346768
0.15189311,0.28253463,-0.120401576,0.25738525,-0.44930148,-0.3871207,-0.24689962,0.23271683
0.16423988,0.26778385,-0.1371109,0.3226403,-0.28791165,-0.5452728,-0.20387061,0.22094801
0.17513445,0.2864419,-0.12488724,0.35050797,-0.009289683,-0.63245344,-0.2046968,0.24266724
0.13520788,0.25925383,-0.13919239,0.35720143,0.28455767,-0.6162449,-0.23456416,0.22265981
0.09853167,0.25654534,-0.12894726,0.35438424,0.5165187,-0.5127956,-0.36279556,0.17033033
0.054687902,0.23992221,-0.12547778,0.33570942,0.5853322,-0.26342392,-0.40420106,0.10897746
-0.000768598,0.2411927,-0.09690343,0.3069763,0.57141864,-0.009512525,-0.37925777,0.06962565
-0.048716154,0.19458038,-0.08720549,0.3140452,0.46442276,0.14519146,-0.22960162,0.074263155
-0.024091782,0.24994597,-0.08257243,0.2724751,0.29168057,0.18416235,-0.07807127,0.111027785
-0.015188003,0.22687145,-0.037232794,0.3011769,0.1611678,0.20105855,0.0042872764,0.1295373
-0.0037522884,0.18512756,-0.017301664,0.30780274,-0.011976593,0.20204024,0.075559735,0.11642925
0.0047014533,0.18877988,-0.0036558197,0.3474562,-0.117596224,0.14961149,0.10734801,0.114536755
0.016850144,0.14910573,0.014484804,0.3845858,-0.22018558,0.087766,0.0970809,0.119176224
0.03744141,0.10442056,0.09927235,0.4515809,-0.20573026,0.0065519023,0.08651062,0.13289914
0.045292556,0.09228661,0.13849299,0.49168274,-0.108247146,-0.071346834,0.07993185,0.14781755
0.044587176,0.039913822,0.23122585,0.48378354,0.037197452,-0.10395777,0.08480838,0.1954787
0.036469527,-0.02465451,0.3243641,0.3928178,0.29570776,-0.09729068,0.15547791,0.23693451
0.06979987,-0.053077385,0.34807226,0.24179003,0.45161352,-0.050965197,0.21759093,0.28690124
0.061603263,-0.115496084,0.3856893,-0.04287099,0.51921916,-0.06734517,0.3161375,0.28956196
0.10014847,-0.13238187,0.31084895,-0.3394741,0.42952153,-0.16560666,0.35134274,0.3451547
0.14839295,-0.12640879,0.21030253,-0.4859935,0.31199953,-0.2279285,0.38067973,0.39990315
0.16225551,-0.11766219,0.042155836,-0.54143316,0.1599862,-0.21600983,0.37113142,0.46076384
0.22914296,-0.11278209,-0.09155063,-0.53190595,0.04532368,-0.10674426,0.36166084,0.45756304
0.29183087,-0.10892659,-0.14543666,-0.49695998,0.01034385,0.03456221,0.41107178,0.38077974
0.35212755,-0.16043743,-0.22291106,-0.47095314,0.09709533,0.15045655,0.50148684,0.23127377
0.36848032,-0.18835877,-0.24550612,-0.41307494,0.17134471,0.21235466,0.5863782,0.005236965
0.31537545,-0.1974679,-0.28628933,-0.3760568,0.23960193,0.2148188,0.5555866,-0.27403963
0.22438572,-0.21125959,-0.31841037,-0.29660538,0.31890976,0.18183206,0.501769,-0.45601562
0.1674561,-0.22471716,-0.314373,-0.24557051,0.30104858,0.13827291,0.3829213,-0.5404605
0.16563074,-0.24255446,-0.33453113,-0.17606533,0.271364,0.102598295,0.26048902,-0.5290409
0.18231079,-0.25830382,-0.30909234,-0.087620005,0.19710632,0.09075494,0.14855473,-0.54164076
0.30679727,-0.27291113,-0.24549186,-0.021912524,0.13292855,0.1126811,0.0049628504,-0.56114274
0.40701544,-0.2557294,-0.090688445,-0.0333847,0.052083142,0.12911454,-0.14715251,-0.5555836
0.52367985,-0.08969544,0.08085339,-0.061674833,0.004240681,0.12748349,-0.27577218,-0.4848728
0.5711288,0.09864343,0.21288326,-0.046449278,-0.021125667,0.074540846,-0.35540986,-0.35622942
0.59539145,0.24532837,0.23779121,0.02022811,-0.021801114,0.053453654,-0.4172953,-0.1732169
0.54263765,0.33287102,0.15595865,0.13860744,0.0037221513,-0.0037403975,-0.4183624,-0.0026267557
0.4925545,0.33145565,0.067934625,0.23849194,0.05986971,-0.0665811,-0.3730561,0.11177259
0.46352714,0.32870555,-0.012639192,0.2862159,0.09697564,-0.11898859,-0.31110498,0.1765889
0.41730833,0.27698082,-0.057264045,0.32262957,0.10106438,-0.12836817,-0.28047532,0.22446588
0.36584738,0.20324337,-0.0725007,0.35109773,0.10143939,-0.13355154,-0.23297542,0.24518394
0.34039748,0.18912318,-0.076017715,0.3673764,0.10235004,-0.133387,-0.1768383,0.2677051
0.2826147,0.13628645,0.02060013,0.36143264,0.221059,-0.13762863,-0.12861705,0.27210003
0.26222086,0.104022406,0.0598645,0.33583683,0.25867626,-0.093374334,-0.08309911,0.27499074
0.2257239,0.09236112,0.13204372,0.2935619,0.30374786,-0.05974057,-0.008534165,0.27978826
0.22012722,0.07336821,0.20152728,0.1867959,0.38057745,-0.014346658,0.080182336,0.2606681
0.2488151,0.050369687,0.22687809,0.10079544,0.39691576,0.010028056,0.19889468,0.23246355
0.2777458,0.026907558,0.27880296,-0.054504655,0.4112455,-0.0017445405,0.30457607,0.17541642
0.29473656,0.031731848,0.31269506,-0.19581494,0.41218203,-0.05610611,0.38705572,0.097726725
0.32492056,0.036618385,0.3021074,-0.31157845,0.3107046,-0.0709673,0.4202324,0.045687348
0.315871,0.00972837,0.3121091,-0.3921284,0.19381832,-0.100827046,0.44230485,0.007873257
0.32423428,0.028100347,0.27703807,-0.3775057,0.08236836,-0.04678124,0.4264271,-0.05524712
0.29197484,0.025412269,0.25347918,-0.3692143,-0.0028964125,0.028178569,0.38694236,-0.1607377
0.23077528,0.03461421,0.22823258,-0.36821058,-0.054201603,0.14223538,0.30138987,-0.22771046
0.19720423,-0.033717193,0.18938692,-0.33544537,-0.05673731,0.27176788,0.16140565,-0.33185315
0.18617254,-0.10931903,0.113510385,-0.31443757,-0.040737044,0.35481286,-0.059733987,-0.39127558
0.22416951,-0.13902783,0.07259211,-0.33066553,-0.025453717,0.4006893,-0.27853617,-0.3400775
0.26729143,-0.13727054,0.05854456,-0.33182862,-0.009096636,0.38546318,-0.40333766,-0.22587453
0.27442986,-0.13170926,0.009293885,-0.31346613,-0.004702597,0.35121164,-0.47007173,-0.04725097
0.18194231,-0.13148417,-0.066940814,-0.36502331,0.06326322,0.3604674,-0.4194023,0.116489716
0.057167374,-0.14202638,-0.16927536,-0.33118972,0.109133504,0.36983877,-0.30401123,0.1742152
-0.0834121,-0.06321844,-0.29400238,-0.3007993,0.17372982,0.33472192,-0.14939606,0.20691098
-0.13162826,0.07721419,-0.3703417,-0.25640196,0.21385302,0.3597617,0.06562767,0.19684412
-0.0821094,0.17647427,-0.38480863,-0.21841502,0.24533162,0.36264834,0.19307937,0.16248903
2.913922e-05,0.22422183,-0.34505752,-0.18505661,0.21425022,0.3250321,0.36679986,0.110474765
0.037195466,0.23930444,-0.29163527,-0.17196155,0.13652433,0.35529977,0.39696762,-0.008743175
0.02917585,0.22485468,-0.25538218,-0.1286334,0.096603185,0.40621078,0.38282898,-0.17757623
-0.026047796,0.18644942,-0.2029369,-0.10158639,0.025059475,0.401948,0.29310188,-0.27830067
-0.06866207,0.11317386,-0.20361418,-0.08946312,-0.05391148,0.44814342,0.070845924,-0.3199217
-0.06039454,0.02781094,-0.2321756,-0.061997153,-0.1583779,0.42881522,-0.19688858,-0.3259388
-0.014782455,-0.04684272,-0.2398235,-0.030896334,-0.2664576,0.38559103,-0.41099742,-0.25342047
0.0018228273,-0.08865328,-0.24773407,-0.0020183893,-0.32783508,0.24490026,-0.5622604,-0.13314854
-0.00023956597,-0.099419974,-0.22179344,0.019131156,-0.3892027,-0.04187784,-0.58386064,-0.11060608
0.004107668,-0.10304812,-0.21759741,0.0011751236,-0.40839958,-0.2987934,-0.59822637,-0.17807142
0.108092315,-0.1310417,-0.19510208,0.0641529,-0.38028827,-0.47467566,-0.43092185,-0.28918102
0.19202164,-0.18865697,-0.12082191,0.07751334,-0.28420857,-0.55017996,-0.19521224,-0.3087712
0.22631535,-0.2221973,-0.05373474,0.075749286,-0.16016814,-0.560266,0.044008438,-0.24427456
0.21880311,-0.21617183,0.0453996,0.033083014,-0.01567067,-0.5301264,0.14551584,-0.10591856
0.19302955,-0.25052616,0.11824292,-0.060541186,0.08803751,-0.46942586,0.19170126,0.0069807526
0.15129574,-0.27281162,0.12357674,-0.13212729,0.10724627,-0.4112284,0.198597,0.15160364
0.073798984,-0.2421854,0.046362326,-0.21989666,0.055856798,-0.35279605,0.16429366,0.28218853
-0.02681773,-0.22289568,-0.06857263,-0.23345396,-0.005599969,-0.27452058,0.16394548,0.35419118
-0.087419845,-0.10188275,-0.19148098,-0.240628,-0.017545896,-0.19164705,0.16419342,0.41614565
-0.06510406,0.08022227,-0.2503763,-0.19186543,-0.015209532,-0.120138936,0.16952398,0.5228889
0.054321773,0.2216506,-0.22709696,-0.17369321,-0.047115576,-0.060110018,0.20555307,0.55170316
0.29002714,0.24814843,-0.17817405,-0.12971781,-0.07491763,0.0103820255,0.30182353,0.54275715
0.47237387,0.15553078,-0.17426819,-0.13071226,-0.10092313,0.12653707,0.3988227,0.36335275
0.5336461,0.076633684,-0.0896508,-0.07108326,-0.1082381,0.27422893,0.4243962,0.055809885
0.49160987,0.080351636,0.00021003187,-0.023976201,-0.19938727,0.35697952,0.28508657,-0.29711148
0.43189466,0.15580001,0.035323024,0.055928785,-0.3052627,0.36579674,-0.06122266,-0.4267726
0.4349517,0.22699253,0.0740504,0.1511636,-0.3750211,0.26484948,-0.36955908,-0.31948128
0.41094685,0.26192987,0.053404126,0.27556384,-0.38061073,0.011710511,-0.5259017,-0.14591877
0.389887,0.25607878,0.018199103,0.39237505,-0.27825776,-0.32262468,-0.50292945,-0.050383836
0.3402164,0.2522391,0.022549814,0.44279972,-0.013259974,-0.47687298,-0.42044777,-0.052926388
0.3085791,0.26323205,-0.024585392,0.44994688,0.32987306,-0.46355456,-0.34434474,-0.06988698
0.29055393,0.24290617,-0.00033426564,0.43176714,0.5745006,-0.2906871,-0.33566028,-0.06692432
0.2677551,0.20564073,0.018558659,0.3809347,0.5835141,-0.072055265,-0.28318644,-0.050063957
0.21948847,0.1805233,0.064497605,0.2939774,0.5499494,0.13267255,-0.16641182,-0.01209916
0.1880922,0.1698891,0.08596764,0.23505874,0.46055144,0.21979122,-0.033172593,0.0044804513
0.17789353,0.13619965,0.10471178,0.19496891,0.33272913,0.24809702,0.09284742,-0.028176656
0.15705481,0.08398659,0.14461033,0.12583172,0.25367442,0.27989912,0.16313453,-0.089142665
0.13205686,0.014263467,0.18795484,0.068168975,0.1666542,0.2876552,0.13197474,-0.16923262
0.1265353,-0.06356084,0.2251091,-0.014304467,0.14903258,0.2938573,0.103939325,-0.20653795
0.13891883,-0.15084606,0.25507534,-0.101928376,0.10296429,0.30706507,0.033256564,-0.25218228
0.16065174,-0.21042706,0.22797914,-0.15760884,0.070929185,0.30820805,-0.060204085,-0.26694086
0.16596723,-0.28579012,0.12927762,-0.28375393,0.05146067,0.3213875,-0.17182194,-0.2204011
0.20322903,-0.28599346,0.06081782,-0.30474818,0.026811337,0.3458373,-0.23121949,-0.16778587
0.21649355,-0.30710018,-0.035005424,-0.37862206,0.0886912,0.32881436,-0.26488337,-0.113502145
0.18319713,-0.3083733,-0.16452949,-0.3819462,0.1470739,0.35181248,-0.2672677,-0.024376264
0.101135574,-0.29396045,-0.27683496,-0.35471517,0.21089149,0.35085467,-0.21880251,0.021265984
0.032004114,-0.2690788,-0.4311589,-0.26212776,0.24509901,0.34146568,-0.07567411,0.056299567
-0.02884169,-0.186941,-0.46576038,-0.0949204,0.2985033,0.31092295,0.045944985,0.03716179
-0.03027629,-0.07086845,-0.51561517,-0.0052064336,0.17307346,0.3229504,0.105922885,0.0029166965
-0.041307528,-0.005902207,-0.5276796,0.04325532,-0.021105388,0.33507544,0.08306222,-0.024682611
-0.053869642,0.082669534,-0.4928365,0.020083975,-0.28273928,0.35917762,-0.0045969607,-0.0127222305
-0.091172025,0.1512224,-0.4663469,-0.013960803,-0.4114637,0.30295244,-0.16467567,-0.008041585
-0.091228135,0.2013595,-0.40958655,-0.07888487,-0.507679,0.22630505,-0.29659936,0.011007759
-0.1278994,0.25379935,-0.37740055,-0.1757215,-0.48176172,0.11029253,-0.4128401,0.016257985
-0.12830755,0.30898702,-0.31151775,-0.19384731,-0.503633,-0.03894952,-0.45117256,-0.01710247
-0.15301329,0.3073453,-0.23607261,-0.19777325,-0.49760664,-0.20256479,-0.44773802,-0.08574108
-0.1558978,0.27297363,-0.16402672,-0.14632837,-0.50063765,-0.3062575,-0.38553536,-0.15256606
-0.1484264,0.1798012,-0.10556546,-0.059638165,-0.4655769,-0.37862512,-0.27939397,-0.22051595
-0.13808107,0.09134872,-0.11006167,-0.009088594,-0.44788408,-0.4275244,-0.1329442,-0.20101634
-0.12681937,-0.012332411,-0.12740986,0.033732038,-0.3797769,-0.39840165,0.04958773,-0.11117399
-0.1889499,-0.028665949,-0.17123365,0.073375694,-0.31967354,-0.3630757,0.15833904,0.056272697
-0.12616077,0.0138527155,-0.15070516,0.0977335,-0.27668896,-0.323262,0.1916056,0.22547263
-0.08833374,0.1299892,-0.15901998,0.11982008,-0.21355057,-0.27148545,0.19869366,0.3747827
0.022284387,0.2302757,-0.13727479,0.15699577,-0.24196766,-0.23690854,0.2050904,0.46188718
0.19645573,0.24781719,-0.10630826,0.19572265,-0.19145794,-0.19824673,0.215712,0.5171148
0.3593931,0.1995124,-0.09529303,0.21313612,-0.17368707,-0.19129086,0.18667653,0.5059095
0.46203184,0.110573635,-0.05330597,0.25632763,-0.109090984,-0.1726349,0.2354283,0.43014097
0.51693434,0.026277378,0.08616275,0.25527978,-0.052303545,-0.15106788,0.2244537,0.36416084
0.5176015,0.010098728,0.22769536,0.26015672,0.08243221,-0.13112013,0.24149673,0.23607723
0.5166688,0.039009042,0.42258194,0.19002795,0.23789473,-0.11370261,0.26663285,0.13833511
0.52566224,0.114356846,0.48533034,0.058205526,0.37215978,-0.10895696,0.29952323,0.029657649
0.51090175,0.26364344,0.50488734,-0.0810622,0.46871814,-0.16148213,0.33197644,-0.10862427
0.44527438,0.38894895,0.44921494,-0.10673808,0.46876478,-0.19677582,0.35246247,-0.20742667
0.3426956,0.41788915,0.3996937,-0.056765232,0.4811268,-0.23789221,0.32806626,-0.22704269
0.2552142,0.4180992,0.3320851,-0.03344479,0.5247248,-0.26011875,0.32874566,-0.20492008
0.18001203,0.3335413,0.32499626,-0.086327344,0.5388058,-0.29103372,0.33014885,-0.10675844
0.17453082,0.28298208,0.3204328,-0.12637684,0.5573456,-0.35857642,0.26992232,0.035566244
0.21621269,0.2609053,0.31585357,-0.18028201,0.5365772,-0.42975083,0.20507272,0.121353954
0.2436147,0.22481704,0.32598358,-0.2523217,0.48363453,-0.43102133,0.10358108,0.18981688
0.2920384,0.2097237,0.3293703,-0.2900118,0.3906691,-0.42923227,-0.015187034,0.23520628
0.27888578,0.20167501,0.3303134,-0.27192536,0.243101,-0.39703056,-0.11706323,0.2569145
0.279193,0.16439773,0.341269,-0.24326044,0.07522454,-0.36457717,-0.12745413,0.2918677
0.22231549,0.16564007,0.31614023,-0.16830151,0.029312823,-0.31997323,-0.15457822,0.29514697
0.1708207,0.12177926,0.33238006,-0.11983665,-0.0021505137,-0.30719927,-0.1371061,0.30948833
0.07863682,0.07489455,0.3318747,-0.0731875,0.0028774473,-0.28800714,-0.14318253,0.29177716
0.040717896,0.061716255,0.3151751,-0.07810567,0.02427551,-0.2544641,-0.13983874,0.32482052
-0.047184534,0.016006704,0.27754402,-0.08072378,0.084281184,-0.24825749,-0.13438185,0.33084437
-0.10391616,-0.0119606815,0.2229464,-0.12838575,0.06378431,-0.22159614,-0.11243463,0.348654
-0.18626918,0.018121833,0.14072423,-0.13266817,0.05669794,-0.20696306,-0.09715266,0.35938513
-0.24860664,0.06983265,0.09296006,-0.122175515,0.06300898,-0.16930905,-0.0724618,0.4086184
-0.19610806,0.1929851,0.077099636,-0.090218045,0.055101883,-0.1102588,-0.030784324,0.4486885
-0.07815938,0.2713509,0.12108897,-0.05845882,0.022702118,-0.039753746,0.05370339,0.51211613
0.060092095,0.31606,0.1375,0.050365377,0.062776715,-0.055189792,0.13133463,0.50865346
0.28870872,0.3212056,0.091149695,0.18124682,0.058790445,-0.016100163,0.23526174,0.5255322
0.48383287,0.24258304,0.06345123,0.19614482,0.09095645,0.005921533,0.31828317,0.4026353
0.60245216,0.18781205,0.078376204,0.20872118,0.10140928,0.045815706,0.39106172,0.17970386
0.6011443,0.20739245,0.12563203,0.22867681,0.102790475,0.031164307,0.40858385,-0.061183024
0.5124737,0.33372024,0.06516293,0.30915204,0.094375364,0.07226495,0.3244491,-0.31301862
0.33222726,0.37691075,-0.02893315,0.3632491,0.05348081,0.06174306,0.20402822,-0.4544111
0.12701765,0.33405852,-0.107304856,0.40491587,-0.027882596,0.07124132,0.1529854,-0.49367952
0.038577564,0.2316193,-0.1037801,0.44363934,-0.10924029,0.021959154,0.0012899779,-0.4568931
-0.0215486,0.12698692,-0.06969152,0.4661293,-0.15469159,-0.09441932,-0.061325498,-0.39387435
-0.02258628,-0.0019548584,-0.00652415,0.47644106,-0.1017873,-0.20233132,-0.05548367,-0.34905484
-0.010346327,-0.113902904,0.13838129,0.45478687,0.1204182,-0.24963608,-0.0055691134,-0.26465797
0.0031568452,-0.25739846,0.24439098,0.30006486,0.32716805,-0.21622403,0.030232415,-0.20691961
0.03390735,-0.38975328,0.2720364,0.0036661758,0.43455037,-0.15075968,0.013002687,-0.11825426
0.0038242005,-0.46548262,0.12548009,-0.31908837,0.4324519,-0.15605333,0.029015176,-0.04202581
-0.04428577,-0.47864398,-0.20487003,-0.42391065,0.31895685,-0.2003384,0.07719715,0.03474995
-0.122738905,-0.39383858,-0.50841695,-0.30572942,0.30279773,-0.18848522,0.14031337,0.13210188
-0.17604412,-0.16360365,-0.6225354,-0.08884879,0.26786456,-0.16901816,0.112789765,0.2251997
-0.14313719,0.14912169,-0.61575645,0.0052514784,0.15773942,-0.14749976,0.108976595,0.32945132
-0.013846198,0.41108745,-0.59740114,-0.025462836,-0.006607913,-0.10527106,0.16747966,0.41897044
0.25091183,0.4547083,-0.5377366,-0.12273623,-0.032316223,-0.06570859,0.20115937,0.4296568
0.46919352,0.3400813,-0.49523512,-0.21601637,-0.039213795,0.018145723,0.28524742,0.32569402
0.55166936,0.15068045,-0.4933603,-0.25572476,-0.01707418,0.12695731,0.3016486,0.138637
0.5560453,0.040602732,-0.44346246,-0.2551817,-0.0050092516,0.21546866,0.29045823,-0.12561786
0.47478393,0.016970167,-0.34184787,-0.21489687,-0.017530277,0.29381543,0.14961994,-0.35001937
0.44071266,0.06755027,-0.28472394,-0.18063016,0.005889808,0.32674664,-0.045220435,-0.4223381
0.44461748,0.09823132,-0.21464078,-0.15007742,-0.043126274,0.31861895,-0.27798092,-0.3849872
0.4572643,0.13419522,-0.1295311,-0.10303978,-0.11057385,0.27484798,-0.4285173,-0.2212099
0.42185092,0.14932904,-0.10168178,-0.07196867,-0.121034704,0.18304643,-0.4896304,-0.0073543056
0.3402675,0.09176659,-0.05354193,-0.027334101,-0.16101138,0.12926535,-0.48836145,0.17329818
0.18782921,0.068740435,-0.01047421,0.01188153,-0.22639762,0.0008376537,-0.43992764,0.2516697
0.08911241,0.06919827,0.040939763,0.094764754,-0.24343245,-0.16488248,-0.377046,0.24023828
-0.05607554,0.062177192,0.036225967,0.13687296,-0.1941454,-0.24516265,-0.35561422,0.19329786
-0.15437345,0.0383713,0.06996125,0.18285811,-0.011755201,-0.33336326,-0.32304084,0.1224275
-0.21438895,0.030864825,0.03734117,0.14292683,0.06984241,-0.3254628,-0.30517867,0.09518861
-0.25289395,-0.016124673,0.01568505,0.10266356,0.18664883,-0.3196045,-0.2953473,0.01922247
-0.28226206,-0.09537491,-0.044538017,0.08775234,0.24621597,-0.26720357,-0.26888227,-0.017840128
-0.28325754,-0.13990183,-0.10862096,0.053139575,0.28705597,-0.22325017,-0.23959664,-0.079726934
-0.32638606,-0.12141375,-0.23156466,0.06409887,0.24159236,-0.17024145,-0.22295941,-0.05956209
-0.3284779,-0.058731947,-0.3007131,0.088226356,0.18621631,-0.16442259,-0.19687237,-0.046460383
-0.34985304,0.022849835,-0.35496336,0.11921324,0.083189756,-0.14144503,-0.14043912,0.0042905095
-0.37047875,0.1177439,-0.40705684,0.15882765,-0.026946502,-0.15379122,-0.12534292,0.013788911
-0.33356905,0.22544599,-0.38041115,0.1428343,-0.10329228,-0.15522015,-0.108159475,0.0575033
-0.31262165,0.33109,-0.31707692,0.13358226,-0.1511659,-0.22094956,-0.07350939,0.09675841
-0.29941842,0.4038419,-0.26473787,0.10667151,-0.20454438,-0.2573832,-0.080590285,0.109554715
-0.18854526,0.48032057,-0.14873569,0.16126429,-0.1956019,-0.25650176,-0.0369876,0.22039092
-0.0140179,0.53622997,-0.12365994,0.21303983,-0.15353255,-0.28314242,-0.026744159,0.26943058
0.17811845,0.5391726,-0.17834313,0.2598916,-0.14288531,-0.2629331,0.002088499,0.3218064
0.30841324,0.50484663,-0.29009533,0.29256657,-0.094302215,-0.30055547,0.0012466006,0.3254315
0.4469587,0.39515033,-0.40888882,0.2231106,-0.09671262,-0.29446256,-0.015283613,0.32519522
0.51272696,0.18638842,-0.43094867,0.12258744,-0.17194064,-0.28868392,0.012160569,0.3676141
0.48851675,0.044675574,-0.37284836,0.1305414,-0.19518316,-0.29910693,0.020524591,0.32364514
0.4300418,-0.060853567,-0.1841142,0.12419713,-0.14982758,-0.31349885,-0.026336446,0.29898292
0.3491445,-0.13730808,-0.0014230004,0.14341582,-0.07345286,-0.31759587,0.012715932,0.31653732
0.22606078,-0.15520296,0.13657203,0.13621423,0.03585139,-0.32236692,-0.0070803585,0.34388256
0.12847623,-0.13940181,0.20644283,0.043669164,0.13254504,-0.31731758,-0.0093325125,0.36343253
-0.015538544,-0.1503361,0.18737507,-0.053040512,0.16177312,-0.29172066,-0.05225861,0.3779647
-0.12741685,-0.09637244,0.12800433,-0.15045223,0.16193517,-0.23705822,-0.047199473,0.41639134
-0.19561492,-0.008409168,0.030223737,-0.15791984,0.16680461,-0.20505676,-0.042631615,0.44145995
-0.20285703,0.18337674,-0.0061830166,-0.15237443,0.122139886,-0.18137233,-0.052763972,0.5088939
-0.10092615,0.31405836,-0.012488584,-0.10794325,0.13049094,-0.13671567,-0.00699033,0.5395352
0.044249214,0.39035386,0.08989265,-0.016708078,0.087468125,-0.10661219,0.047060028,0.5417721
0.30201146,0.35171857,0.042609043,0.04038223,0.09800346,-0.08896474,0.12549254,0.57457644
0.4899568,0.2784113,-0.027356567,0.1415614,0.10130652,-0.07704072,0.19322574,0.50038123
0.61926323,0.16364172,-0.027536314,0.1322719,0.13275549,-0.041390095,0.27466595,0.33400017
0.64258915,0.1365496,0.04526949,0.15312588,0.12197362,0.0027563428,0.31157586,0.098230824
0.6134682,0.24073295,0.1478671,0.17054312,0.12963718,0.022167832,0.31054753,-0.2045207
0.53928876,0.35270455,0.13585368,0.20526184,0.12924129,0.021596303,0.23017935,-0.345249
0.35671473,0.40325183,0.024938537,0.31249097,0.11879038,0.028397493,0.1622861,-0.44012642
0.17314485,0.37278384,-0.06377681,0.33853117,0.06239532,0.043930702,0.12664974,-0.4885118
0.028124453,0.26350668,-0.06632835,0.35704,0.003445485,0.041760333,0.017304214,-0.46400917
-0.01410758,0.13532206,-0.08613724,0.38263357,-0.071103476,-0.057418764,-0.036196645,-0.41103494
-0.03590904,0.040976565,-0.013660289,0.43018654,-0.06165581,-0.11833825,-0.06037202,-0.3497216
0.011694926,-0.08563951,0.067311674,0.39272466,-0.025043145,-0.18774173,-0.06981321,-0.311132
0.0076311687,-0.20444396,0.17765021,0.32239455,0.17055793,-0.18563342,-0.060708016,-0.24743138
0.040905334,-0.34047365,0.282973,0.09913096,0.32148317,-0.13248795,-0.04915919,-0.1881951
0.05105574,-0.41643804,0.23199289,-0.19197379,0.32986054,-0.103734635,-0.030575141,-0.07644945
0.08190308,-0.48620108,0.05966699,-0.39455655,0.23765312,-0.1266381,0.0151213985,-0.083445534
0.012688284,-0.4895297,-0.28259945,-0.3946656,0.21748681,-0.09862497,0.04180919,-0.02752907
0.0035267437,-0.4426104,-0.50471413,-0.3332688,0.2136766,-0.05878749,0.093297176,-0.0072351997
-0.086176924,-0.31281403,-0.6085986,-0.070518106,0.18234815,-0.043753516,0.11012855,0.06987969
-0.09329635,-0.17959993,-0.6170427,0.1110647,0.07446608,0.010634141,0.10593689,0.093401894
-0.10686052,0.026975106,-0.5975854,0.12374557,-0.15560822,0.013250857,0.11697099,0.17493187
-0.064807475,0.20003685,-0.5429717,0.094728746,-0.36210966,-0.0028423776,0.118410714,0.21610057
-0.013603705,0.3136319,-0.5236634,-0.008050893,-0.45788944,0.047405176,0.10593022,0.23787703
0.10120963,0.35695988,-0.4589476,-0.17689484,-0.44218037,0.1912363,0.08775853,0.21012308
0.17750648,0.3543865,-0.42933285,-0.27030218,-0.43541127,0.30616832,0.01438114,0.15045
0.24305527,0.30322877,-0.34477934,-0.3180251,-0.3841453,0.42306355,-0.061973996,0.09162315
0.2887631,0.29943478,-0.28192186,-0.33551133,-0.27794066,0.4742385,-0.13883884,0.091227956
0.24528074,0.26734886,-0.25876495,-0.28892812,-0.21716377,0.49344894,-0.17639059,0.07983905
0.2696364,0.24304599,-0.2117379,-0.2592774,-0.14675252,0.5046559,-0.16600399,0.10955751
0.227224,0.22131951,-0.19152984,-0.23031124,-0.114677876,0.50578153,-0.10832229,0.093856014
0.265954,0.22685294,-0.13469249,-0.19516286,-0.031177925,0.52900755,-0.050736263,0.06762781
0.2060616,0.18735075,-0.101798624,-0.15255204,-0.100465134,0.5441631,-0.083466545,0.019786896
0.19355717,0.13307625,-0.10186351,-0.10761456,-0.15494725,0.536469,-0.12485933,-0.004019913
0.18103151,0.12709723,-0.0693851,-0.068237945,-0.23503804,0.50961775,-0.21268871,0.04298815
0.13377772,0.11117971,-0.03601265,0.03660971,-0.32974005,0.43692103,-0.31053555,0.12956575
0.07257252,0.13823353,-0.0007779019,0.12280879,-0.42133808,0.2673477,-0.38261795,0.19460301
-0.033483166,0.10390871,0.023744028,0.2076627,-0.45903453,0.014155679,-0.4082437,0.20717813
-0.13792379,0.122662134,0.027184125,0.28802252,-0.3986678,-0.2691813,-0.3919902,0.1477105
-0.1869114,0.11596708,0.04929065,0.35992378,-0.18125431,-0.45429945,-0.31110403,0.09337134
-0.24330883,-0.01085568,0.090106495,0.33816284,0.1030898,-0.4834751,-0.23675874,-0.014967926
-0.27045915,-0.08557344,0.039438315,0.274158,0.40912062,-0.4549358,-0.2256551,-0.05670547
-0.28274283,-0.26507208,-0.0035653037,0.12152556,0.52040213,-0.31178856,-0.26740605,-0.11562465
-0.27846414,-0.3423481,-0.1305987,0.06914778,0.5265338,-0.18850267,-0.2599333,-0.15824251
-0.25700575,-0.36357868,-0.28630048,0.03552081,0.47937983,-0.09055715,-0.19393149,-0.13224
-0.25847068,-0.28951392,-0.40502244,0.11382497,0.37593716,-0.036842115,-0.17221363,-0.12746999
-0.21833028,-0.2440397,-0.42264658,0.21920621,0.195838,-0.013808513,-0.1420657,-0.12033522
-0.24076138,-0.14421898,-0.43629494,0.2782016,-0.028559396,-0.02400115,-0.10184895,-0.04925387
-0.26537585,-0.0315693,-0.39645624,0.31165,-0.19372773,-0.06286844,-0.08642207,0.014567633
-0.28913203,0.043930452,-0.3752742,0.29580754,-0.35690784,-0.19833477,-0.08842237,0.01894516
-0.27309284,0.18032669,-0.36257198,0.21139604,-0.36856592,-0.3087092,-0.06552324,0.11263185
-0.25563717,0.2909318,-0.30642164,0.21046299,-0.3646433,-0.37265873,-0.01332018,0.19797716
-0.14895982,0.40999362,-0.24826325,0.19652061,-0.27137432,-0.41482338,0.056206014,0.3029834
0.07120405,0.5118908,-0.26683715,0.2125383,-0.22279854,-0.40546396,0.06004269,0.38752994
0.2483358,0.5280709,-0.3017633,0.2159232,-0.15200908,-0.4278831,-0.0070747375,0.43620315
0.43435696,0.44238847,-0.41435283,0.14713421,-0.12040835,-0.4095249,-0.047562085,0.45574707
0.49661636,0.25069934,-0.41706485,0.111727655,-0.08776819,-0.41449594,-0.09690851,0.4573008
0.4549147,0.0982462,-0.3518991,0.07438824,-0.07854572,-0.4422508,-0.1818464,0.44443038
0.33447978,-0.030556614,-0.23474076,0.10616523,-0.007207969,-0.4495669,-0.2351785,0.4434945
0.12349455,-0.026688186,-0.1752595,0.12919317,0.061652955,-0.4783311,-0.33033675,0.39871094
-0.050476406,0.05917373,-0.18307695,0.13331595,0.11859228,-0.50380594,-0.40493718,0.35560298
-0.22145018,0.1299151,-0.14550702,0.13257763,0.17911616,-0.50110126,-0.44329205,0.22093064
-0.29227486,0.1892727,-0.1201512,0.17338613,0.29566225,-0.42363322,-0.46465456,0.056299366
-0.2411627,0.13607155,-0.12401281,0.14533497,0.3310547,-0.29670116,-0.39321116,-0.1154141
-0.22469562,0.04423123,-0.120447405,0.1262526,0.3748464,-0.22272593,-0.35380486,-0.21902177
-0.15238139,-0.12559639,-0.14635865,0.14198984,0.3697492,-0.13943811,-0.31185073,-0.27741933
-0.056510396,-0.23722278,-0.16231,0.0828939,0.34352615,-0.09499151,-0.26476023,-0.31307933
0.041508734,-0.29064122,-0.11827936,0.07992652,0.24361639,-0.045738332,-0.26195934,-0.28924072
0.121848635,-0.31229514,-0.05671616,0.05325662,0.17833053,-0.05263188,-0.27989358,-0.23532265
0.1824687,-0.35124534,0.002106507,-0.016516533,0.13426821,0.0044597206,-0.26627487,-0.21360317
