0.24887916,0.1969687,-0.2065372,-0.16712058,0.19750652,-0.19531164,-0.15495518,-0.07579593
0.24042788,0.17506209,-0.14878856,-0.13195045,0.1706185,-0.16087131,-0.109760076,-0.050557308
0.23400554,0.17261383,-0.14782178,-0.12543759,0.09605092,-0.13952547,-0.09908891,-0.027820304
0.19422343,0.13035534,-0.10586805,-0.079771906,0.08922198,-0.1159389,-0.047520626,-0.008297794
0.16307187,0.13989633,-0.106834695,-0.06356606,0.059296634,-0.06957151,-0.02991664,0.00069697946
0.14531943,0.10089879,-0.079986945,-0.042671993,0.07131833,-0.05889757,-0.027053531,0.019065507
0.09625853,0.09469712,-0.06829944,-0.003951393,0.0044214875,-0.0252356,-0.012225818,0.030080542
0.12242844,0.05472035,-0.027080536,0.005655512,-0.0009871051,-0.023811556,0.02213971,0.0715561
0.09327879,0.050930813,-0.016029172,0.01151216,-0.022367552,0.002633363,0.035241835,0.079402514
0.05444417,0.02286247,-0.0013402095,0.05527912,-0.05676046,-0.0028686598,0.06244633,0.08324828
0.052213438,0.028272728,0.012501811,0.06067276,-0.07758346,0.025885679,0.09285608,0.13061103
0.03373467,-0.016814955,0.05622275,0.058114648,-0.091960594,0.04294686,0.07673908,0.13520417
0.020456202,-0.023431517,0.068905376,0.064531684,-0.12932882,0.033585764,0.1377937,0.13591558
0.002594106,-0.06758172,0.06699506,0.10616523,-0.08836359,0.071573615,0.14577328,0.14298368
-0.009171911,-0.08631431,0.09326383,0.111901715,-0.12606832,0.085317865,0.13560231,0.17863527
-0.013364844,-0.08796025,0.08600657,0.100708604,-0.180256,0.13565451,0.1378275,0.17178959
-0.030553166,-0.09499361,0.12544914,0.1148632,-0.18922646,0.13190033,0.16198848,0.17684439
-0.03850946,-0.14215493,0.10958281,0.12722886,-0.19452734,0.14547092,0.15380923,0.18818697
-0.07329307,-0.12093263,0.09864289,0.13124931,-0.23676164,0.16600993,0.17800245,0.17075917
-0.07961786,-0.1313707,0.081830546,0.13462713,-0.27149928,0.15561754,0.13702534,0.20242876
-0.12766522,-0.14771354,0.084113635,0.16306776,-0.3185451,0.1808993,0.15197034,0.22243828
-0.17372975,-0.14638293,0.068760395,0.17981333,-0.35130793,0.16136996,0.122600734,0.24728936
-0.17649114,-0.09267708,0.044300012,0.22200072,-0.38939303,0.13030542,0.0927677,0.282481
-0.18883604,-0.04190304,0.058290422,0.2763273,-0.41859323,0.06733951,0.104954734,0.32607973
-0.19092229,0.048376214,0.07487251,0.33505568,-0.4311015,-0.019506328,0.118689746,0.3649763
-0.14559242,0.1390312,0.076505326,0.434366,-0.35664076,-0.07438695,0.12515517,0.44603777
-0.043930825,0.20408252,0.104697846,0.5786309,-0.20252185,-0.18086173,0.14698668,0.54583645
0.14290985,0.25477317,0.112590015,0.6280081,0.023061939,-0.23610753,0.13604781,0.57230306
0.30853328,0.22250271,0.10164977,0.62164116,0.31202745,-0.20700996,0.13241582,0.56963634
0.42797956,0.16372913,0.12520039,0.5708301,0.49932247,-0.1584909,0.15043934,0.5288821
0.498558,0.10064641,0.2301104,0.38899642,0.5731797,-0.019997746,0.23937398,0.41583398
0.5804411,0.060574207,0.3623983,0.14407644,0.69069076,-0.040878892,0.4042657,0.24886206
0.5944395,0.16638678,0.43398982,-0.07898302,0.72425383,-0.16212618,0.5338812,0.0017345846
0.55144274,0.32599092,0.41026518,-0.265216,0.6644976,-0.32994804,0.4857096,-0.14880508
0.48203382,0.4580187,0.34681275,-0.25931436,0.51456165,-0.49154547,0.41253608,-0.15433589
0.42462918,0.5273289,0.3142712,-0.17226832,0.3894819,-0.546788,0.3579389,-0.08213067
0.44033107,0.5588099,0.22583643,-0.07083337,0.37730324,-0.52824104,0.2823025,0.0038287193
0.46323165,0.54146975,0.10296107,-0.0117263645,0.45449293,-0.5409335,0.18424068,0.057148866
0.5150368,0.51231915,-0.06183378,0.058579743,0.5400267,-0.5018965,0.07248785,0.11395977
0.55575573,0.42849958,-0.19660847,0.09856281,0.5833495,-0.4426567,-0.059672218,0.14095253
0.56652844,0.31525126,-0.3043806,0.10860583,0.59031945,-0.3379569,-0.15509264,0.1311987
0.5409487,0.22243553,-0.28580967,0.14271685,0.549355,-0.2142218,-0.17117715,0.13792261
0.47876236,0.117656805,-0.22573815,0.13893542,0.4720168,-0.12416898,-0.16758561,0.14215988
0.4300085,0.051415376,-0.128861,0.1443719,0.4213513,-0.07318137,-0.07147181,0.15634668
0.3910048,0.032268535,-0.009173411,0.13302192,0.35867652,-0.011893135,-0.016977351,0.13763186
0.3490318,-0.024010397,0.08175457,0.082325935,0.35079944,0.02380658,0.07439067,0.11166067
0.32127187,-0.004066922,0.16429177,0.005886376,0.3344463,0.032737643,0.14712262,0.053302355
0.32485086,0.00043816864,0.21985544,-0.08865414,0.30728728,0.018018074,0.2077396,-0.02129563
0.2914933,-0.0045367293,0.23839843,-0.17016423,0.27629465,0.022865959,0.25222328,-0.0631017
0.28080308,-0.02207125,0.23465592,-0.25316274,0.19972016,0.010043796,0.26875535,-0.10969767
0.24036023,-0.032501288,0.22378176,-0.3185556,0.17238835,0.052722,0.2272102,-0.16546118
0.2011872,-0.037511945,0.17287835,-0.33288223,0.10229508,0.072040856,0.24338517,-0.19511276
0.17694739,-0.10654304,0.10662172,-0.38568467,0.057175845,0.1186517,0.17724007,-0.24164137
0.1399681,-0.12779996,0.031016078,-0.3852704,0.07092175,0.20585787,0.093948446,-0.27539414
0.16348049,-0.16197345,-0.071495965,-0.3917421,0.07591592,0.26366502,0.00566468,-0.28690383
0.1878216,-0.20937988,-0.14613512,-0.4057169,0.13365658,0.26516682,-0.09633687,-0.2946616
0.24136564,-0.21700346,-0.22722669,-0.36882168,0.20944583,0.26439628,-0.13481444,-0.26184472
0.25332293,-0.23053882,-0.25969523,-0.2961904,0.27113032,0.275173,-0.17854196,-0.23546845
0.29534322,-0.21687919,-0.25262594,-0.262587,0.28294557,0.29009932,-0.16207725,-0.21169445
0.27954665,-0.2345511,-0.23686509,-0.18773039,0.28537148,0.26218373,-0.12370688,-0.17970377
0.289994,-0.2226426,-0.21033728,-0.17514357,0.25232938,0.2684527,-0.088409394,-0.13878453
0.27089527,-0.24490449,-0.15817903,-0.17480816,0.21463901,0.26965198,-0.08655746,-0.12697315
0.26728204,-0.23708713,-0.11271781,-0.16788405,0.16271667,0.26601657,-0.11672279,-0.13326693
0.25528762,-0.2662243,-0.08579465,-0.21075991,0.13789563,0.3206703,-0.09511562,-0.13066515
0.22260013,-0.24652833,-0.06407761,-0.21450424,0.09976033,0.32313645,-0.115998715,-0.12735571
0.23843315,-0.2619317,-0.08850412,-0.2093946,0.10978358,0.32904997,-0.139325,-0.098973304
0.20720044,-0.25375363,-0.12233309,-0.21800825,0.06427957,0.30472603,-0.13765566,-0.08748054
0.16262364,-0.27535692,-0.12475441,-0.2205942,0.053990714,0.36055535,-0.157572,-0.058796123
0.13810125,-0.2634125,-0.18299395,-0.21214446,0.05354435,0.30285874,-0.13753746,-0.024473231
0.08400398,-0.26184908,-0.26456153,-0.19336458,0.07468547,0.37163916,-0.14449841,-0.021081213
0.027165942,-0.24262738,-0.32528973,-0.12578575,0.031869717,0.32024485,-0.103608936,-0.001973994
-0.018708728,-0.18264714,-0.39664042,-0.07042888,-0.043560505,0.33277592,-0.10026099,0.012490287
-0.088446155,-0.11589908,-0.40826055,-0.030692883,-0.14606355,0.33365265,-0.15673436,0.020646743
-0.122653626,-0.044671103,-0.42359376,-0.028515898,-0.2574244,0.2701488,-0.2184039,0.06081433
-0.16027686,0.09688896,-0.4381137,-0.036376372,-0.38960326,0.20504268,-0.26559258,0.06874166
-0.19670995,0.20404014,-0.43665633,-0.10964386,-0.42926252,0.093194105,-0.35507348,0.073288895
-0.21434358,0.29491368,-0.36644545,-0.16160475,-0.4625668,0.0038739145,-0.38041273,0.06591538
-0.24673778,0.34178972,-0.25837266,-0.16890128,-0.472158,-0.09272525,-0.36993277,-0.0072573796
-0.23485968,0.3288339,-0.14841211,-0.13040672,-0.43742424,-0.16290432,-0.3594805,-0.068789974
-0.22876555,0.26701388,-0.09354681,-0.025683478,-0.43687195,-0.26404807,-0.29501435,-0.11419673
-0.25623837,0.15450087,-0.055526976,0.04263079,-0.40534967,-0.3632081,-0.2124536,-0.15145332
-0.21849936,0.041688435,-0.06315925,0.10775079,-0.29340988,-0.41312754,-0.0949911,-0.119301796
-0.2520703,-0.010716982,-0.0728684,0.15438601,-0.21304472,-0.4195373,0.016417421,-0.02391943
-0.21268892,-0.035705917,-0.14641339,0.15115264,-0.11212045,-0.4244974,0.059515238,0.13579819
-0.2467776,0.05228536,-0.13635443,0.17816988,-0.01700385,-0.39653048,0.057473253,0.2801589
-0.2184532,0.19316614,-0.11611583,0.15228543,0.04446105,-0.38617837,0.00921626,0.37907004
-0.111708656,0.33320987,-0.1040558,0.18164608,0.13342297,-0.3414748,-0.05594286,0.4818033
0.028460786,0.42110515,-0.093374595,0.21875635,0.2250781,-0.3092481,-0.099885166,0.47238147
0.12144109,0.44603425,-0.113986455,0.2509733,0.32929587,-0.27323297,-0.15966041,0.5098548
0.26277587,0.43242308,-0.17450112,0.25950414,0.30698887,-0.22075707,-0.15849362,0.4863516
0.35679397,0.3567618,-0.27436748,0.25789702,0.23536454,-0.15143062,-0.12226777,0.5000678
0.42564234,0.2542682,-0.31063893,0.26628438,0.19415787,-0.13467383,-0.09219074,0.47445416
0.41343758,0.11857062,-0.24727845,0.2680244,0.037790924,-0.105011076,-0.00088837,0.45172292
0.39977184,0.039137706,-0.13534743,0.28692776,0.012262911,-0.12612796,0.012252938,0.39800033
0.34852087,-0.031161718,0.031201404,0.26641968,0.041282095,-0.11454277,0.07475278,0.37593976
0.2937723,-0.057812504,0.1734757,0.22477657,0.092262104,-0.1016089,0.09730424,0.3488679
0.28188193,-0.07435515,0.29422057,0.1379551,0.19764584,-0.07215969,0.14995398,0.334797
0.2556449,-0.09403204,0.3858257,-0.016256228,0.27838194,-0.09382044,0.2179366,0.3248694
0.23025021,-0.11013021,0.40663862,-0.227137,0.28412718,-0.07642181,0.2904006,0.26830322
0.24034348,-0.120591484,0.34266296,-0.35147345,0.19392638,-0.07284993,0.31412023,0.26154345
0.24269319,-0.12747803,0.2668839,-0.45385373,0.055480596,-0.015335027,0.33721954,0.22579744
0.25820544,-0.14484793,0.15339795,-0.51456964,-0.032828048,0.1168706,0.4138786,0.15364394
0.256862,-0.14195102,0.07628748,-0.51413697,-0.007366739,0.25465578,0.3956903,0.0022349954
0.25994936,-0.13650534,-0.050796233,-0.56990474,0.063034035,0.37826625,0.30640158,-0.20037486
0.1925781,-0.17921719,-0.1530786,-0.51540995,0.14523171,0.4241252,0.19034195,-0.36837333
0.19984862,-0.19540977,-0.27733767,-0.4591167,0.33529168,0.38843614,0.02842053,-0.4401695
0.27354848,-0.21318087,-0.33121872,-0.37657705,0.44797856,0.32669622,-0.02219626,-0.48514855
0.3439898,-0.19537771,-0.32626796,-0.2732913,0.5311336,0.26951343,-0.06889136,-0.4754715
0.39440623,-0.17358032,-0.24735728,-0.18188763,0.4997334,0.24154088,-0.077807695,-0.48449808
0.48471186,-0.084768526,-0.13125214,-0.15824164,0.44372934,0.23141295,-0.11473012,-0.43886122
0.48752257,-0.001790069,-0.05652872,-0.18320674,0.41861922,0.23150793,-0.18449856,-0.41482517
0.5140339,0.090743095,0.015697423,-0.22076356,0.33903313,0.25009763,-0.16610152,-0.32763585
0.5135052,0.18808475,0.03328529,-0.22406983,0.31440032,0.2301991,-0.19355243,-0.2917535
0.45244524,0.24321589,0.04799833,-0.18765444,0.3182823,0.2566345,-0.22006059,-0.20826268
0.43711838,0.27137306,0.040359084,-0.16273215,0.2465627,0.28099924,-0.17684938,-0.17073725
0.3914672,0.28803232,0.030412897,-0.11711995,0.21006083,0.2753126,-0.14057495,-0.106399804
0.36675864,0.32016745,0.04206105,-0.10360965,0.13601902,0.26729602,-0.14884686,-0.10321761
0.33151013,0.30579963,0.0408928,-0.024308518,0.10796161,0.25055397,-0.10702352,-0.067619614
0.29657328,0.28223068,0.022361998,0.009332135,0.04166492,0.28848803,-0.14989464,-0.08234681
0.2582908,0.26053652,0.047559932,0.090864405,-0.041437805,0.21596716,-0.17123923,-0.04632818
0.26257834,0.25414324,0.029463872,0.14228946,-0.10362026,0.18603873,-0.19709527,-0.03637078
0.20640555,0.20462853,0.06741535,0.20937106,-0.17316096,0.101762615,-0.19499621,-0.0076759607
0.1781601,0.1778121,0.074232355,0.29561573,-0.17371665,0.0064279884,-0.22570014,0.020747222
0.16509545,0.1605972,0.11836157,0.36339134,-0.09448752,-0.1331296,-0.21661982,0.07355108
0.1178296,0.12839752,0.14187402,0.3963756,0.06342257,-0.16602059,-0.16609472,0.09656256
0.10032932,0.07170169,0.21898545,0.38505822,0.2448955,-0.16043104,-0.1345402,0.09792038
0.03940563,-0.0021563694,0.24490708,0.22430664,0.43165183,-0.11334425,-0.09273973,0.112500615
-0.018712662,-0.050027415,0.2857567,0.09926832,0.49900752,-0.051238284,-0.035604697,0.13652205
-0.041298427,-0.11721013,0.22444516,-0.14007294,0.4932533,-0.029641792,0.05872606,0.17896649
-0.09055097,-0.15011597,0.09658418,-0.29964224,0.41232252,-0.06484441,0.14788519,0.21928957
-0.09292661,-0.096725814,-0.07319868,-0.38503984,0.35201484,-0.12095107,0.23288432,0.3072113
-0.05907669,0.011424258,-0.19982137,-0.36540514,0.32069492,-0.15321158,0.27769217,0.4263019
0.077738024,0.11676141,-0.24061145,-0.33206087,0.25592196,-0.13485792,0.29685864,0.5153574
0.26356235,0.17727089,-0.2150532,-0.2891659,0.25737512,-0.16936114,0.3247645,0.528291
0.4064013,0.11131207,-0.19061069,-0.24826512,0.23879465,-0.15929632,0.35071892,0.49555665
0.50579655,-0.0022413582,-0.11308674,-0.22571848,0.21030805,-0.13802072,0.3684727,0.36480898
0.53611314,-0.102466814,-0.042217273,-0.24571833,0.16564633,-0.07885641,0.42039514,0.21931386
0.5249096,-0.08927422,0.08620983,-0.25859198,0.073082015,-0.029052004,0.4297173,0.013299525
0.5042131,-0.03944134,0.13100544,-0.2894987,0.06339329,0.04651734,0.42338237,-0.22742334
0.42246982,0.07218529,0.16242464,-0.2837568,0.027273811,0.107208535,0.32087627,-0.39655653
0.28812453,0.10695644,0.1736378,-0.24695437,-0.022076696,0.19659372,0.1537501,-0.52975756
0.2526107,0.12256656,0.21154019,-0.18413636,-0.014204279,0.2640279,-0.082918406,-0.52070785
0.25949138,0.0965216,0.21793647,-0.10534567,-0.05132161,0.23773953,-0.27951688,-0.46775445
0.3134844,0.09388488,0.23274827,-0.067347296,-0.07574333,0.20268472,-0.4430545,-0.339362
0.35063353,0.13201928,0.24965769,-0.01524777,-0.058899626,0.10869685,-0.5176893,-0.17391905
0.32309484,0.16319019,0.2846027,0.09946582,-0.07293494,0.016095731,-0.5382592,-0.035189584
0.29506722,0.1543136,0.30676025,0.13320237,0.028194986,-0.04851903,-0.499968,0.077902175
0.17402843,0.10755922,0.35568142,0.15920055,0.13280189,-0.08764367,-0.4336547,0.09064258
0.11998036,0.05774072,0.38993585,0.14802325,0.21032399,-0.07843369,-0.38865513,0.100873254
0.046881683,-0.006526433,0.38347167,0.029806644,0.30523747,-0.038430944,-0.30655032,0.13075516
-0.05789479,-0.08116489,0.28891763,-0.12362624,0.29770994,0.0011364594,-0.23852497,0.12876007
-0.15412927,-0.16814968,0.1638868,-0.30062625,0.23978598,0.03329612,-0.13677856,0.14996883
-0.23294678,-0.1580523,-0.058251616,-0.36263672,0.23138113,0.045053877,-0.04426309,0.14897498
-0.28473413,-0.084447764,-0.27306148,-0.33435076,0.2120035,0.050177697,0.021741405,0.22326109
-0.26986668,0.14051084,-0.39274397,-0.2998754,0.23957224,0.06317527,0.1584087,0.2729726
-0.10861664,0.3420208,-0.31237116,-0.25535256,0.24070437,0.07431258,0.27687955,0.34077746
0.14239019,0.3981507,-0.24987555,-0.21504971,0.23067594,0.073106274,0.4043215,0.34958133
0.38913968,0.35616067,-0.19358557,-0.18797134,0.19821835,0.0836786,0.5530257,0.25783682
0.49423096,0.28788,-0.2156383,-0.14540319,0.15013368,0.07544466,0.578724,-0.027601942
0.40594575,0.29708898,-0.20347558,-0.13346282,0.100341305,0.108270936,0.51526666,-0.33115894
0.22808275,0.27601206,-0.17790662,-0.09516856,0.07364906,0.16340068,0.39405787,-0.5011739
0.0392242,0.20127106,-0.16478947,-0.074063614,-0.0078711435,0.21421361,0.18815091,-0.51776904
-0.013490148,0.090421714,-0.13663594,-0.0565676,-0.05467525,0.25005406,-0.03907427,-0.5395348
-0.0012320206,-0.06722353,-0.13144697,-0.02265466,-0.14552437,0.21078858,-0.2584219,-0.47851118
0.13181388,-0.12384533,-0.11992551,0.001634419,-0.19811489,0.15598615,-0.40775865,-0.37548164
0.23968998,-0.17190763,-0.04023722,-0.0014039129,-0.24749817,-0.0076700933,-0.53002834,-0.27054608
0.3080405,-0.15101567,0.055271264,0.033003867,-0.22906767,-0.16070728,-0.52806973,-0.17322683
0.31938913,-0.11538192,0.15523596,0.023951143,-0.18628512,-0.25704175,-0.4822089,-0.12726821
0.3247572,-0.11294507,0.26959968,0.010380447,-0.09777984,-0.3554163,-0.40041834,-0.10198608
0.30557653,-0.10475423,0.35952577,-0.03973344,-0.004687071,-0.36412662,-0.3237035,-0.11236036
0.306502,-0.08851489,0.3999375,-0.10028401,0.065766625,-0.3381244,-0.26020032,-0.08884569
0.25020355,-0.090125315,0.40847862,-0.18059993,0.059671722,-0.33271867,-0.24937159,-0.090403855
0.2307665,-0.10681058,0.38968712,-0.24170469,-0.018942133,-0.2985836,-0.17353073,-0.052810043
0.17815155,-0.11337704,0.33985043,-0.28673893,-0.11594218,-0.23614463,-0.13648224,-0.04960533
0.15977174,-0.17201832,0.23742872,-0.2985859,-0.19768609,-0.17639992,-0.09102529,-0.010195926
0.0975999,-0.22655857,0.16593204,-0.29637736,-0.26482314,-0.07484886,-0.056144025,0.01481954
0.050242104,-0.23336297,0.021358322,-0.29694486,-0.2826944,-0.010372467,-0.09884246,0.036881834
-0.03157053,-0.2536088,-0.13194771,-0.24958166,-0.2715643,0.034375735,-0.13725622,0.057806246
-0.1208492,-0.21081838,-0.28483367,-0.24212256,-0.27518868,0.09461416,-0.14255832,0.078399025
-0.15260684,-0.11129355,-0.42820305,-0.20556028,-0.26057005,0.10529047,-0.17018276,0.11003598
-0.19994682,0.07676653,-0.5266364,-0.18456441,-0.24918674,0.13935128,-0.16572039,0.10772415
-0.2471205,0.27027443,-0.48842087,-0.24180481,-0.25692016,0.14454079,-0.1914385,0.12985033
-0.23765114,0.41410747,-0.33623272,-0.2808324,-0.16386582,0.18422125,-0.19851711,0.13151792
-0.17818701,0.47094512,-0.15721914,-0.28059188,-0.16043048,0.21232454,-0.19825125,0.15954554
-0.104670584,0.46302757,0.036586277,-0.16715097,-0.13393529,0.26834625,-0.16024196,0.17372248
-0.08719728,0.43381247,0.09983677,-0.017048106,-0.17877354,0.22006883,-0.14004785,0.1888769
-0.037481837,0.4080909,0.15036085,0.16481906,-0.17231055,0.1868419,-0.12701544,0.19811496
0.012124799,0.34455067,0.13582304,0.34057832,-0.21025072,0.074974686,-0.12566787,0.18829525
0.047969647,0.30632204,0.10283432,0.5100542,-0.16200982,-0.049434103,-0.068522245,0.19509411
0.08427013,0.30439773,0.070398524,0.5984933,-0.0026657432,-0.12068884,-0.055305276,0.22706378
0.12578869,0.2810626,0.034398396,0.65218353,0.11559116,-0.1563164,-0.034236174,0.24479067
0.17272833,0.25906003,0.020110846,0.66378576,0.25869173,-0.14050007,-0.0036118515,0.27052748
0.21854612,0.23913619,0.0050705625,0.63068753,0.3315603,-0.07280741,0.040120747,0.28637043
0.28655788,0.21689099,0.0149436975,0.56836843,0.33636653,-0.001481764,0.14691399,0.23717088
0.33319077,0.1897313,0.041770596,0.54887086,0.3055392,0.03425913,0.21674599,0.16868174
0.3378044,0.18327218,0.0692353,0.52411413,0.2755517,0.067185804,0.3225699,0.077742405
0.36748883,0.18489271,0.12834191,0.44386697,0.2508651,0.078159966,0.3563029,-0.050307408
0.31755507,0.17906031,0.15069944,0.4146583,0.26472908,0.10775867,0.33463693,-0.22198349
0.21042335,0.15325513,0.19536908,0.4094597,0.2603997,0.10947163,0.3328253,-0.33525229
0.11447387,0.101967804,0.23463286,0.35168976,0.2419982,0.14440817,0.24427602,-0.40155149
0.058013238,-0.03000123,0.30264232,0.22792,0.2573282,0.16335706,0.17400596,-0.4214294
0.03715901,-0.1893973,0.3278244,0.08552477,0.27548498,0.14826445,0.12881264,-0.39786002
0.13041264,-0.33159283,0.31819358,-0.17159632,0.27943373,0.16165432,0.06246945,-0.4063168
0.21029612,-0.43125656,0.1868158,-0.38423127,0.21062347,0.14413649,-0.03375874,-0.3917494
0.29835418,-0.4245082,0.02215178,-0.5398278,0.23339613,0.17531772,-0.09389095,-0.37743834
0.38773596,-0.38869002,-0.118614785,-0.5756869,0.25141597,0.1711499,-0.15794368,-0.3672707
0.467285,-0.31980032,-0.1883665,-0.59031975,0.36629802,0.15944195,-0.14293069,-0.32202476
0.50103825,-0.25608447,-0.20236596,-0.5349966,0.41169584,0.13637769,-0.12603027,-0.2609474
0.5145029,-0.20005849,-0.18509741,-0.4778921,0.50614375,0.07611721,-0.11166611,-0.25717217
0.5221385,-0.18065551,-0.13902052,-0.49562323,0.46215022,0.0072579607,-0.04684406,-0.2579585
0.5133025,-0.09557592,-0.111783214,-0.48209602,0.4516698,-0.07460504,-0.04083011,-0.29098204
0.5019825,-0.051847838,-0.07296181,-0.4861308,0.4224773,-0.11646241,-0.0021672472,-0.26894405
0.46667394,0.025842248,-0.053410742,-0.49634624,0.34414023,-0.1479387,-0.0044829734,-0.27932698
0.44014058,0.08150664,-0.047170203,-0.44476002,0.27906436,-0.17025954,0.024988636,-0.28674448
0.39816454,0.14076832,-0.03954387,-0.45752907,0.1953959,-0.15598598,0.038615078,-0.30559865
0.34439316,0.15665103,-0.027718555,-0.40857533,0.123580255,-0.12238486,0.035141334,-0.29567814
0.3356392,0.14079913,-0.004902634,-0.37400088,0.0736216,-0.06982753,0.0510988,-0.2698143
0.26948568,0.14212385,-0.0053954767,-0.31708944,0.035403833,0.008961456,0.00040985644,-0.29483
0.24574375,0.118264295,-0.0048517436,-0.27752185,0.03217999,0.03565623,-0.049882952,-0.2648725
0.18990386,0.10829044,0.009673537,-0.24857573,0.0021275058,0.084887564,-0.08503011,-0.25816467
0.19659135,0.044679783,0.0037983544,-0.20020144,0.002076961,0.1204675,-0.12546779,-0.2483637
0.18237299,0.035633255,0.010207386,-0.18211298,-0.05285366,0.13122103,-0.20462972,-0.20416188
0.19019887,-0.023294114,0.0456143,-0.17046626,-0.078003645,0.14179942,-0.24711287,-0.12906629
0.20211026,-0.040990643,0.036196604,-0.13667248,-0.066616386,0.11544904,-0.27952445,-0.08713778
0.14461946,-0.07518903,0.04420979,-0.12052157,-0.09948933,0.06542785,-0.3003981,-0.0031334758
0.08058528,-0.1066323,0.016635537,-0.1086708,-0.13329326,0.04286058,-0.33049777,0.00021662563
0.048533715,-0.113878004,0.01859906,-0.09308028,-0.17442094,0.018637776,-0.32751057,0.03395628
-0.051969532,-0.13129765,-0.063205965,-0.08300931,-0.18319081,-0.0005041063,-0.31248266,0.029732816
-0.08775779,-0.1586631,-0.113908,-0.06756862,-0.18697427,-0.051625773,-0.2655996,0.029999487
-0.16042274,-0.12830502,-0.22333266,-0.060808837,-0.20714377,-0.105719954,-0.2705686,0.018606372
-0.21299341,-0.11164608,-0.28032804,-0.022516519,-0.24565424,-0.15969329,-0.2509288,0.0012070984
-0.22143224,-0.022251643,-0.3659538,-0.0027322024,-0.26331908,-0.19174935,-0.21768466,-0.0021548197
-0.25826037,0.077853635,-0.4117713,-0.030056909,-0.27989966,-0.23207411,-0.2034009,-0.002293028
-0.27274653,0.1707378,-0.41687238,-0.059414573,-0.31336486,-0.28027812,-0.11363003,-0.001991421
-0.29111445,0.26551595,-0.3591848,-0.10058649,-0.35082793,-0.26216298,-0.08436625,0.07136806
-0.24127239,0.34860817,-0.25942925,-0.08790906,-0.33854187,-0.21285176,-0.048218776,0.12021426
-0.17862052,0.39598593,-0.16853525,-0.07395287,-0.3406772,-0.18400566,-0.052923184,0.16645178
-0.10508344,0.43637654,-0.07627158,0.012650996,-0.34387285,-0.15690917,-0.007216599,0.22382766
0.03398753,0.4307329,-0.046475437,0.15010712,-0.30193394,-0.15740131,-0.0030657426,0.26715675
0.13937783,0.44825205,-0.061084416,0.25523558,-0.26659507,-0.19627532,0.0066540353,0.29014716
0.27691612,0.402825,-0.125967,0.31976905,-0.18758823,-0.24555898,0.034401327,0.30392092
0.38182458,0.34223858,-0.23186369,0.34218806,-0.16112842,-0.29588723,0.027691027,0.30057502
0.44855633,0.25656986,-0.2666466,0.33215562,-0.10116747,-0.3157154,0.02461144,0.30384442
0.46647015,0.11634638,-0.19905442,0.30828434,-0.099848956,-0.3552578,0.02760398,0.30222222
0.45541915,0.042682745,-0.098284714,0.31250232,0.05085256,-0.36511153,0.012986537,0.28612494
0.3931084,-0.02336102,0.07820427,0.30246103,0.21567082,-0.35388136,-0.020980287,0.28744972
0.3197755,-0.017165564,0.21181063,0.20889112,0.4038592,-0.27224568,-0.039544817,0.32324585
0.24272528,-0.05806469,0.31276342,0.017373443,0.52377033,-0.22687542,-0.08047354,0.3040172
0.12974498,-0.07786944,0.30781284,-0.20738278,0.5030237,-0.21107265,-0.09284371,0.32367113
0.042343803,-0.06784114,0.20967521,-0.40651843,0.39630324,-0.20980586,-0.0620729,0.3481528
-0.060919635,-0.062429048,0.076525025,-0.47635892,0.2667811,-0.21612081,-0.02684987,0.37897775
-0.1106938,0.024899993,-0.06253671,-0.51398045,0.12273359,-0.18040216,-0.02442002,0.4308251
-0.11660444,0.16808641,-0.11748279,-0.4212432,0.08768177,-0.13416794,0.031435173,0.4874528
0.0045490563,0.26497388,-0.08219939,-0.38269883,0.042410642,-0.073056936,0.08040099,0.5000447
0.19881177,0.32688084,-0.021542016,-0.305161,0.027918182,0.035967067,0.14850222,0.5027773
0.36463517,0.2911414,-0.0006031683,-0.2244687,-0.0012667328,0.079747766,0.28238085,0.41962028
0.5171535,0.23888046,0.0086468095,-0.15968348,-0.029835865,0.16332078,0.37656868,0.20053104
0.54372966,0.22171962,0.013083543,-0.11380234,-0.044577077,0.22875847,0.38466704,-0.099331945
0.46328494,0.25821382,0.05660944,-0.033910275,-0.112330094,0.31050658,0.23106292,-0.35363847
0.35488054,0.30611733,0.007306096,0.06410533,-0.18695946,0.3253503,-0.05361366,-0.4602321
0.29737732,0.32774425,-0.00838768,0.16722533,-0.2712655,0.20186605,-0.33049783,-0.38175502
0.2927321,0.29154333,-0.0422562,0.2534066,-0.35594356,0.0034317672,-0.46499062,-0.2586822
0.28251746,0.27999312,-0.074276656,0.35370508,-0.26690704,-0.25489295,-0.46044505,-0.16827399
0.2834843,0.2524311,-0.088278845,0.39782578,-0.11751711,-0.4403608,-0.36940524,-0.18775108
0.26107278,0.2390602,-0.08847159,0.4372639,0.12076357,-0.501997,-0.23544088,-0.19349147
0.23929706,0.22794819,-0.10270156,0.43670171,0.3700577,-0.43068177,-0.1832248,-0.174617
0.22310334,0.19542012,-0.069550656,0.38201016,0.530406,-0.283828,-0.19335806,-0.12262575
0.1892176,0.16831307,-0.0060339523,0.32306862,0.6070541,-0.11039394,-0.13484411,-0.11776479
0.1683439,0.11526284,0.041687205,0.24558467,0.5706914,0.03153932,-0.07888198,-0.08650659
0.14662808,0.0757447,0.07832261,0.17385066,0.5128245,0.10514194,-0.016358767,-0.07192675
0.1308561,0.024324734,0.13034369,0.09766406,0.46839517,0.13486868,0.0965094,-0.09153509
0.10308442,-0.018121786,0.16585843,-0.0474639,0.4129985,0.14366204,0.15657236,-0.10487889
0.10621717,-0.07633611,0.12905246,-0.14348939,0.37254322,0.10757171,0.20720488,-0.10691929
0.08004705,-0.18738908,0.07518097,-0.23116165,0.34792823,0.06631805,0.2637529,-0.11113057
0.07444339,-0.21104467,-0.040217087,-0.34967798,0.32240772,0.040917926,0.26381308,-0.115023
0.04802353,-0.2676349,-0.18723767,-0.34168306,0.28885025,0.026439583,0.32052857,-0.07825769
0.0078856945,-0.24541155,-0.33223906,-0.285487,0.29011244,0.007218562,0.3069458,-0.052781105
0.020603001,-0.1969544,-0.4311244,-0.21745524,0.26283932,-0.031991825,0.31031907,-0.0008795634
0.0035507157,-0.12851626,-0.46148735,-0.07602523,0.2212551,-0.007356059,0.3789636,0.048571013
0.010845028,-0.047219582,-0.4730351,0.0014125556,0.104867324,0.025765631,0.42642403,0.08883611
0.06861464,0.019240778,-0.4245338,0.03783773,-0.0341357,0.047057696,0.41559044,0.09469975
0.11505485,0.055265065,-0.40430316,0.07391834,-0.14237939,0.13727447,0.39597493,0.07273524
0.09833247,0.049775362,-0.35311556,0.057513118,-0.27038437,0.23885347,0.3351695,-0.006599799
0.10719868,0.06739464,-0.31175184,0.05325952,-0.41952616,0.3157108,0.12564784,-0.10402346
0.09294049,0.04669769,-0.24735719,0.051983416,-0.55628383,0.32471815,-0.10824001,-0.12424843
0.068080075,0.033114534,-0.21768609,0.07521041,-0.6492636,0.11319332,-0.33184516,-0.1019623
0.050458975,0.0027195066,-0.157159,0.107165635,-0.68669575,-0.15349369,-0.39778253,-0.06950805
0.03707155,-0.024373673,-0.1351154,0.13732237,-0.6045995,-0.39643058,-0.31592876,-0.08493218
0.020290576,-0.037913583,-0.091863744,0.18624309,-0.4749061,-0.58927417,-0.06237117,-0.06703783
-0.0030748993,-0.103556685,-0.048250537,0.18323854,-0.29842097,-0.59760535,0.08771998,0.03313727
-0.034393035,-0.0768862,-0.011671747,0.20625448,-0.02843529,-0.59455705,0.14334932,0.23869476
-0.042395152,-0.044423215,0.005375511,0.17854398,0.18743354,-0.5342728,0.04497303,0.35016486
-0.1239756,0.028013488,0.03849094,0.13800848,0.3442366,-0.49222377,-0.12886037,0.43760508
-0.21015075,0.1106877,0.03461717,0.071355015,0.44134897,-0.4058083,-0.2541378,0.40763912
-0.31181195,0.21315852,0.07269928,0.038637653,0.4906538,-0.2986769,-0.34534287,0.31874952
-0.35813233,0.2468872,0.06728734,0.013657063,0.5289805,-0.18532208,-0.35351205,0.24439648
-0.3918781,0.21928832,0.10873076,-0.023200646,0.4923489,-0.0947305,-0.24604839,0.18728724
-0.42226908,0.18595213,0.10701849,-0.068146996,0.47174817,-0.034214765,-0.15848994,0.16551602
-0.42345226,0.14018756,0.09568872,-0.11828915,0.4444006,-0.014014255,-0.051325228,0.18689063
-0.40163097,0.14002165,0.06780143,-0.17207022,0.39131844,-0.023052458,0.030056592,0.24266306
-0.31520244,0.19810066,0.0381855,-0.19174857,0.33454177,-0.016573355,0.14579609,0.32664624
-0.14027719,0.2784786,0.075517386,-0.19312654,0.31068298,-0.04326103,0.26049033,0.42059624
0.11159802,0.30291602,0.11416463,-0.11671688,0.27549857,-0.03908851,0.3521042,0.47529775
0.38123074,0.2844855,0.12148282,-0.09212597,0.23293692,-0.046227373,0.4428691,0.41732544
0.5556315,0.21758518,0.09300744,-0.084774695,0.22875167,-0.03378728,0.5252748,0.20940235
0.5895253,0.24258411,0.105728336,-0.062487394,0.21990046,-0.0335804,0.5645715,-0.07354822
0.4768971,0.33998644,0.07597949,-0.0006520897,0.17798668,-0.0012807511,0.50154,-0.36771303
0.24272195,0.36025938,0.043275125,0.06430662,0.17301098,0.053990334,0.43211448,-0.4631288
0.008061402,0.2693781,0.03120248,0.098731354,0.15220061,0.068772584,0.34371793,-0.49042678
-0.1351268,0.06347476,0.05192455,0.122312695,0.07054126,0.082636245,0.24998884,-0.40521643
-0.14812636,-0.13421896,0.05303674,0.122895956,0.04902436,0.056576937,0.17934477,-0.30334985
-0.12642942,-0.2891996,0.00793795,0.044389784,0.02931036,0.11734548,0.09037073,-0.22498354
-0.09973928,-0.41282693,-0.12400951,0.026299953,-0.029988483,0.14372623,0.03091548,-0.16770706
-0.09322461,-0.44471082,-0.2035649,0.036558256,-0.091329604,0.12606786,-0.018479493,-0.14283606
-0.07645049,-0.44566286,-0.2767765,0.03918858,-0.205992,0.114746794,-0.098343685,-0.09432791
-0.10216491,-0.42542717,-0.32594436,0.08187923,-0.31625485,0.06049656,-0.15751892,-0.075269535
-0.12740499,-0.37094083,-0.34740412,0.1094366,-0.36853737,-0.039124355,-0.21102458,-0.045020405
-0.13563651,-0.29525903,-0.39908683,0.13522902,-0.4638505,-0.16882995,-0.21753123,-0.048355527
-0.16556726,-0.21433237,-0.43345574,0.12562194,-0.48076397,-0.27608943,-0.14993665,-0.04644329
-0.20338103,-0.0989693,-0.45950678,0.120755315,-0.51399094,-0.37354743,-0.082247406,0.0017984733
-0.21975076,0.010138847,-0.4734909,0.07271214,-0.49783123,-0.40708202,0.065119736,0.111456074
-0.17329004,0.19456702,-0.45333716,0.004174486,-0.484617,-0.35823372,0.12020823,0.26596597
-0.030451655,0.36362827,-0.3806405,-0.086440004,-0.49638444,-0.25223723,0.16763844,0.37662655
0.18333295,0.42761114,-0.31133035,-0.15102422,-0.5011117,-0.082602985,0.19658074,0.44066948
0.39067468,0.35343376,-0.28486896,-0.15568452,-0.50853896,0.06895367,0.19810985,0.3946136
0.48033193,0.27533528,-0.2718839,-0.1592378,-0.5086894,0.22055618,0.14087354,0.24020687
0.5025247,0.1872955,-0.2529524,-0.16910523,-0.49497265,0.37418547,-0.017860878,0.1142286
0.46810302,0.1042217,-0.21071748,-0.14070687,-0.536432,0.42372286,-0.18431512,0.08711333
0.38231012,0.053216726,-0.15324876,-0.08552976,-0.5602523,0.31614214,-0.32865122,0.1605384
0.25817114,0.00701084,-0.0678129,-0.050083824,-0.5499683,0.11498356,-0.42627668,0.2576301
0.10216776,0.017645456,-0.030165646,0.02391532,-0.5649964,-0.11448541,-0.40461767,0.3011225
-0.06331186,0.039220437,-0.0010774853,0.12700039,-0.5263031,-0.3329659,-0.39370295,0.2543938
-0.13478166,0.06508206,0.013777652,0.21639183,-0.3707456,-0.49594167,-0.27304927,0.19119182
-0.20790628,0.070320055,0.025403421,0.22792107,-0.098241344,-0.624189,-0.22434539,0.10728609
-0.25298196,0.053689644,-0.0018830271,0.23378015,0.16114487,-0.6426196,-0.22426113,0.080665685
-0.3028842,-0.011183094,-0.014115187,0.21501422,0.37704706,-0.54208446,-0.29277772,0.0438096
-0.33661315,-0.06847856,-0.06709396,0.14707488,0.5434987,-0.38768482,-0.35008904,-0.050010696
-0.33689776,-0.14573652,-0.12133116,0.096582934,0.5795564,-0.23402622,-0.31492665,-0.15717694
-0.30328992,-0.21715575,-0.21594062,0.0862758,0.5187774,-0.11580573,-0.27559367,-0.18560684
-0.21724793,-0.22017807,-0.3374982,0.11833836,0.4217394,0.0062606074,-0.24898094,-0.17067361
-0.18003914,-0.2137321,-0.36059836,0.20312688,0.26201954,0.057200525,-0.20794466,-0.1792213
-0.12310914,-0.21702573,-0.3681244,0.24971548,0.06652312,0.060390856,-0.20819724,-0.1394708
-0.12375629,-0.23393846,-0.30065745,0.2746206,-0.09067559,0.005250264,-0.21648026,-0.15944555
-0.1102748,-0.23745203,-0.24811783,0.26992178,-0.20598121,-0.1093034,-0.21356511,-0.13942803
-0.10201091,-0.22708455,-0.17756724,0.2835717,-0.22917713,-0.254195,-0.18918703,-0.13519998
-0.11934715,-0.270627,-0.10911257,0.3081602,-0.113069475,-0.33034346,-0.10728209,-0.090836994
-0.13234538,-0.33514497,-0.082402326,0.2652029,-0.029419348,-0.38346788,-0.0632226,-0.03873562
-0.17326409,-0.33834434,-0.044940654,0.21172455,0.14250742,-0.38674814,-0.044980165,0.05466815
-0.24298552,-0.31585446,-0.11901712,0.14256555,0.24303786,-0.31308648,-0.061285157,0.13945314
-0.35490882,-0.20048952,-0.22616032,0.16101205,0.2562154,-0.30172578,-0.066870704,0.20913193
-0.44921947,-0.023306541,-0.27627605,0.1762237,0.23209977,-0.27369946,-0.06436212,0.27902249
-0.4318554,0.24812001,-0.29682997,0.17523646,0.15705135,-0.26181552,-0.090081275,0.32337356
-0.29538152,0.46922034,-0.22719641,0.20436388,0.15032138,-0.214834,-0.047037605,0.37005743
-0.07790147,0.6176063,-0.15408881,0.21765023,0.14927411,-0.17094183,-0.04291871,0.40010536
0.20017427,0.6435512,-0.20653127,0.27119493,0.124503896,-0.17556122,-0.018932227,0.42542326
0.4343219,0.5689633,-0.3833725,0.21192,0.06340795,-0.15993929,0.011542812,0.43252617
0.60422814,0.3404838,-0.5058752,0.17451623,-0.064008,-0.14713088,0.05847394,0.37489158
0.6226232,0.080697216,-0.47759247,0.097864434,-0.13949458,-0.13606885,0.08033957,0.29125732
0.57537776,-0.09064143,-0.27137107,0.09498745,-0.25722802,-0.12658952,0.111723825,0.20643553
0.49986264,-0.18475255,0.002532743,0.10828605,-0.25939864,-0.10557011,0.09472287,0.13270354
0.42931005,-0.18816361,0.18500435,0.11983079,-0.19185896,-0.089427724,0.10813305,0.09078378
0.39501697,-0.13817841,0.38034156,0.109766036,-0.12560707,-0.08097233,0.11082482,0.06648979
0.35580954,-0.0987434,0.50873274,0.038786456,-0.03453134,-0.07410405,0.10308407,0.008246556
0.31056204,-0.053446658,0.5868566,-0.05432328,0.029571742,-0.011896968,0.13781232,-0.031147078
0.2854617,-0.02835618,0.6064739,-0.15741177,0.06304787,0.008019209,0.13696602,-0.058903396
0.2675852,-0.034237936,0.60667884,-0.18716767,0.01878205,0.07990399,0.12509023,-0.10817573
0.24894428,-0.039630428,0.58886486,-0.2241011,-0.0028033704,0.121326305,0.10404358,-0.12282565
0.23956335,-0.05356306,0.5419544,-0.26928377,-0.06520124,0.1672281,0.016193803,-0.17213401
0.22331539,-0.10778267,0.48176414,-0.27453023,-0.13910013,0.2755754,-0.06361088,-0.16967857
0.21211594,-0.14167407,0.46092045,-0.29562712,-0.16733132,0.2923333,-0.2006115,-0.15608063
0.18693614,-0.17550394,0.3867918,-0.27981967,-0.172168,0.2858923,-0.29510623,-0.091006465
0.15598309,-0.20722765,0.24658354,-0.32212433,-0.21670185,0.281318,-0.38476062,0.004322283
0.056710698,-0.24976858,0.13913894,-0.33342978,-0.20881571,0.26833734,-0.44229877,0.102178894
-0.10674609,-0.27401027,-0.05486868,-0.32832873,-0.18670873,0.22593364,-0.43606701,0.13457939
-0.2548713,-0.19386962,-0.27592492,-0.29130185,-0.14359115,0.18003537,-0.40295762,0.13898885
-0.37272996,-0.0035067573,-0.48946792,-0.26095736,-0.1176029,0.16337812,-0.38652694,0.098179184
-0.4266026,0.23477557,-0.52563745,-0.24280097,-0.087613985,0.15371881,-0.36025953,0.043147698
-0.4336168,0.377254,-0.3801132,-0.25916654,0.008971132,0.12838997,-0.33947164,0.015533365
-0.42820162,0.41385034,-0.14950201,-0.2693711,-0.028222531,0.17240614,-0.3239019,-0.022082921
-0.41819313,0.35781556,0.01645755,-0.17150919,-0.01566644,0.13768503,-0.3329826,-0.029847581
-0.3975079,0.20413244,0.09072561,-0.08997099,-0.0367624,0.13485911,-0.34231925,-0.051839087
-0.38329014,0.03662834,0.05001506,-0.04185392,-0.0593151,0.07497901,-0.36380863,-0.08978219
-0.353232,-0.11397434,-0.06801885,-0.04976569,-0.12275387,0.022500824,-0.3784927,-0.11471773
-0.32410726,-0.21020246,-0.2089152,-0.007960044,-0.14106141,-0.056942843,-0.40076903,-0.19892642
-0.26858127,-0.23907271,-0.36652833,0.011645183,-0.19453798,-0.1293649,-0.37527728,-0.27309856
-0.14260349,-0.25226972,-0.45796746,0.059212223,-0.23557968,-0.21863797,-0.33903962,-0.30546328
-0.017905712,-0.27883473,-0.4543835,0.08534695,-0.27692658,-0.3013919,-0.2833677,-0.31213433
0.060672738,-0.2680796,-0.3981793,0.11390653,-0.2995271,-0.37203753,-0.14707565,-0.29410803
0.11611671,-0.2959485,-0.2918222,0.1505115,-0.2826441,-0.43043897,0.034521785,-0.25115398
0.11505107,-0.27874976,-0.19304188,0.1692689,-0.2082998,-0.43741894,0.14740683,-0.12929963
0.08270831,-0.29787418,-0.052877963,0.15236062,-0.13948578,-0.39404255,0.20362793,-0.01420442
0.06082449,-0.32025826,0.02154022,0.12045263,0.013816915,-0.35482043,0.22258076,0.13585442
-0.0015265271,-0.29353294,0.03572657,0.035813197,0.08056833,-0.28690305,0.20344836,0.26811063
-0.09336236,-0.2254205,-0.02288568,-0.027435005,0.09386302,-0.25883391,0.1878823,0.40099463
-0.13107818,-0.074053116,-0.0910351,-0.03948818,0.079159655,-0.21362087,0.19578914,0.48641038
-0.09254627,0.090892345,-0.13477533,-0.05319126,0.083157584,-0.15689448,0.17795625,0.58638185
0.09293205,0.23171112,-0.101041056,-0.005247459,0.06050198,-0.12542172,0.20945016,0.6775391
0.33379194,0.22521791,-0.078980975,0.015766442,0.045172237,-0.09947398,0.28328305,0.6434455
0.5265102,0.08501798,-0.04949138,0.066553906,0.023630038,-0.044351727,0.36877275,0.51916444
0.6154411,-0.017307736,0.07759589,0.04689154,0.0215891,0.0036390014,0.4375533,0.29393163
0.61754084,0.016848985,0.2261593,0.045163214,0.036113515,0.06463474,0.45909208,-0.022934541
0.536018,0.18536314,0.3341843,0.08091837,0.051318567,0.11844653,0.3548955,-0.344301
0.37786838,0.31805924,0.29835066,0.17378175,0.044807054,0.1289781,0.2404601,-0.51092905
0.23616642,0.3214118,0.24382578,0.27936167,0.06511393,0.12106418,0.08436105,-0.55433226
0.09384901,0.21267411,0.18735822,0.33081222,0.061816603,0.12275797,-0.074944094,-0.5686117
0.109022,0.0812426,0.23908098,0.36685938,0.1294598,0.13201952,-0.17785197,-0.4881982
0.15002501,-0.034545638,0.32524094,0.27538002,0.17569298,0.10505113,-0.26072457,-0.44878513
0.2510778,-0.07927861,0.4324817,0.13668188,0.25496012,0.121589854,-0.33850408,-0.34406275
0.30219108,-0.07233774,0.5129601,-0.07714976,0.2520041,0.17555302,-0.31790292,-0.25184575
0.312931,-0.01955226,0.54930156,-0.22428362,0.2486619,0.16228199,-0.3221342,-0.14450905
0.31016693,0.014236242,0.4752515,-0.3109386,0.15938835,0.17888148,-0.28448194,-0.049091857
0.25313666,-0.003510017,0.4716492,-0.4105764,0.07209742,0.21468543,-0.257565,-0.012307443
0.185069,-0.024194993,0.36906868,-0.42427003,0.0034495592,0.23300473,-0.19077855,0.050286613
0.13519326,-0.051928468,0.2978115,-0.44610476,-0.049722,0.2704531,-0.19945261,0.08943749
0.05370661,-0.093301766,0.14950134,-0.44769037,-0.053765565,0.3161307,-0.1813784,0.09878292
-0.019169673,-0.12658918,0.03155438,-0.4467033,-0.02740568,0.37118712,-0.12435956,0.14143047
-0.07840708,-0.12333923,-0.1465248,-0.4156704,0.07966327,0.40455705,-0.05333465,0.13302818
-0.114954844,-0.04681346,-0.326824,-0.38317785,0.17002824,0.39802882,0.08632225,0.13228592
-0.13828465,0.061222613,-0.4053071,-0.29855078,0.2819522,0.40598303,0.21974862,0.10212184
-0.08569873,0.15612921,-0.43870115,-0.22621034,0.32810843,0.34788945,0.4129461,0.058042847
-0.059489198,0.19461441,-0.4005056,-0.1914489,0.3070953,0.27944124,0.48783758,0.006803341
-0.038077723,0.22656178,-0.36019906,-0.16105002,0.29164124,0.2595855,0.54979014,-0.039780896
-0.051677816,0.25315067,-0.30240232,-0.11212858,0.2235714,0.23297171,0.56307966,-0.10563579
-0.063961424,0.20161167,-0.23531608,-0.09405305,0.1289936,0.23506841,0.5485899,-0.12158786
-0.09017725,0.19749933,-0.24660605,-0.06877097,0.06947529,0.28633034,0.48149037,-0.14140545
-0.14533585,0.14361885,-0.23222512,-0.044359915,-0.014508307,0.34154582,0.37492943,-0.173426
-0.17351452,0.06822456,-0.21228471,-0.028120428,-0.107896104,0.3886499,0.21295503,-0.20261365
-0.19627458,0.05078178,-0.26199764,-0.0035740733,-0.23273496,0.4275364,-0.0073796473,-0.17707789
-0.16839111,-0.009964511,-0.2768945,0.0030700564,-0.3644861,0.36751214,-0.24014163,-0.17164296
-0.15992454,-0.034844138,-0.3069694,0.018784404,-0.4454239,0.20701532,-0.4364802,-0.12173695
-0.1394624,0.0020185038,-0.34112242,-0.013616495,-0.528417,-0.025565043,-0.5392843,-0.13878615
-0.1032595,-0.02742362,-0.36369446,-0.0299332,-0.5637222,-0.3101552,-0.50111735,-0.2296356
-0.032757573,-0.037224963,-0.37915918,-0.046579376,-0.538627,-0.46607777,-0.3291356,-0.31828424
0.030174516,-0.09625215,-0.38267925,-0.051043175,-0.5007577,-0.5038619,-0.06301886,-0.30721638
0.025023967,-0.087061666,-0.37787357,-0.08666063,-0.4818313,-0.41726834,0.16487214,-0.17936243
0.004535608,-0.07046562,-0.3836828,-0.07839233,-0.48631018,-0.24773735,0.28161332,-0.023883205
0.015331,-0.01797568,-0.41312993,-0.09568407,-0.5159852,-0.07455869,0.25794116,0.0977084
0.020558767,0.034042895,-0.39920542,-0.13148445,-0.5328041,0.10691901,0.18939671,0.1084707
0.024085298,0.08705257,-0.41596898,-0.13692698,-0.5479317,0.25619546,0.074401006,0.12048312
-0.012001537,0.14057973,-0.376727,-0.20413634,-0.531459,0.3219341,-0.088783786,0.09700612
-0.003503278,0.19794315,-0.37133145,-0.23008479,-0.51135284,0.37045792,-0.28260624,0.11822555
-0.051462993,0.24545139,-0.34055516,-0.26901338,-0.45141256,0.2892521,-0.3725136,0.15352592
-0.10275715,0.3166962,-0.21080038,-0.28054124,-0.3865999,0.21392447,-0.43654782,0.2103264
-0.13489804,0.38847086,-0.13081926,-0.20548064,-0.37185442,0.12787576,-0.44157094,0.20282304
-0.16459751,0.39244908,-0.033685025,-0.11511509,-0.35517883,0.02041968,-0.45265064,0.17670786
-0.19971752,0.37201104,0.056141507,0.048112884,-0.370973,-0.12126042,-0.43764657,0.11376739
-0.22869739,0.2908593,0.10707937,0.20249912,-0.28949225,-0.31177273,-0.39137796,0.037027627
-0.2306746,0.18163776,0.11782347,0.30638677,-0.07251531,-0.43317753,-0.28662562,-0.08291823
-0.22649738,0.004681818,0.1397421,0.289092,0.21107467,-0.4591094,-0.24342632,-0.13089466
-0.20352018,-0.1471771,0.08762876,0.21937785,0.4369663,-0.35792086,-0.21700245,-0.14387554
-0.1780982,-0.28745726,0.014559201,0.03847137,0.52108437,-0.27650052,-0.20065302,-0.14297788
-0.15813543,-0.38963,-0.11436274,-0.07676404,0.49088377,-0.20614666,-0.17277311,-0.14636841
-0.16184059,-0.4169517,-0.303224,-0.054006517,0.4555406,-0.13240941,-0.15260401,-0.10465703
-0.15484157,-0.37969583,-0.4164431,0.045215413,0.34338158,-0.081215754,-0.10841222,-0.08713782
-0.15340357,-0.2496424,-0.461447,0.19136855,0.23181355,-0.04044286,-0.054256644,-0.032863542
-0.19328609,-0.1314812,-0.4409445,0.25621855,0.02535145,-0.063424155,-0.054184165,0.00212837
-0.23455226,-0.026120946,-0.41085404,0.2856402,-0.16104414,-0.09570408,-0.045942124,0.066334255
-0.2391237,0.0932529,-0.3980413,0.26983318,-0.27346718,-0.17529726,-0.017449994,0.11235716
-0.20837411,0.21575814,-0.33291268,0.25043553,-0.3004884,-0.24578205,-0.0031789988,0.18141273
-0.13550556,0.3664299,-0.30580658,0.20059723,-0.34877467,-0.2998194,-0.0015292913,0.3036795
0.015542865,0.44032508,-0.27468407,0.17982206,-0.30684745,-0.3156171,0.04806978,0.33818275
0.21870598,0.4901795,-0.28748184,0.17948017,-0.28997058,-0.31742978,0.046986997,0.41140708
0.39124233,0.40613037,-0.377628,0.101717204,-0.28830314,-0.3588736,0.03506309,0.4149085
0.5048504,0.27096704,-0.39702913,0.059624195,-0.3072269,-0.31151167,0.03808575,0.41410774
0.5272747,0.05955401,-0.3453161,0.0024641454,-0.30852324,-0.27783948,0.022928704,0.41008997
0.4613829,-0.07314846,-0.18537235,0.026583895,-0.2947502,-0.26774555,0.070641086,0.37025788
0.39386377,-0.16890165,-0.024106566,0.059338316,-0.25435853,-0.2099021,0.06530897,0.3346474
0.3136672,-0.21254206,0.12510039,0.036925316,-0.22125484,-0.20161267,0.08597481,0.32526413
0.20992967,-0.19611531,0.21407463,0.027465269,-0.16911872,-0.15404941,0.10163486,0.3194022
0.13964543,-0.18830287,0.27874026,-0.019114256,-0.08872788,-0.13669747,0.11207086,0.35281006
0.052294888,-0.20680475,0.24457656,-0.07970684,-0.0832918,-0.06293534,0.16272822,0.37725335
0.021379791,-0.19304779,0.17595951,-0.13056198,-0.077111885,0.021939874,0.21184193,0.38111943
-0.01051674,-0.16693169,0.09717437,-0.16487396,-0.09064525,0.109180294,0.31185,0.39156374
0.0313318,-0.09058907,0.011036285,-0.17129704,-0.09996766,0.20387328,0.41505745,0.36991274
0.10629948,-0.07520329,-0.038186632,-0.12927352,-0.098670945,0.34180117,0.48209998,0.25599387
0.14705068,-0.07396317,-0.02838986,-0.12825763,-0.19021292,0.513187,0.4886972,0.022600062
0.13270053,-0.088726796,-0.04126444,-0.08832462,-0.2091596,0.6365354,0.23651385,-0.20458835
0.10731984,-0.15673175,-0.053276103,-0.0692426,-0.25309372,0.6712892,-0.13385245,-0.29438078
0.19247106,-0.21044716,-0.013111905,-0.07382936,-0.34741455,0.5411806,-0.5056637,-0.15205416
0.11413742,-0.24019733,0.0029763216,-0.04152853,-0.39580405,0.25842032,-0.72607744,0.03200697
-0.088792846,-0.20487595,-0.013334402,-0.0060375035,-0.40821415,-0.011540286,-0.7333271,0.07663905
-0.22436526,-0.24378529,-0.08983914,0.0143588185,-0.38805962,-0.28974947,-0.6789207,-0.06619644
-0.15554321,-0.32201472,-0.17523888,0.047089025,-0.34019428,-0.49670538,-0.5022052,-0.27427825
-0.014182866,-0.36156335,-0.22354305,0.082765535,-0.25734895,-0.6110301,-0.22693935,-0.3612916
0.09480087,-0.43904415,-0.17295599,0.094165176,-0.16835947,-0.6416987,0.042865306,-0.2958349
0.12478397,-0.41940948,-0.115975566,0.10459256,-0.042000473,-0.5523436,0.21127868,-0.12465186
0.07878669,-0.44373748,-0.054719213,0.034416884,0.027594015,-0.46347043,0.24304084,0.067184575
0.017531537,-0.41496453,-0.035437655,-0.046091914,0.062288195,-0.42644387,0.22949049,0.24618515
-0.07408936,-0.32911924,-0.14500965,-0.07684453,0.07830395,-0.38223398,0.16343634,0.39354548
-0.18786594,-0.09227032,-0.25729537,-0.037545606,0.08871278,-0.34783033,0.07723132,0.5163902
-0.1618951,0.20462671,-0.29822168,-0.024411596,0.07419379,-0.29983884,0.0077240653,0.6149562
0.017653733,0.3796756,-0.22930531,-0.003947854,0.045833863,-0.2677391,-0.009585429,0.66474533
0.24281353,0.43049577,-0.2147012,0.027059063,0.04199303,-0.21937978,-0.021208946,0.6868078
0.45241043,0.319303,-0.24224928,0.04286973,0.012580119,-0.22765422,-0.027521428,0.6428234
0.50469065,0.13355693,-0.22156723,0.049388424,0.0087479055,-0.19786938,-0.007491097,0.6283795
0.4525889,-0.05493559,-0.09211476,0.06875202,-0.030184552,-0.19357835,-0.008230057,0.56113684
0.3442561,-0.1284149,0.04975299,0.030534923,-0.017128676,-0.13141303,0.025666263,0.54991204
0.21057081,-0.14312881,0.1253464,0.023199275,0.012403756,-0.11813192,0.059294507,0.52124786
0.10923915,-0.14546657,0.155786,-0.052282356,0.040921666,-0.086790025,0.113262355,0.510853
0.10977071,-0.11340331,0.111117475,-0.07620709,0.025039457,-0.06526669,0.1917836,0.5425455
0.104409374,-0.03193327,0.10176214,-0.11780472,0.047953486,-0.0094833,0.28290927,0.5546843
0.19359237,-0.048090987,0.094253816,-0.11635124,0.0146152675,0.06259982,0.41783983,0.50829357
0.3053094,-0.045947827,0.11544889,-0.13401999,-0.023128018,0.15071264,0.5129845,0.33652177
0.3754461,-0.051159583,0.19188362,-0.12448256,-0.027203977,0.26077974,0.57461363,0.04509244
0.3375347,-0.021032192,0.22091648,-0.112779886,-0.10102531,0.39599752,0.4265252,-0.27834076
0.28073886,-0.0016426891,0.2896114,-0.10153907,-0.0863549,0.45834407,0.12710577,-0.5019761
0.29561797,0.023117669,0.3238368,-0.064860016,-0.13203928,0.48405823,-0.27039418,-0.51145023
0.36660933,0.06810386,0.34658954,0.0031862855,-0.17535393,0.3659808,-0.5397635,-0.2790855
0.37724936,0.12373044,0.39384523,0.0885001,-0.14802714,0.19942573,-0.67533094,-0.025414262
0.2532404,0.12368553,0.44756216,0.22017267,-0.07655381,-0.0032912306,-0.6468756,0.15624213
0.1184598,0.07202168,0.4813503,0.23050228,0.09024765,-0.07214705,-0.5731307,0.2001966
-0.032829467,0.005154129,0.49075824,0.12118988,0.2900973,-0.06180709,-0.5062538,0.15419108
-0.1724893,-0.13604721,0.43036783,-0.10239565,0.349096,-0.0021369085,-0.39995888,0.14102757
-0.32645413,-0.26798174,0.18287893,-0.30115637,0.29199445,0.034401473,-0.2971992,0.12440885
-0.4388868,-0.28074425,-0.18105337,-0.35743433,0.27842826,0.059598424,-0.20533651,0.08865798
-0.469713,-0.08254676,-0.5090542,-0.26665986,0.31822515,0.05441787,-0.11773862,0.108169146
-0.49435905,0.25463966,-0.57897186,-0.16918877,0.28570354,0.06869252,-0.014421504,0.16986164
-0.30924204,0.52171296,-0.3660219,-0.1860052,0.22355244,0.06711644,0.09223731,0.25443733
-0.08995051,0.6679602,-0.15281431,-0.15719256,0.22323793,0.06951091,0.20257987,0.3189317
0.24233982,0.6345699,-0.027907025,-0.07984891,0.15434444,0.058478333,0.34101862,0.29336643
0.4420776,0.6042039,-0.12180493,0.015341014,0.14303407,0.098525636,0.39633888,0.12895244
0.47931543,0.53420925,-0.25406197,0.050924525,0.027780756,0.13282755,0.41792345,-0.11539577
0.35870966,0.49008626,-0.3758794,0.017571434,-0.108713895,0.20016983,0.29812425,-0.3278328
0.1924415,0.48380843,-0.37302572,-0.067966335,-0.20564617,0.24827296,0.061106343,-0.44404358
0.068123154,0.40289274,-0.33665124,-0.11292294,-0.2763945,0.25238723,-0.19351332,-0.4238745
0.053918518,0.32433286,-0.27994174,-0.11562534,-0.32234073,0.19209483,-0.41914338,-0.37006122
0.0707076,0.25792828,-0.19857688,-0.10480425,-0.35722792,0.036518514,-0.5735497,-0.28175893
0.0858332,0.20220265,-0.18800667,-0.06020438,-0.35863513,-0.12823991,-0.6125092,-0.2724652
0.13015339,0.17033748,-0.14078945,-0.040967524,-0.3451162,-0.3275972,-0.5391792,-0.31250733
0.18915841,0.12009753,-0.13765405,-0.0069562346,-0.32765228,-0.44136286,-0.36435974,-0.2839941
0.21193478,0.09170477,-0.089976415,0.06388463,-0.24996902,-0.48531643,-0.14091435,-0.28537783
0.19915065,0.064372815,-0.026544228,0.082852125,-0.14010756,-0.49217686,0.0318568,-0.18869834
0.1720942,0.027146786,0.00025373604,0.08814876,-0.0028930753,-0.46523294,0.14322807,-0.11138949
0.14236689,-0.017445005,0.04549281,0.088814184,0.11647098,-0.41608232,0.1780176,0.004827507
0.13299522,-0.04529064,0.09723265,0.052697375,0.25001135,-0.34744966,0.16455211,0.13586542
0.10781289,-0.058674015,0.10775662,-0.0127322525,0.28008312,-0.3470709,0.122122824,0.20808896
0.09195577,-0.07941408,0.11816832,-0.10478629,0.2942183,-0.31933153,0.057777096,0.28109565
0.054414354,-0.06796496,0.073409975,-0.17234299,0.27467197,-0.30992416,0.042963307,0.36343324
-0.031826135,-0.02284751,0.022935227,-0.22670275,0.21843298,-0.2938253,-0.012712527,0.427352
-0.06304656,0.031591006,-0.043120805,-0.23236775,0.17234194,-0.2647222,-0.019117001,0.47261298
-0.05332774,0.16790463,-0.07675349,-0.19894631,0.10655751,-0.20622897,-0.027221855,0.49304366
-0.010789804,0.24207371,-0.027568962,-0.17319365,0.06685167,-0.17046046,-0.013135921,0.55222183
0.13686413,0.3121207,0.008733151,-0.14582105,0.058415316,-0.1670959,0.037897214,0.53922796
0.28928998,0.28681368,0.0039876057,-0.06707312,0.028391898,-0.092016414,0.10207303,0.52188385
0.4181151,0.21883225,0.028319173,0.004202351,0.040740088,-0.06148778,0.1604673,0.48124743
0.51416385,0.121070534,0.0414468,0.06825589,0.021794096,-0.020597756,0.23557934,0.3721797
0.57975644,0.10529637,0.10973296,0.07728407,0.02395226,0.018026477,0.27937537,0.22771457
0.5516114,0.121522404,0.19568913,0.08407858,0.03463474,0.0652014,0.31219357,-0.018347483
0.5411821,0.21473041,0.23356943,0.14360657,0.04948556,0.09615126,0.29050317,-0.20840469
0.40260765,0.31858,0.18918028,0.20988181,0.081925765,0.09447782,0.19756177,-0.37658596
0.26189515,0.32901222,0.119991064,0.29224327,0.053141322,0.097222,0.09435597,-0.46470392
0.1648174,0.29746512,0.071729325,0.37850374,0.05648572,0.07968093,-0.009652916,-0.45503655
0.09849151,0.20863283,0.081023075,0.41486973,0.04150851,0.054538585,-0.07645637,-0.40797058
0.078726865,0.09977977,0.11576887,0.43384552,0.054813363,0.021728072,-0.13633002,-0.36914745
0.108378656,-0.0248212,0.2204447,0.40182662,0.13670626,-0.018079609,-0.1722539,-0.32073975
0.1510846,-0.10185752,0.32593867,0.28288388,0.2490089,0.03274941,-0.18129838,-0.29170862
0.17054114,-0.17353958,0.4054587,0.0699732,0.30076253,0.028494298,-0.1763924,-0.24479046
0.20820266,-0.23490772,0.40316698,-0.21170521,0.34043628,0.085967675,-0.15512839,-0.19966814
0.21764323,-0.2503941,0.32427195,-0.46758264,0.21441048,0.09111874,-0.1292682,-0.17341381
0.24214962,-0.26559806,0.14150696,-0.6391188,0.15825465,0.08849178,-0.13550138,-0.16786197
0.21336535,-0.25929007,-0.1064964,-0.6987039,0.14710996,0.11898882,-0.12312952,-0.13157034
0.22523794,-0.28396255,-0.2852561,-0.63150287,0.27093863,0.1027877,-0.08982529,-0.0957931
0.20078135,-0.29834756,-0.47870433,-0.4792288,0.38523364,0.08881937,-0.048735384,-0.110346116
0.14979383,-0.25564355,-0.5489,-0.21758676,0.50538605,0.06608473,0.03601784,-0.08744196
0.17370114,-0.21292779,-0.54262346,-0.02390533,0.394381,0.052909277,0.10344769,-0.070150815
0.124424286,-0.21894547,-0.4505587,0.12238926,0.21823719,0.05579273,0.1226079,-0.09788891
0.08884231,-0.21304157,-0.34121552,0.18528101,0.04253383,0.077107936,0.12943108,-0.088845775
0.08151779,-0.19592461,-0.20302963,0.22430828,-0.10496488,0.08039366,0.10495113,-0.07052517
0.06641994,-0.24818665,-0.10514859,0.2084586,-0.20270129,0.041754395,0.039459746,-0.061619066
0.031163372,-0.22750872,0.00800088,0.21212682,-0.23168473,-0.010685556,-0.0029975697,-0.034673635
0.0032024235,-0.265669,0.07532241,0.17449412,-0.22709216,-0.05752615,0.012543339,-0.008379705
-0.04866811,-0.3438948,0.14680837,0.1203098,-0.16932721,-0.08819234,-0.009500109,0.010428533
-0.1072999,-0.40824333,0.08728266,0.06917639,-0.12975188,-0.082079366,0.012082696,0.082238756
-0.19490014,-0.36739787,-0.03852701,0.012924612,-0.11373238,-0.07339839,0.025504794,0.13479397
-0.2956674,-0.3277202,-0.22778174,0.0039216876,-0.14209764,-0.05212994,0.022085674,0.22743326
-0.36417508,-0.06423201,-0.32320744,0.0252015,-0.20608036,-0.02419591,0.07947091,0.28500643
-0.31328535,0.25676188,-0.36235422,0.013087615,-0.26598728,0.005259469,0.102225736,0.3861374
-0.07202739,0.46451423,-0.27563447,-0.014948346,-0.34483492,0.061371617,0.15947187,0.4568538
0.20376065,0.5513738,-0.23790275,-0.03397423,-0.42091668,0.14821802,0.18362588,0.4391067
0.4596791,0.45001563,-0.27735463,-0.019094512,-0.45439476,0.23907791,0.17553103,0.30886772
0.52906626,0.3474572,-0.32925546,-0.05822754,-0.5581265,0.3162545,0.073820636,0.13519293
0.52179444,0.22429666,-0.32694778,-0.09485214,-0.6006514,0.3813896,-0.13846669,0.05635702
0.4694923,0.17896962,-0.27753398,-0.1338606,-0.6256322,0.26130795,-0.3495353,0.1352346
0.34470537,0.075595,-0.22593689,-0.10414818,-0.6330465,0.09864044,-0.43956342,0.2441845
0.18999651,0.019889642,-0.18257192,-0.085981384,-0.65549046,-0.1093619,-0.448594,0.32296008
0.030028418,0.07272382,-0.1430924,-0.050203532,-0.65751034,-0.31014037,-0.3805954,0.27725175
-0.068161696,0.11945251,-0.17934172,0.02366206,-0.5819469,-0.4635764,-0.3173291,0.21452972
-0.13196659,0.1687598,-0.14312556,0.094478786,-0.49023432,-0.5737947,-0.14292154,0.17710379
-0.12799753,0.24664381,-0.106939144,0.10607222,-0.36552352,-0.65353775,-0.060125683,0.25105178
-0.07970626,0.2525869,-0.057026144,0.15985876,-0.17261852,-0.64559126,-0.026493315,0.2992588
-0.0041457415,0.33736712,-0.071361236,0.22080001,0.05533335,-0.619691,-0.13559416,0.3659146
0.032111697,0.34999147,-0.07384591,0.25216562,0.27174777,-0.572165,-0.262281,0.37353325
0.0094939545,0.37316558,-0.06468035,0.2782073,0.43545616,-0.47053048,-0.4447289,0.28196114
-0.041090526,0.38887623,-0.075878136,0.28747156,0.5515046,-0.27850005,-0.47796315,0.17269337
-0.052397825,0.38759235,-0.06853755,0.24325201,0.58615315,-0.059480064,-0.41987365,0.09573793
-0.07193457,0.3624653,-0.06780878,0.24483359,0.45867175,0.10754727,-0.29280412,0.08833239
-0.059966728,0.34180278,-0.058529753,0.2759007,0.33162063,0.17963733,-0.15332925,0.13545436
-0.008179858,0.3395555,-0.05717307,0.29168382,0.18521634,0.1937523,-0.021966252,0.11825331
0.00036986172,0.313632,-0.056745414,0.29804087,0.037117124,0.1897826,0.03967457,0.14140353
0.06336775,0.2917413,-0.054857206,0.39429283,-0.15191226,0.14419597,0.06244843,0.1306445
0.08398344,0.2939577,-0.08545826,0.4373908,-0.24004592,0.07865994,0.05820489,0.11500887
0.096917816,0.26577634,-0.09940352,0.5403405,-0.30677956,-0.069873385,0.044116758,0.12333963
0.16219729,0.28132364,-0.09635828,0.5357797,-0.2839536,-0.2221224,0.055004667,0.14969546
0.20434299,0.24151221,-0.11447545,0.58332545,-0.18192352,-0.29191533,0.06461084,0.1970315
0.21863532,0.22157565,-0.10470682,0.58971626,0.018776998,-0.34492758,0.07913782,0.24937776
0.25913927,0.18452626,-0.07861808,0.5981134,0.24365509,-0.35382846,0.04158142,0.27486295
0.29653025,0.1691688,-0.017317839,0.5446387,0.4403376,-0.26811498,-0.011401869,0.29026264
0.28061467,0.145174,0.028917104,0.48872155,0.52719104,-0.124116,-0.0134683065,0.3045745
0.28329954,0.10570173,0.120562024,0.3722064,0.5663634,-0.020531181,0.10734603,0.28661135
0.30566564,0.056555193,0.15759313,0.24180034,0.5808583,0.058831688,0.26116526,0.21563283
0.3388143,0.08675115,0.26588392,0.11330573,0.5902007,0.017305424,0.3911926,0.089242585
0.36449966,0.0834253,0.28419495,-0.09530409,0.5608062,-0.06897196,0.47669443,-0.03348033
0.3655589,0.11655864,0.30824983,-0.23186627,0.5300704,-0.19438048,0.51152605,-0.0982056
0.3135581,0.14680354,0.32873514,-0.37013516,0.41564453,-0.28017727,0.48403984,-0.09372079
0.30045658,0.13543192,0.3129161,-0.36086577,0.24855854,-0.31762,0.4630065,-0.025544383
0.31271747,0.14267433,0.29804605,-0.3616296,0.056091733,-0.27755454,0.4238404,0.017027594
0.35886443,0.15516226,0.31375262,-0.29102975,-0.05185339,-0.1393585,0.45402572,0.030038774
0.3558208,0.18477672,0.31256646,-0.16751273,-0.112458244,-0.010484014,0.43099985,-0.0425256
0.32178006,0.16735496,0.3081842,-0.07238759,-0.100526705,0.107785195,0.38194618,-0.15325111
0.23740175,0.18551892,0.3252048,0.054002285,-0.08632851,0.16960642,0.25052688,-0.2953937
0.19024006,0.12267538,0.34946057,0.12547001,-0.08590001,0.19468552,0.09478085,-0.33840245
0.15420175,0.04262448,0.355584,0.18947819,-0.03579566,0.17345081,-0.06139897,-0.357419
0.16268763,-0.053920567,0.45308977,0.15522784,-0.016216695,0.13724303,-0.15624253,-0.34783566
0.21109068,-0.117232494,0.52448773,0.069123596,0.08395313,0.11782938,-0.21637815,-0.2840322
0.24729636,-0.16041505,0.5575746,-0.1160011,0.11551925,0.09951186,-0.24644428,-0.2368207
0.26467964,-0.16891032,0.5031967,-0.2682997,0.0635518,0.10014281,-0.25594878,-0.15493888
0.224863,-0.18162766,0.4150856,-0.39572296,0.0008530989,0.13688321,-0.26358694,-0.09177088
0.19078535,-0.19358596,0.3214596,-0.50972915,-0.07397197,0.19906418,-0.3022748,-0.061594598
0.13363111,-0.22182798,0.13660073,-0.5440386,-0.085511446,0.21780324,-0.31443402,0.009409316
0.039975718,-0.25020877,-0.09718373,-0.5260209,-0.03741415,0.28973415,-0.31047112,0.0687399
-0.06058442,-0.21139625,-0.32572502,-0.48324424,0.109768555,0.30279842,-0.23092645,0.1136638
-0.16446729,-0.05181396,-0.5257618,-0.36217952,0.26707166,0.31224433,-0.11465171,0.13891715
-0.14845878,0.1350348,-0.60042804,-0.24632907,0.32388192,0.30924365,0.03218095,0.16258219
-0.120438315,0.29902497,-0.53193927,-0.18321016,0.35490143,0.25211132,0.2202565,0.15481535
-0.00089371204,0.39613652,-0.39751208,-0.16153473,0.31126565,0.20842579,0.3952722,0.14328212
0.09491796,0.40646788,-0.3374217,-0.18165359,0.26732516,0.19860955,0.48749065,0.06138184
0.1424512,0.39417586,-0.27283886,-0.17210117,0.23302859,0.18705802,0.55739707,-0.049466435
0.08745218,0.3539292,-0.22327071,-0.14016679,0.19982111,0.20178792,0.49239203,-0.16708015
-0.00012008101,0.32025838,-0.18180597,-0.11128415,0.109397456,0.20684291,0.43436742,-0.24588951
-0.085967936,0.21675336,-0.13416718,-0.05806844,0.058226548,0.2424747,0.31292307,-0.258539
-0.16676547,0.108790204,-0.099924244,-0.03756004,-0.013215087,0.32614815,0.205847,-0.25157338
-0.18504475,0.006662622,-0.15719043,-0.008827634,-0.07547045,0.3281583,0.057204638,-0.23788244
-0.15807971,-0.10100215,-0.19089139,0.0056396127,-0.18537088,0.31464228,-0.11095019,-0.19792396
-0.1428265,-0.1060748,-0.25451812,0.029294968,-0.28556305,0.2502607,-0.29939863,-0.17229134
-0.10536069,-0.15039214,-0.2678051,0.024361193,-0.3963259,0.1199968,-0.4279144,-0.14958899
-0.09461753,-0.15088701,-0.31038305,0.053725615,-0.43238539,-0.09423837,-0.473328,-0.14642051
-0.053115994,-0.14918602,-0.319461,0.04968734,-0.41185457,-0.30727947,-0.4353527,-0.2338182
0.044496454,-0.19587219,-0.32707912,0.052351043,-0.43565792,-0.4660085,-0.24828976,-0.2745216
0.08368274,-0.1915681,-0.27704462,0.08602175,-0.3552192,-0.4851661,-0.012560006,-0.24751711
0.07388564,-0.21290982,-0.21454413,0.086249575,-0.30720246,-0.4526858,0.14492805,-0.097262725
0.02838444,-0.21880004,-0.15090565,0.09394619,-0.23798634,-0.4223851,0.21312454,0.06881405
0.02332858,-0.19966668,-0.11280728,0.10518497,-0.19998457,-0.33744308,0.2539317,0.20052978
0.016454905,-0.13941309,-0.12166459,0.10531773,-0.14056338,-0.26915678,0.23907307,0.33356833
0.016222537,-0.05710327,-0.066673264,0.12698889,-0.089999035,-0.226127,0.2693318,0.45335543
0.079129465,0.02346833,-0.028896403,0.13837904,-0.043007955,-0.17552106,0.26152167,0.5102183
0.16666958,0.052219123,0.020003833,0.14134473,-0.03733945,-0.14467718,0.27714464,0.56548274
0.30403167,0.03499929,0.08585587,0.16729295,0.025002867,-0.095417246,0.30918962,0.529558
0.4264787,-0.02189985,0.17817885,0.13054925,0.04316184,-0.05673694,0.39794892,0.45270944
0.47299477,-0.027759418,0.29656196,0.10931072,0.11185145,-0.013281815,0.42945588,0.2869621
0.496716,0.031855915,0.43450615,0.03147182,0.16650763,0.006617576,0.50968397,0.05271413
0.47640768,0.1556938,0.5159371,-0.059933245,0.20600416,0.040823232,0.5118871,-0.17303121
0.3607908,0.27189913,0.47652343,-0.041844793,0.2308465,0.04747557,0.44448817,-0.38118562
0.1599885,0.25237495,0.47188914,-0.016207501,0.27525234,0.06556137,0.38586545,-0.44816297
0.010672897,0.08877273,0.48757908,-0.054148696,0.30939186,0.030301902,0.30039603,-0.42550206
-0.04945741,-0.14302781,0.38998193,-0.18204618,0.26893908,0.035152912,0.23756683,-0.36526173
-0.020785592,-0.36840397,0.16324311,-0.407223,0.22551793,0.010094361,0.23049557,-0.30554935
0.011337958,-0.47817358,-0.12645236,-0.49002594,0.18137988,0.046318874,0.1837008,-0.25669825
0.0678759,-0.49186197,-0.44550925,-0.3908247,0.23031381,0.083818406,0.17126083,-0.2066186
0.084386505,-0.41854122,-0.5939089,-0.15280421,0.28113788,0.060248982,0.18187265,-0.19409738
0.07789145,-0.39703113,-0.5755692,0.08031961,0.13007525,0.08173575,0.13775116,-0.1830265
0.11904142,-0.37177742,-0.43305802,0.20049632,-0.07061435,0.08471593,0.10004346,-0.1656093
0.097487025,-0.34999606,-0.2812039,0.25211564,-0.2607922,0.027926374,0.04491022,-0.18523252
0.11266599,-0.37660292,-0.10341901,0.2514992,-0.3327328,-0.05967208,-0.03412656,-0.1556991
0.13042152,-0.394406,0.0821543,0.20573798,-0.33159584,-0.12426318,-0.05964407,-0.11287096
0.0859837,-0.4688637,0.24116418,0.14688894,-0.17589007,-0.18785225,-0.052544173,-0.094271466
0.069402,-0.52134055,0.2757486,-0.01583092,-0.08766048,-0.22568837,-0.02033813,-0.027246207
0.004406877,-0.5882992,0.14585191,-0.18715248,-0.054379225,-0.14795224,-0.002543427,0.013155542
-0.092741124,-0.59615976,-0.12656283,-0.27171248,-0.11034998,-0.08474666,0.03476355,0.0772159
-0.2036762,-0.49931327,-0.4718534,-0.21088319,-0.12722865,-0.025396943,0.05022932,0.16448587
-0.2678401,-0.15230227,-0.6914997,-0.087592445,-0.12278098,0.04065772,0.075057715,0.2005969
-0.2731303,0.21137792,-0.75119936,-0.13309918,-0.19948162,0.09631319,0.07426999,0.2681427
-0.134352,0.50377405,-0.5808783,-0.2972246,-0.21125801,0.1963196,0.12754403,0.30270714
0.116921045,0.576194,-0.36278296,-0.39715162,-0.08666934,0.3346632,0.17734835,0.26226217
0.28831437,0.57256395,-0.20427148,-0.39574128,0.01863753,0.43749896,0.27297223,0.12515411
0.29744777,0.5428681,-0.17852074,-0.30586022,0.14744778,0.47329557,0.29941657,-0.13674022
0.19138345,0.48082575,-0.09620518,-0.2680317,0.18299916,0.49236473,0.17509401,-0.33793238
0.048612572,0.37893802,-0.0032712407,-0.19017792,0.19039938,0.4505949,0.04760987,-0.42822045
-0.03405024,0.2652527,0.036936603,-0.15124553,0.18188821,0.4506665,-0.14123932,-0.40972063
-0.021399707,0.083005175,0.05286282,-0.12299998,0.119586945,0.46110246,-0.28960383,-0.35309476
0.03787349,-0.021196619,0.028416581,-0.12290975,0.079384446,0.44476873,-0.41152084,-0.23969653
0.06392012,-0.09030896,0.0076298555,-0.1154533,-0.008071214,0.40144524,-0.48192662,-0.09501023
0.0011397973,-0.09503432,-0.03938539,-0.14215158,-0.012870885,0.32235122,-0.49372905,-0.0070691705
-0.092010185,-0.11492542,-0.10314046,-0.123761885,-0.066903815,0.28428876,-0.4490646,0.07773744
-0.21794039,-0.080042236,-0.22277953,-0.093344375,-0.10139784,0.20559368,-0.43553653,0.117081486
-0.28301713,0.014084622,-0.2747107,-0.08268237,-0.15604864,0.14134607,-0.41154546,0.101530336
-0.36147413,0.1189178,-0.33848536,-0.05929602,-0.20918192,0.05901309,-0.4044321,0.041659452
-0.39665994,0.19301033,-0.30974317,-0.09578496,-0.25832874,-0.0153978765,-0.41244024,-0.032315142
-0.39483222,0.21435198,-0.28392217,-0.103209905,-0.2824064,-0.108525306,-0.41038477,-0.10095849
-0.35129374,0.16383249,-0.26262763,-0.07354151,-0.29935443,-0.19388779,-0.3800363,-0.2235769
-0.31607974,0.08315297,-0.29198372,-0.036110505,-0.29491705,-0.28418013,-0.30871353,-0.3039344
-0.24854144,-0.028007343,-0.32628933,-0.029614098,-0.31668234,-0.32908928,-0.18672806,-0.32938305
-0.19643363,-0.056921847,-0.37684935,-0.048946723,-0.2977488,-0.31360772,-0.07647501,-0.2635335
-0.21472365,-0.061958797,-0.42536375,-0.044154547,-0.33371747,-0.3016827,0.029157043,-0.16100271
-0.20734924,-0.007773645,-0.48338825,-0.052211292,-0.33969128,-0.22735012,0.05691033,-0.03973024
-0.18929446,0.13877222,-0.48608717,-0.13013011,-0.36428517,-0.14958604,0.06983748,0.08312143
-0.13773152,0.29367393,-0.44853437,-0.20182765,-0.39363587,-0.06415649,0.084449485,0.1620799
-0.07214286,0.38647676,-0.36225507,-0.2235702,-0.37711364,0.10101195,0.045796704,0.21106797
0.058317937,0.4350748,-0.2245548,-0.22244114,-0.3418988,0.20187941,0.05656947,0.20713791
0.18546954,0.41864192,-0.16150962,-0.1868158,-0.3583243,0.3253065,-0.0076564923,0.18269226
0.2186119,0.41570002,-0.09266377,-0.10814882,-0.32956862,0.34693477,-0.066168636,0.13701189
0.24646375,0.37454787,-0.095355295,-0.020501181,-0.406034,0.34969795,-0.14389117,0.15725029
0.2741805,0.32525486,-0.11360951,0.059091553,-0.47286832,0.26349723,-0.21975967,0.15051416
0.23769045,0.3117093,-0.11879378,0.12302849,-0.52339196,0.08479678,-0.31577414,0.20198095
0.1768134,0.29740262,-0.112808436,0.18314895,-0.5402204,-0.18089834,-0.3009604,0.22675425
0.16894284,0.2741776,-0.12716079,0.2690767,-0.46984506,-0.41246086,-0.23328575,0.22969398
0.16129202,0.2930933,-0.108063005,0.3010169,-0.28181082,-0.59947157,-0.15646535,0.22775668
0.14342263,0.2660378,-0.12542059,0.33465603,-0.02268371,-0.67679286,-0.14780459,0.22136113
0.13822806,0.2665892,-0.13416956,0.34244353,0.28837985,-0.64970756,-0.23768276,0.22555989
0.10852673,0.2534722,-0.13310009,0.35240337,0.49446833,-0.4630426,-0.35990337,0.17425299
0.05426202,0.25555867,-0.114707895,0.322695,0.5860854,-0.23329294,-0.44965804,0.09888307
-0.026992444,0.20886037,-0.106442995,0.33516124,0.5640416,-0.014519654,-0.34954816,0.061949454
-0.020919703,0.24851274,-0.09636926,0.27326688,0.43650675,0.10821761,-0.21044874,0.09095328
-0.023360215,0.24306771,-0.05251008,0.2895074,0.30874038,0.17023307,-0.097209424,0.11319754
-0.019603416,0.20554554,-0.042923484,0.28094646,0.13523243,0.208786,0.011000492,0.11914169
-0.01509627,0.20861137,-0.02324028,0.3082898,0.0053807795,0.18489271,0.07558566,0.118711434
0.0067922547,0.16674632,-0.01918646,0.3387879,-0.12919737,0.1552424,0.096985996,0.11901667
0.035135776,0.13082218,0.046867672,0.41318536,-0.19412233,0.09278883,0.0977816,0.12158611
0.043136336,0.12357556,0.068927474,0.46881884,-0.17972283,0.014066782,0.07666027,0.12316007
0.04705379,0.07517226,0.13683373,0.4965037,-0.118992165,-0.038938068,0.05952148,0.15929633
0.024133734,0.04754912,0.2578315,0.48879737,0.06483382,-0.10348946,0.11804822,0.2001451
0.045566164,0.009243324,0.29375252,0.40405673,0.29087365,-0.091104,0.13923524,0.26046517
0.057343535,-0.05514039,0.38714677,0.2157532,0.44687098,-0.04447387,0.23169082,0.27214164
0.0786143,-0.106377,0.37693667,-0.085471004,0.51400083,-0.06973473,0.29560432,0.29483652
0.109335564,-0.12642133,0.32457307,-0.31752306,0.45341653,-0.16419047,0.3653037,0.33148003
0.12825033,-0.12836587,0.19323406,-0.49660102,0.3058204,-0.22455487,0.36188462,0.4046758
0.1993922,-0.115344636,0.040561486,-0.5673119,0.13233879,-0.19531421,0.33754343,0.45456237
0.23892748,-0.0910727,-0.065577395,-0.55070263,0.024924919,-0.100472555,0.350107,0.450678
0.29165745,-0.12669319,-0.16000633,-0.51103425,0.032315433,0.022134196,0.4293756,0.37860036
0.3412073,-0.15433365,-0.210094,-0.4554213,0.08843915,0.11419511,0.5598995,0.2369366
0.35691163,-0.1936731,-0.24223953,-0.4358427,0.14761597,0.16765098,0.6061628,-0.019086502
0.3151793,-0.20992035,-0.29832238,-0.3570239,0.2587694,0.19984664,0.59013367,-0.2756173
0.22995833,-0.20783105,-0.29975903,-0.30070895,0.2813323,0.15708205,0.49052608,-0.4620593
0.17338401,-0.22336215,-0.32207686,-0.25009787,0.2889042,0.11876528,0.3629852,-0.5178943
0.14371225,-0.23223573,-0.32268214,-0.15135829,0.25668323,0.087044574,0.26732188,-0.55677444
0.21466321,-0.26932427,-0.33055198,-0.0746026,0.20237479,0.10621821,0.14327149,-0.5560329
0.27392086,-0.30411303,-0.23553744,-0.042202607,0.11088452,0.106853455,0.0072301663,-0.5665613
0.41856536,-0.22344822,-0.078300394,-0.054438606,0.04320567,0.11865285,-0.13455714,-0.56280476
0.5121311,-0.08194261,0.087368056,-0.06660584,-0.0034670457,0.08556712,-0.2809352,-0.4976725
0.5775045,0.07832616,0.19751194,-0.04122538,-0.016239718,0.08464563,-0.39369497,-0.35749173
0.58390564,0.26165423,0.22342212,0.031415626,-0.028443664,0.065244325,-0.4067813,-0.15700601
0.55130225,0.31674644,0.16608196,0.15461332,0.01337599,0.006871365,-0.39834788,-0.0017938316
0.50739676,0.34984243,0.07891067,0.22570688,0.04930517,-0.071165085,-0.36061907,0.10120609
0.46328542,0.32673076,-0.0016470505,0.2806692,0.06196273,-0.10770498,-0.333715,0.1804879
0.40717208,0.25967628,-0.06675074,0.3223204,0.081595995,-0.11907472,-0.28773656,0.2180058
0.36897486,0.24385923,-0.083811134,0.33673766,0.08532909,-0.123203054,-0.22873902,0.25192288
0.31727347,0.17461756,-0.026230473,0.34138298,0.14634457,-0.16231526,-0.1612431,0.26070118
0.30248693,0.13687554,-0.006896115,0.33246037,0.19801955,-0.13426721,-0.13120133,0.26552388
0.25528002,0.11216997,0.07313875,0.324583,0.2302098,-0.10368259,-0.07415262,0.26857147
0.22607675,0.089635976,0.15022767,0.26066312,0.313999,-0.054047994,-0.020978931,0.26405033
0.23102817,0.06388676,0.17029193,0.20367816,0.3529859,-0.007106252,0.08199158,0.25969324
0.24690285,0.0384975,0.23444003,0.09120503,0.39502925,0.013768971,0.18284829,0.22797775
0.26610985,0.03802893,0.28384677,-0.035594672,0.43072414,-0.003649272,0.29560155,0.16599101
0.30049375,0.03356564,0.30269003,-0.18999109,0.37975013,-0.035653196,0.37044427,0.11292263
0.30562985,0.0060339235,0.33473486,-0.3131074,0.3071788,-0.0909476,0.43837422,0.046875097
0.32637072,0.02620142,0.29122862,-0.36825985,0.18449345,-0.10368468,0.45536262,0.0020620674
0.31792912,0.029138815,0.26750827,-0.39648166,0.07353347,-0.07801067,0.44936273,-0.08371768
0.27572313,0.054660913,0.25692847,-0.41743794,-0.0066012293,0.01727531,0.39569667,-0.13672334
0.24402952,0.011470206,0.22585398,-0.3556744,-0.049833328,0.16629517,0.3153659,-0.23796895
0.18990552,-0.049302876,0.15809205,-0.30618733,-0.052227885,0.2832649,0.17072731,-0.34028965
0.16370925,-0.09009043,0.13600358,-0.33483404,-0.054154947,0.3535825,-0.056644928,-0.3768361
0.21006292,-0.124291815,0.08978964,-0.33024597,-0.026692167,0.3753251,-0.25141025,-0.35297266
0.2820937,-0.13527611,0.02784982,-0.30402005,-0.022886187,0.38392934,-0.40345198,-0.22854602
0.26357484,-0.1276151,0.023274574,-0.3572701,0.010412738,0.37506688,-0.46249163,-0.019992948
0.17619798,-0.14728138,-0.05472022,-0.33558834,0.039886534,0.36408958,-0.39756978,0.103285305
0.026047118,-0.144209,-0.16184814,-0.32456264,0.117263556,0.33884704,-0.29081327,0.1843164
-0.09423658,-0.07050993,-0.27451152,-0.29671344,0.15158749,0.35591507,-0.10570896,0.21348396
-0.10798575,0.05884392,-0.35075337,-0.25568068,0.21156879,0.37342253,0.025128279,0.19731137
-0.075319596,0.1592411,-0.37114435,-0.2021429,0.23620349,0.34399143,0.2300072,0.17946309
-0.007105358,0.2215665,-0.32990563,-0.1846728,0.16134474,0.3452436,0.34508055,0.10708643
0.055007942,0.23598796,-0.29823664,-0.14762649,0.13840656,0.3972702,0.42976248,-0.015776224
0.0489422,0.23010886,-0.23736821,-0.13695255,0.077403404,0.36496115,0.42324224,-0.16779114
-0.007874496,0.1754713,-0.221553,-0.11588356,0.027649246,0.42397767,0.26663515,-0.24994218
-0.06357942,0.11786347,-0.20951012,-0.083583266,-0.063668564,0.44857934,0.07100195,-0.32652265
-0.05988352,0.032074668,-0.22818568,-0.062608235,-0.17151953,0.47467753,-0.14536226,-0.3341415
-0.014078632,-0.05769425,-0.24581403,-0.044323936,-0.24345098,0.39674863,-0.42618206,-0.24786156
0.012184404,-0.090937786,-0.24129245,0.014119759,-0.32606995,0.19919094,-0.5661718,-0.14835984
-0.0018967763,-0.09883415,-0.21170624,-0.010186896,-0.40027463,-0.029077739,-0.696297,-0.09249688
0.0312915,-0.08512416,-0.21503203,0.028140262,-0.43063956,-0.2786837,-0.619479,-0.17723624
0.11387899,-0.13532826,-0.16874102,0.052120313,-0.37297595,-0.46795604,-0.43273324,-0.27164656
0.1918517,-0.19729453,-0.14647806,0.07155305,-0.27598172,-0.5587013,-0.17148189,-0.32757276
0.23344931,-0.20455414,-0.043756034,0.07201299,-0.16407113,-0.583676,0.015397474,-0.22808453
0.21695796,-0.2289997,0.062395062,0.01599677,-0.0071036816,-0.53597224,0.14954971,-0.14404398
0.18060783,-0.2500786,0.10862247,-0.034699507,0.07381223,-0.47452143,0.2164626,0.012447797
0.14232633,-0.25550345,0.105127476,-0.1388348,0.098762155,-0.40482813,0.19260827,0.16945454
0.060898878,-0.26241955,0.059224293,-0.20892917,0.03965111,-0.33385375,0.17491591,0.2596905
-0.02337483,-0.21791682,-0.062413808,-0.25298578,0.0039822906,-0.2689805,0.14529765,0.33950025
-0.077613205,-0.09151464,-0.1936476,-0.2228267,-0.0070059374,-0.20421425,0.1492335,0.4526748
-0.05940496,0.074312635,-0.23410441,-0.20783699,-0.024006024,-0.1428322,0.16704467,0.5037516
0.05269528,0.23495504,-0.2261488,-0.14697921,-0.049058586,-0.069178805,0.2137249,0.5845717
0.28360364,0.25129363,-0.21111546,-0.1477029,-0.064896,0.025594736,0.298556,0.5258888
0.46217313,0.15570414,-0.15708865,-0.11314258,-0.07949802,0.16359049,0.39018613,0.3551727
0.54278004,0.059611704,-0.08461652,-0.0728953,-0.15447895,0.25082177,0.43086883,0.040395968
0.48520204,0.077536985,-0.018369175,-0.011269383,-0.21525295,0.35306242,0.25665057,-0.31994814
0.43939838,0.14639378,0.047851466,0.03723888,-0.28415,0.4030992,-0.05455782,-0.42747712
0.4105463,0.22995189,0.07134724,0.13413349,-0.37354362,0.25277156,-0.35907272,-0.3257308
0.42207274,0.25649932,0.039556738,0.27758992,-0.38582265,-0.03134419,-0.53007835,-0.14768901
0.39173672,0.24918255,0.027841974,0.38857603,-0.26998127,-0.32325143,-0.5117265,-0.038391944
0.33479548,0.26999837,-0.0065360544,0.4539529,0.0074692518,-0.493678,-0.3981089,-0.052011676
0.30296054,0.2640671,0.008881313,0.4732536,0.37599844,-0.45183054,-0.36219943,-0.07259689
0.30237713,0.22373533,-0.0065589575,0.4472885,0.5350013,-0.26078004,-0.33508417,-0.06848886
0.26569977,0.19868857,0.01819856,0.36350778,0.62526083,-0.02652648,-0.2895361,-0.0427145
0.2125049,0.19177106,0.048437577,0.28661588,0.5750269,0.13140553,-0.19433442,-0.0044357553
0.1942316,0.16217361,0.07221601,0.23754495,0.4484192,0.22586398,-0.03549887,0.010483846
0.17462778,0.1289559,0.11219866,0.1689752,0.3462506,0.2795197,0.08490187,-0.018807296
0.15419993,0.08192223,0.14397976,0.11385977,0.23481667,0.29403275,0.14397155,-0.10658039
0.13676095,0.011155702,0.18230584,0.06523386,0.1995089,0.29816988,0.1447268,-0.14926296
0.12693477,-0.07318815,0.23362201,0.0143574625,0.13348931,0.30015695,0.115493625,-0.2115221
0.12722749,-0.1355193,0.2251324,-0.030493826,0.09272879,0.28793386,0.051068086,-0.2584763
0.12543672,-0.22219744,0.19346614,-0.17721891,0.06296394,0.29982418,-0.081825525,-0.25411996
0.18246087,-0.25702402,0.112376615,-0.24387652,0.0281035,0.32331568,-0.15766135,-0.2194427
0.2191585,-0.30647853,0.064749464,-0.33430314,0.06348016,0.31964284,-0.24044418,-0.18053764
0.22338355,-0.3110589,-0.041185107,-0.37373823,0.07436286,0.34994966,-0.2825567,-0.09879288
0.16706589,-0.3017644,-0.12295858,-0.37852055,0.12059008,0.35412124,-0.269508,-0.04166219
0.1094578,-0.31711435,-0.29451585,-0.3535595,0.17610759,0.3625797,-0.17188783,0.043045707
0.013615973,-0.26743412,-0.39257497,-0.23571466,0.31669593,0.34129032,-0.07816571,0.050707333
-0.014494315,-0.16113126,-0.51286036,-0.13092618,0.24927826,0.34348884,0.045320995,0.026110008
-0.03280037,-0.09566655,-0.54906297,-0.010914862,0.124681726,0.3295877,0.10050914,-0.009454101
-0.0368208,0.00018592924,-0.5104316,0.03766799,-0.11352883,0.356374,0.100469485,-0.00465443
-0.06712434,0.08235339,-0.4963426,0.045602918,-0.26943928,0.3346031,-0.014962144,-0.019308988
-0.06825255,0.14931405,-0.4487505,-0.010924086,-0.43623555,0.30024105,-0.13555169,-0.011552304
-0.10797093,0.20331049,-0.4176072,-0.11493784,-0.47686398,0.21970768,-0.30874237,0.006315671
-0.11317038,0.2748962,-0.38614786,-0.15223831,-0.5203838,0.10120325,-0.4104154,0.0118894875
-0.13945511,0.30303085,-0.31572294,-0.19411376,-0.5233191,-0.05445967,-0.479285,-0.005466044
-0.1525211,0.31861973,-0.23576047,-0.18746208,-0.5333817,-0.1807612,-0.46431166,-0.055173002
-0.15799049,0.27128205,-0.14039586,-0.13780724,-0.49858057,-0.28123784,-0.3925507,-0.16561997
-0.14845394,0.19706789,-0.10790132,-0.065957084,-0.48968387,-0.3710943,-0.29128322,-0.20575154
-0.11145499,0.065564275,-0.11429169,-0.014633164,-0.44730633,-0.40405938,-0.113538235,-0.20654076
-0.17522311,-0.012106203,-0.139678,0.0364189,-0.38801152,-0.39994916,0.034857795,-0.10388314
-0.1409933,-0.029465608,-0.12984236,0.06131424,-0.3297813,-0.3684458,0.14165664,0.05682244
-0.14436978,0.025845088,-0.15359133,0.103253305,-0.24125083,-0.31250182,0.20100461,0.23210242
-0.1070501,0.12818968,-0.14913186,0.1264602,-0.25556338,-0.2705574,0.18912008,0.3522456
0.019306242,0.21192235,-0.12948221,0.15606174,-0.2021638,-0.22913983,0.20399965,0.46071607
0.20651433,0.24914426,-0.1138278,0.17161942,-0.19892801,-0.20928481,0.17190251,0.51075447
0.34526297,0.19542602,-0.099816956,0.22650364,-0.16086312,-0.18601772,0.22258243,0.4734009
0.46871355,0.10635635,-0.041457955,0.24473932,-0.12730804,-0.16753305,0.2148359,0.4474513
0.50673485,0.045680627,0.06265553,0.2693319,-0.031958207,-0.1457173,0.2265917,0.3380869
0.5309791,-0.014245398,0.25883707,0.25611535,0.071087256,-0.13051145,0.2427235,0.24197322
0.5285585,0.021191414,0.40859058,0.18277043,0.22953591,-0.115563884,0.25460178,0.1498299
0.523227,0.12818512,0.50943536,0.05010529,0.39477164,-0.12080084,0.29591545,0.023047403
0.5059293,0.271198,0.4990569,-0.067178756,0.45871657,-0.12694548,0.34486648,-0.099466756
0.43575767,0.3686814,0.45941982,-0.0665732,0.463116,-0.17466754,0.3254149,-0.19428165
0.35507372,0.43581995,0.37514305,-0.045493387,0.5175601,-0.19936144,0.32198888,-0.23636997
0.24466103,0.3886995,0.32976428,-0.05219172,0.54507667,-0.23688239,0.32502246,-0.20356889
0.18332943,0.3456746,0.301403,-0.054655366,0.5725978,-0.3046512,0.30107206,-0.08110134
0.1919524,0.3057999,0.29794303,-0.10662355,0.575098,-0.3748346,0.27764297,0.013222866
0.20424807,0.25056347,0.3382235,-0.17530212,0.5532332,-0.40133557,0.19596866,0.13302177
0.259172,0.22484729,0.35023424,-0.25151047,0.4844224,-0.4374115,0.07897492,0.19933516
0.27739242,0.21284685,0.34022954,-0.27925897,0.34376448,-0.439713,-0.041469436,0.2361472
0.30358735,0.17463061,0.33969963,-0.27974075,0.16815029,-0.40185446,-0.08602524,0.26962006
0.25918165,0.18800288,0.31586206,-0.22326177,0.08697391,-0.35211995,-0.13465084,0.27942222
0.21845677,0.14822134,0.3326757,-0.17499822,0.01913476,-0.33345228,-0.1275191,0.29717493
0.13948736,0.10905543,0.34897918,-0.120282665,-0.01728402,-0.29850367,-0.14765322,0.28730652
0.10476295,0.09725755,0.33871445,-0.105114326,0.012821294,-0.26517195,-0.14580339,0.31944636
0.031111285,0.052037884,0.31349888,-0.06824449,0.05625838,-0.2633805,-0.13728218,0.31851837
-0.019070067,0.014508735,0.28655142,-0.10674793,0.077359274,-0.24309146,-0.12530692,0.32625085
-0.1245423,0.006989993,0.21242902,-0.13351342,0.05476012,-0.23588902,-0.11138138,0.3251474
-0.21903747,0.0028686002,0.1540764,-0.12757993,0.06139235,-0.20078014,-0.088464886,0.36048993
-0.23655519,0.090710446,0.08172976,-0.1256252,0.06118352,-0.14910649,-0.06605506,0.3917935
-0.19290861,0.18061197,0.07578377,-0.11679179,0.027164951,-0.088207826,-0.0184686,0.4678653
-0.117649555,0.26091924,0.10709806,-0.036663987,0.040746137,-0.096557125,0.06196859,0.47257823
0.051470406,0.32281017,0.09604012,0.08854297,0.03975767,-0.05275464,0.14457619,0.54321676
0.29932448,0.31774253,0.09734557,0.13018838,0.06312768,-0.030799232,0.21855369,0.49433184
0.49717173,0.24246883,0.07275062,0.18531182,0.07885461,0.0130316615,0.31611207,0.39182314
0.582816,0.17886087,0.09146022,0.21701053,0.08217168,0.0017600022,0.38432986,0.20659626
0.5946769,0.24175298,0.103572026,0.25176308,0.09874275,0.04561611,0.38629532,-0.05242209
0.5074301,0.31879827,0.06052456,0.28678617,0.08753531,0.056111116,0.32668647,-0.33840322
0.32429296,0.38824138,-0.042667225,0.35502994,0.046971463,0.082643256,0.2689087,-0.47900054
0.1561751,0.3288214,-0.08524059,0.40814775,-0.024031192,0.06659066,0.10990077,-0.4890135
0.019715212,0.242381,-0.102044694,0.44534087,-0.114828706,-0.0037209317,-0.006171137,-0.4502468
-0.021796137,0.124336906,-0.08265596,0.4823634,-0.15404628,-0.08930273,-0.07868476,-0.40552202
-0.0065124333,-0.009477366,-0.0024086796,0.5085102,-0.08814749,-0.20523569,-0.041136872,-0.31062517
0.0039618686,-0.13829046,0.11731292,0.43868738,0.09306856,-0.24395505,0.01123976,-0.27361813
0.021375895,-0.2727763,0.2253709,0.28359202,0.3092906,-0.20587535,0.013792556,-0.19009826
0.015480004,-0.38912198,0.2834044,-0.0017885864,0.47371745,-0.16540837,0.023384813,-0.12537833
-0.0054785386,-0.46583202,0.1290119,-0.31771263,0.3931132,-0.17964645,0.05179533,-0.04704026
-0.040100962,-0.50388366,-0.20378885,-0.40600887,0.33452475,-0.1925159,0.09062925,0.03295265
-0.11549314,-0.39456365,-0.5115444,-0.30046177,0.29296553,-0.20150661,0.0691388,0.12824139
-0.15407558,-0.13362557,-0.6541441,-0.09651564,0.26703143,-0.19799745,0.09973338,0.2302379
-0.16397129,0.14967418,-0.6911662,0.020876065,0.12245968,-0.1504523,0.15431972,0.32430932
-0.01010967,0.37973115,-0.6246708,-0.012591831,0.030284688,-0.12527552,0.17023629,0.4172764
0.23867151,0.44523013,-0.54424363,-0.120559365,-0.022252277,-0.052092247,0.21580917,0.42337936
0.45076343,0.33664802,-0.54652876,-0.21145324,-0.035945833,0.036298465,0.26537815,0.33896962
0.5688156,0.1814987,-0.5189698,-0.25603572,-0.02346398,0.114244886,0.31092343,0.14038509
0.5471873,0.047148474,-0.43420884,-0.23345608,-0.020001829,0.22723919,0.27368066,-0.13131614
0.49846336,0.04014895,-0.35500586,-0.20915347,0.021023057,0.31687093,0.14890265,-0.33363125
0.43527076,0.050400466,-0.27521718,-0.18158929,-0.003404528,0.3254231,-0.069588944,-0.44794828
0.450326,0.09409106,-0.19128112,-0.1321914,-0.06013076,0.33260825,-0.2634025,-0.38550463
0.4424835,0.1382481,-0.14312732,-0.113888904,-0.08496088,0.2654491,-0.4326853,-0.22299659
0.4325051,0.1239943,-0.08834191,-0.07905017,-0.12402403,0.21371338,-0.49965048,-0.006785676
0.331706,0.10720347,-0.042196207,-0.038930647,-0.17145605,0.105223715,-0.49314797,0.1722444
0.23432437,0.09136196,-0.0063439626,0.023366958,-0.21215914,-0.0332385,-0.4397913,0.23605531
0.07100383,0.06749736,0.010433271,0.07116811,-0.20315932,-0.11681734,-0.40703553,0.24087435
-0.048842065,0.068564005,0.054502346,0.15368265,-0.12642324,-0.2632578,-0.37362468,0.1947279
-0.1303151,0.060342275,0.043011144,0.14635345,-0.029746428,-0.290285,-0.34129056,0.15623856
-0.2047073,0.04824434,0.052498188,0.13924792,0.08305646,-0.32856098,-0.3261645,0.07886814
-0.25380233,-0.031725742,0.0126712555,0.13801423,0.17762026,-0.30812794,-0.2980764,0.03468334
-0.2838339,-0.0742471,-0.034178264,0.10212614,0.256598,-0.28929844,-0.26662582,-0.03675829
-0.3242311,-0.13485304,-0.14033215,0.0724867,0.27450758,-0.2241343,-0.25349066,-0.029554572
-0.32411665,-0.13025746,-0.23518358,0.07043539,0.2429428,-0.20307603,-0.2237719,-0.038731765
-0.34757334,-0.10088556,-0.31438234,0.09298603,0.17004226,-0.15081717,-0.15648545,-0.03539574
-0.36791065,-0.028926365,-0.40841752,0.15561286,0.08886694,-0.1331029,-0.14079255,-0.034326416
-0.32927015,0.085959025,-0.406415,0.16955563,-0.0024231821,-0.12728892,-0.12009236,0.007515885
-0.3304428,0.2234872,-0.38150296,0.17342553,-0.0814967,-0.17781416,-0.075881466,0.0430433
-0.33454815,0.32041794,-0.3543778,0.13734534,-0.15717743,-0.21077299,-0.084139824,0.063153155
-0.2882889,0.41773307,-0.23020874,0.13607368,-0.19336571,-0.2187944,-0.036007997,0.16885996
-0.17015332,0.5082299,-0.15267003,0.14457822,-0.17778768,-0.2474913,-0.027807627,0.22321537
-0.0033435598,0.53777295,-0.12599126,0.1969715,-0.16327606,-0.23746511,0.007539019,0.28132516
0.156739,0.5538299,-0.150244,0.27226228,-0.1025316,-0.27718058,0.00085248053,0.3038988
0.3311122,0.50993776,-0.29541495,0.26292446,-0.06331213,-0.29551947,-0.025262889,0.3185941
0.45584115,0.3666885,-0.4333977,0.17592987,-0.10364026,-0.30106646,-0.007345345,0.37299067
0.49335155,0.22967786,-0.4546093,0.15577024,-0.1435243,-0.29934344,-0.0031188354,0.31945634
0.49957213,0.071383476,-0.35334986,0.13233301,-0.17989479,-0.3108717,-0.028685208,0.28934392
0.4333491,-0.068420194,-0.19638878,0.13081542,-0.14301772,-0.3294097,0.029232796,0.30728507
0.33716765,-0.15083584,-0.01992092,0.16495681,-0.08424012,-0.31463617,0.0014354028,0.3105954
0.24698046,-0.15267354,0.123737544,0.11888586,0.023378551,-0.31539023,-0.003959514,0.32489377
0.12927735,-0.156883,0.16516703,0.05410123,0.10546695,-0.29818356,-0.048149522,0.35000947
-0.01237756,-0.10653555,0.19286132,-0.0602568,0.16637589,-0.2646349,-0.042498488,0.38445765
-0.119064875,-0.080239154,0.108006544,-0.10115996,0.1808393,-0.23615807,-0.04273011,0.40388802
-0.21714416,0.039987464,0.020928815,-0.1652485,0.14996876,-0.22515789,-0.052777614,0.4650364
-0.20349976,0.17270459,-0.055354174,-0.14403826,0.14281979,-0.18591017,-0.035840165,0.4987703
-0.14555377,0.3103138,0.034948543,-0.1020212,0.06618513,-0.15316054,-0.008428864,0.5073567
0.07317922,0.36690608,0.03590741,-0.03897892,0.09065208,-0.11871645,0.04739433,0.5922759
0.314954,0.38079828,0.04185093,0.08157258,0.09277196,-0.091332674,0.1143495,0.5626271
0.52499896,0.28373498,-0.00883392,0.11357167,0.11735478,-0.06554289,0.20182365,0.47609717
0.633993,0.19103178,-0.0031435275,0.15200895,0.11914027,-0.022105552,0.26231608,0.3261078
0.67510724,0.1384204,0.101377055,0.1713816,0.117163256,-0.0023450963,0.32102865,0.060479186
0.6507305,0.19849765,0.16582483,0.14962387,0.09779127,0.00790732,0.30150226,-0.12900302
0.52785015,0.32194635,0.12277944,0.22629416,0.12089544,0.028709762,0.27047604,-0.33515346
0.3689182,0.4054817,0.009115837,0.27689645,0.110844046,0.050960083,0.22250861,-0.4687053
0.15706155,0.36638835,-0.0552566,0.3185462,0.061816193,0.05826325,0.101099506,-0.50476056
0.04851348,0.2562107,-0.10630682,0.35275403,-0.01871799,-0.008711748,0.020970853,-0.46943572
-0.025435671,0.16469422,-0.071554214,0.4175821,-0.06823133,-0.03809631,-0.044253808,-0.40640366
-0.0050380975,0.027486796,-0.035929624,0.40270263,-0.1090772,-0.099999264,-0.08531563,-0.35579103
-0.023138016,-0.09267842,0.063797034,0.4028061,-0.0017618984,-0.16291632,-0.07697621,-0.29900146
0.008638829,-0.22412431,0.19480753,0.30591395,0.16108684,-0.16674569,-0.05767339,-0.2516885
0.056281723,-0.32797286,0.28408152,0.1004304,0.3114856,-0.13980725,-0.028685462,-0.14663717
0.08815383,-0.447457,0.24902874,-0.15644485,0.30595565,-0.12962046,0.0033434518,-0.14207739
0.054775752,-0.4883931,0.03695833,-0.33671325,0.26149532,-0.10985251,0.0038783364,-0.07575385
0.05481469,-0.50492865,-0.22701596,-0.44746894,0.20070708,-0.08714257,0.043817032,-0.062159777
-0.005788274,-0.4653091,-0.493577,-0.30484128,0.20449454,-0.093294054,0.043697745,0.014134221
-0.03402502,-0.3415881,-0.6376909,-0.08108564,0.19829437,-0.03110411,0.082587644,0.037818626
-0.08157394,-0.1860002,-0.6648965,0.07972294,0.039520875,-0.022238053,0.10617688,0.106254645
-0.078448825,0.009569414,-0.6195201,0.15331724,-0.16437198,-0.021688532,0.1141925,0.1520626
-0.059495695,0.16219881,-0.5925619,0.110761866,-0.32633883,-0.0013582595,0.12580462,0.18543354
0.023196198,0.2861997,-0.5166074,-0.058234215,-0.41477913,0.06545698,0.12941256,0.2329629
0.11229863,0.34075856,-0.48590952,-0.16441567,-0.4560786,0.17207943,0.07318301,0.23024476
0.20949438,0.33845672,-0.3870129,-0.27482703,-0.4354102,0.31198478,0.031062253,0.17980939
0.27234846,0.34513816,-0.3213925,-0.328072,-0.3268627,0.44709635,-0.058159817,0.15395975
0.25857428,0.300295,-0.29307503,-0.29582855,-0.23591514,0.5094063,-0.107831776,0.113701425
0.28759545,0.28058222,-0.24002644,-0.28001428,-0.15486129,0.54694235,-0.1461787,0.14365265
0.23987356,0.25252485,-0.21855004,-0.24934259,-0.11597048,0.5364585,-0.10903913,0.14829525
0.26669732,0.26844612,-0.15908942,-0.22510245,-0.03222722,0.5672693,-0.078870624,0.1479148
0.2226046,0.22697145,-0.122252844,-0.18307018,-0.07368791,0.59095526,-0.04070888,0.082281195
0.2191355,0.17474571,-0.12192445,-0.13607354,-0.09658505,0.5914624,-0.036420237,0.039137624
0.21221355,0.16761342,-0.08329197,-0.110366724,-0.15930791,0.5758095,-0.098890245,0.027009375
0.17101535,0.13062799,-0.055531975,-0.027521998,-0.22742857,0.54894984,-0.20672923,0.0500812
0.12571111,0.13953173,-0.027632102,0.03713037,-0.32762855,0.43859264,-0.3061868,0.099299945
0.04249967,0.10675744,-0.005964552,0.11264062,-0.41356307,0.24794436,-0.3682617,0.16842437
-0.06373061,0.12483891,-0.0038366634,0.17871806,-0.45864493,0.0061771534,-0.43569952,0.20659557
-0.14541054,0.11962216,0.010911179,0.28933787,-0.38502562,-0.27178904,-0.3788672,0.16091296
-0.2060413,0.06297222,0.06107678,0.3435351,-0.19800515,-0.42710915,-0.2925592,0.036234245
-0.24269783,-0.0039565116,0.03626512,0.34274858,0.13853443,-0.5063654,-0.23733646,-0.013898537
-0.28057086,-0.13616812,0.069912165,0.24921286,0.3942309,-0.42278588,-0.2698983,-0.058816176
-0.29185787,-0.24348667,-0.0025937622,0.15803242,0.53110063,-0.30670127,-0.27830374,-0.12352224
-0.25286725,-0.3361151,-0.11928292,0.048498556,0.5439435,-0.18573591,-0.2358216,-0.1134998
-0.2801923,-0.33311227,-0.27538478,0.038088262,0.48845017,-0.10573143,-0.20386764,-0.12462136
-0.24688506,-0.3107552,-0.372396,0.12499541,0.34902877,-0.035277173,-0.15448785,-0.14208949
-0.23970526,-0.2434561,-0.4478216,0.22011286,0.1734395,-0.0028701313,-0.11284888,-0.08277315
-0.2466332,-0.1377641,-0.4319355,0.29079652,-0.0112372935,-0.012497928,-0.11113398,-0.02409853
-0.26983026,-0.0468809,-0.4104476,0.3175639,-0.23881002,-0.07879481,-0.099933684,-0.025845435
-0.26991487,0.07300816,-0.38091344,0.25963247,-0.326639,-0.2111659,-0.09374556,0.035100788
-0.2898155,0.17543134,-0.3484109,0.24965271,-0.36797118,-0.29313082,-0.06446135,0.10494738
-0.25385585,0.30277297,-0.29644266,0.21397889,-0.32329273,-0.38807958,0.0051796474,0.20276043
-0.13250166,0.43584344,-0.26489502,0.20265186,-0.2841723,-0.39469537,0.045981728,0.30377033
0.03797225,0.5144622,-0.24262306,0.21215722,-0.2029746,-0.41560262,0.015644737,0.3844097
0.2725086,0.53477806,-0.31944004,0.19792685,-0.1218532,-0.42481038,-0.009886883,0.43501407
0.4279978,0.39544022,-0.40067247,0.15395167,-0.09186548,-0.43980613,-0.056256797,0.4575222
0.48025796,0.24596474,-0.4172302,0.08476177,-0.104286596,-0.45827648,-0.1324741,0.44387943
0.43214133,0.059880983,-0.35159296,0.086567596,-0.07647571,-0.4486642,-0.1727283,0.44679856
0.27587792,-0.02873265,-0.23791292,0.092975736,-0.020061895,-0.46123353,-0.25271887,0.42016596
0.10947295,0.0019765422,-0.19970463,0.094608456,0.03511855,-0.50314426,-0.30603096,0.41038018
-0.07383671,0.063101746,-0.1327707,0.104670376,0.07326059,-0.5074136,-0.37547997,0.31558245
-0.20469636,0.15238926,-0.13306198,0.15113685,0.1913994,-0.47088495,-0.44609222,0.20057046
-0.23309255,0.17670691,-0.12681763,0.13468865,0.27833253,-0.38975167,-0.42688078,-0.0019389391
-0.27340424,0.14639983,-0.1031074,0.13016152,0.34056342,-0.34208682,-0.42022833,-0.15097058
-0.2145341,-0.004382096,-0.112832725,0.16934097,0.3544137,-0.24311662,-0.38430125,-0.23860005
-0.14249706,-0.11295461,-0.13569629,0.102911755,0.36401266,-0.17376517,-0.33359852,-0.29373518
-0.040679105,-0.20844403,-0.15173288,0.09669471,0.3022763,-0.07557418,-0.30792028,-0.3021047
0.062156714,-0.25705212,-0.14693667,0.07839492,0.23985474,-0.06560723,-0.32744846,-0.26278302
0.13892785,-0.31709477,-0.09670747,0.027223557,0.19683117,-0.010325607,-0.28741875,-0.24880138
